source_key,network_code,network_name,network_color,sku,product_name,slug,brand,category,deal_type,monthly_price,cash_price,upfront_cost,contract_months,data_mb,voice_minutes,sms_count,speed_mbps,start_at,expires_at,stock_status,source_document,administrator_notes,verified_at,terms_url,published,featured,image_url,description,use_context,specifications_json
vodacom:DV6GD24554,vodacom,Vodacom,#E60000,DV6GD24554,Samsung Galaxy Z Flip8 256GB 5G  + Samsung 45w Charger  + FREE Silicone Magnet Case,dv6gd24554,Samsung,smartphone,device_contract,999,,,,,,,,,,in_stock,https://www.vodacom.co.za/shopping/deals,"Vodacom catalogue snapshot fetched on 2026-08-06; confirm partner pricing, stock, and terms before fulfilment.",2026-08-06T00:00:00Z,https://www.vodacom.co.za/shopping/deals,true,true,https://shop.vodacom.co.za/media/catalog/product/s/a/samsung_galaxy_z_flip8_256gb_5g_-_main_1__1.webp?store=shop&image-type=image,RED Core 3GB 100min ,both,"{""package"":""RED Core 3GB 100min "",""tariff"":406,""device_installment"":593,""source_sku"":""100024504"",""gallery"":[{""url"":""https://shop.vodacom.co.za/media/catalog/product/s/a/samsung_galaxy_z_flip8_256gb_5g_-_main_1__1.webp?store=shop&image-type=image"",""label"":""Samsung Galaxy Z Flip8 256GB 5G  + Samsung 45w Charger  + FREE Silicone Magnet Case""},{""url"":""https://shop.vodacom.co.za/media/catalog/product/s/a/samsung_galaxy_z_flip8_256gb_5g_-_main_1__1.webp?store=shop&image-type=small_image"",""label"":""Samsung Galaxy Z Flip8 256GB 5G  + Samsung 45w Charger  + FREE Silicone Magnet Case""}],""storage_options"":[""256GB""]}"
vodacom:DV6GD24720,vodacom,Vodacom,#E60000,DV6GD24720,Samsung Galaxy Z Fold8 256GB 5G  + Samsung 45w Charger  + FREE Wide Carbon Magnet Case,dv6gd24720,Samsung,smartphone,device_contract,1599,,,,,,,,,,in_stock,https://www.vodacom.co.za/shopping/deals,"Vodacom catalogue snapshot fetched on 2026-08-06; confirm partner pricing, stock, and terms before fulfilment.",2026-08-06T00:00:00Z,https://www.vodacom.co.za/shopping/deals,true,true,https://shop.vodacom.co.za/media/catalog/product/s/a/samsung_galaxy_z_fold8_256gb_5g_-_main_1__1.jpg?store=shop&image-type=image,RED Core 6GB 250min ,both,"{""package"":""RED Core 6GB 250min "",""tariff"":730,""device_installment"":869,""source_sku"":""100024509"",""gallery"":[{""url"":""https://shop.vodacom.co.za/media/catalog/product/s/a/samsung_galaxy_z_fold8_256gb_5g_-_main_1__1.jpg?store=shop&image-type=image"",""label"":""Samsung Galaxy Z Fold8 256GB 5G  + Samsung 45w Charger  + FREE Wide Carbon Magnet Case""},{""url"":""https://shop.vodacom.co.za/media/catalog/product/s/a/samsung_galaxy_z_fold8_256gb_5g_-_main_1__1.jpg?store=shop&image-type=small_image"",""label"":""Samsung Galaxy Z Fold8 256GB 5G  + Samsung 45w Charger  + FREE Wide Carbon Magnet Case""}],""storage_options"":[""256GB""]}"
vodacom:DV6GD24242,vodacom,Vodacom,#E60000,DV6GD24242,Samsung Galaxy Z Fold8 Ultra 512GB 5G  + Samsung 45w Charger  + FREE Carbon Magnet Case,dv6gd24242,Samsung,smartphone,device_contract,1849,,,,,,,,,,in_stock,https://www.vodacom.co.za/shopping/deals,"Vodacom catalogue snapshot fetched on 2026-08-06; confirm partner pricing, stock, and terms before fulfilment.",2026-08-06T00:00:00Z,https://www.vodacom.co.za/shopping/deals,true,true,https://shop.vodacom.co.za/media/catalog/product/s/a/samsung_galaxy_z_fold8_ultra_512gb_5g_-_top_2__1.jpg?store=shop&image-type=image,RED Core 6GB 250min ,both,"{""package"":""RED Core 6GB 250min "",""tariff"":730,""device_installment"":1119,""source_sku"":""100024507"",""gallery"":[{""url"":""https://shop.vodacom.co.za/media/catalog/product/s/a/samsung_galaxy_z_fold8_ultra_512gb_5g_-_top_2__1.jpg?store=shop&image-type=image"",""label"":""Samsung Galaxy Z Fold8 Ultra 512GB 5G  + Samsung 45w Charger  + FREE Carbon Magnet Case""},{""url"":""https://shop.vodacom.co.za/media/catalog/product/s/a/samsung_galaxy_z_fold8_ultra_512gb_5g_-_top_2__1.jpg?store=shop&image-type=small_image"",""label"":""Samsung Galaxy Z Fold8 Ultra 512GB 5G  + Samsung 45w Charger  + FREE Carbon Magnet Case""}],""storage_options"":[""512GB""]}"
vodacom:DV6HB00243,vodacom,Vodacom,#E60000,DV6HB00243,HONOR Pad X7 Wi-Fi 128GB with Cover + CHOICE MouseBuds  + 15GB Data SIM + HUAWEI E5783-230A CAT7 Mi-Fi Router  (Top Up),dv6hb00243,Honor,sim_only,sim_only,249,,,,,,,,,,in_stock,https://www.vodacom.co.za/shopping/deals,"Vodacom catalogue snapshot fetched on 2026-08-06; confirm partner pricing, stock, and terms before fulfilment.",2026-08-06T00:00:00Z,https://www.vodacom.co.za/shopping/deals,true,true,https://shop.vodacom.co.za/media/catalog/product/placeholder/stores/8/No_image.png,15GB Data Top up,both,"{""package"":""15GB Data Top up"",""tariff"":129,""device_installment"":120,""source_sku"":""100023566"",""gallery"":[{""url"":""https://shop.vodacom.co.za/media/catalog/product/placeholder/stores/8/No_image.png"",""label"":""HONOR Pad X7 Wi-Fi 128GB with Cover + CHOICE MouseBuds  + 15GB Data SIM + HUAWEI E5783-230A CAT7 Mi-Fi Router  (Top Up)""},{""url"":""https://shop.vodacom.co.za/media/catalog/product/placeholder/stores/8/No_image_1.png"",""label"":""HONOR Pad X7 Wi-Fi 128GB with Cover + CHOICE MouseBuds  + 15GB Data SIM + HUAWEI E5783-230A CAT7 Mi-Fi Router  (Top Up)""}],""storage_options"":[""128GB""]}"
vodacom:DV6HB00028,vodacom,Vodacom,#E60000,DV6HB00028,Samsung Galaxy A27 128GB 5G,dv6hb00028,Samsung,smartphone,device_contract,329,,,,,,,,,,in_stock,https://www.vodacom.co.za/shopping/deals,"Vodacom catalogue snapshot fetched on 2026-08-06; confirm partner pricing, stock, and terms before fulfilment.",2026-08-06T00:00:00Z,https://www.vodacom.co.za/shopping/deals,true,true,https://shop.vodacom.co.za/media/catalog/product/placeholder/stores/8/No_image.png,RED Core 1GB 50min ,both,"{""package"":""RED Core 1GB 50min "",""tariff"":276,""device_installment"":53,""source_sku"":""100024159"",""gallery"":[{""url"":""https://shop.vodacom.co.za/media/catalog/product/placeholder/stores/8/No_image.png"",""label"":""Samsung Galaxy A27 128GB 5G""},{""url"":""https://shop.vodacom.co.za/media/catalog/product/placeholder/stores/8/No_image_1.png"",""label"":""Samsung Galaxy A27 128GB 5G""}],""storage_options"":[""128GB""]}"
vodacom:DV6HB00203,vodacom,Vodacom,#E60000,DV6HB00203,HONOR Pad X9a 128GB 4G with KeyBoard + CHOICE MouseBuds   (Top Up),dv6hb00203,Honor,tablet,device_contract,349,,,,,,,,,,in_stock,https://www.vodacom.co.za/shopping/deals,"Vodacom catalogue snapshot fetched on 2026-08-06; confirm partner pricing, stock, and terms before fulfilment.",2026-08-06T00:00:00Z,https://www.vodacom.co.za/shopping/deals,true,true,https://shop.vodacom.co.za/media/catalog/product/placeholder/stores/8/No_image.png,15GB Data Top up,both,"{""package"":""15GB Data Top up"",""tariff"":129,""device_installment"":220,""source_sku"":""100023697"",""gallery"":[{""url"":""https://shop.vodacom.co.za/media/catalog/product/placeholder/stores/8/No_image.png"",""label"":""HONOR Pad X9a 128GB 4G with KeyBoard + CHOICE MouseBuds   (Top Up)""},{""url"":""https://shop.vodacom.co.za/media/catalog/product/placeholder/stores/8/No_image_1.png"",""label"":""HONOR Pad X9a 128GB 4G with KeyBoard + CHOICE MouseBuds   (Top Up)""}],""storage_options"":[""128GB""]}"
vodacom:DV6HB00230,vodacom,Vodacom,#E60000,DV6HB00230,Redmi 17 256GB 4G + Redmi Buds 6 Active + Smart Band 9 Active,dv6hb00230,Redmi,accessory,accessory,399,,,,,,,,,,in_stock,https://www.vodacom.co.za/shopping/deals,"Vodacom catalogue snapshot fetched on 2026-08-06; confirm partner pricing, stock, and terms before fulfilment.",2026-08-06T00:00:00Z,https://www.vodacom.co.za/shopping/deals,true,true,https://shop.vodacom.co.za/media/catalog/product/placeholder/stores/8/No_image.png,RED Core 1GB 50min ,both,"{""package"":""RED Core 1GB 50min "",""tariff"":276,""device_installment"":123,""source_sku"":""100024698"",""gallery"":[{""url"":""https://shop.vodacom.co.za/media/catalog/product/placeholder/stores/8/No_image.png"",""label"":""Redmi 17 256GB 4G + Redmi Buds 6 Active + Smart Band 9 Active""},{""url"":""https://shop.vodacom.co.za/media/catalog/product/placeholder/stores/8/No_image_1.png"",""label"":""Redmi 17 256GB 4G + Redmi Buds 6 Active + Smart Band 9 Active""}],""storage_options"":[""256GB""]}"
vodacom:DV6HB00029,vodacom,Vodacom,#E60000,DV6HB00029,Samsung Galaxy A27 128GB 5G,dv6hb00029,Samsung,smartphone,device_contract,449,,,,,,,,,,in_stock,https://www.vodacom.co.za/shopping/deals,"Vodacom catalogue snapshot fetched on 2026-08-06; confirm partner pricing, stock, and terms before fulfilment.",2026-08-06T00:00:00Z,https://www.vodacom.co.za/shopping/deals,true,true,https://shop.vodacom.co.za/media/catalog/product/placeholder/stores/8/No_image.png,RED Core 3GB 100min ,both,"{""package"":""RED Core 3GB 100min "",""tariff"":406,""device_installment"":43,""source_sku"":""100024159"",""gallery"":[{""url"":""https://shop.vodacom.co.za/media/catalog/product/placeholder/stores/8/No_image.png"",""label"":""Samsung Galaxy A27 128GB 5G""},{""url"":""https://shop.vodacom.co.za/media/catalog/product/placeholder/stores/8/No_image_1.png"",""label"":""Samsung Galaxy A27 128GB 5G""}],""storage_options"":[""128GB""]}"
vodacom:DV6HB00231,vodacom,Vodacom,#E60000,DV6HB00231,Redmi 17 256GB 4G + Redmi Buds 6 Active + Smart Band 9 Active,dv6hb00231,Redmi,accessory,accessory,519,,,,,,,,,,in_stock,https://www.vodacom.co.za/shopping/deals,"Vodacom catalogue snapshot fetched on 2026-08-06; confirm partner pricing, stock, and terms before fulfilment.",2026-08-06T00:00:00Z,https://www.vodacom.co.za/shopping/deals,true,false,https://shop.vodacom.co.za/media/catalog/product/placeholder/stores/8/No_image.png,RED Core 3GB 100min ,both,"{""package"":""RED Core 3GB 100min "",""tariff"":406,""device_installment"":113,""source_sku"":""100024698"",""gallery"":[{""url"":""https://shop.vodacom.co.za/media/catalog/product/placeholder/stores/8/No_image.png"",""label"":""Redmi 17 256GB 4G + Redmi Buds 6 Active + Smart Band 9 Active""},{""url"":""https://shop.vodacom.co.za/media/catalog/product/placeholder/stores/8/No_image_1.png"",""label"":""Redmi 17 256GB 4G + Redmi Buds 6 Active + Smart Band 9 Active""}],""storage_options"":[""256GB""]}"
vodacom:DV6HB00240,vodacom,Vodacom,#E60000,DV6HB00240,Apple iPad 11-inch Wi-Fi 128GB (A16 chip) + AirPods 4 + 15GB Data SIM + HUAWEI E5783-230A CAT7 Mi-Fi Router  (Top Up),dv6hb00240,Apple,sim_only,sim_only,549,,,,,,,,,,in_stock,https://www.vodacom.co.za/shopping/deals,"Vodacom catalogue snapshot fetched on 2026-08-06; confirm partner pricing, stock, and terms before fulfilment.",2026-08-06T00:00:00Z,https://www.vodacom.co.za/shopping/deals,true,false,https://shop.vodacom.co.za/media/catalog/product/placeholder/stores/8/No_image.png,15GB Data Top up,both,"{""package"":""15GB Data Top up"",""tariff"":129,""device_installment"":420,""source_sku"":""100023000"",""gallery"":[{""url"":""https://shop.vodacom.co.za/media/catalog/product/placeholder/stores/8/No_image.png"",""label"":""Apple iPad 11-inch Wi-Fi 128GB (A16 chip) + AirPods 4 + 15GB Data SIM + HUAWEI E5783-230A CAT7 Mi-Fi Router  (Top Up)""},{""url"":""https://shop.vodacom.co.za/media/catalog/product/placeholder/stores/8/No_image_1.png"",""label"":""Apple iPad 11-inch Wi-Fi 128GB (A16 chip) + AirPods 4 + 15GB Data SIM + HUAWEI E5783-230A CAT7 Mi-Fi Router  (Top Up)""}],""storage_options"":[""128GB""]}"
vodacom:DV6HB00269,vodacom,Vodacom,#E60000,DV6HB00269,Apple iPhone 15 128GB 5G + Apple iPad 11-inch Wi-Fi 128GB (A16 chip),dv6hb00269,Apple,smartphone,device_contract,949,,,,,,,,,,in_stock,https://www.vodacom.co.za/shopping/deals,"Vodacom catalogue snapshot fetched on 2026-08-06; confirm partner pricing, stock, and terms before fulfilment.",2026-08-06T00:00:00Z,https://www.vodacom.co.za/shopping/deals,true,false,https://shop.vodacom.co.za/media/catalog/product/placeholder/stores/8/No_image.png,RED Core 1GB 50min ,both,"{""package"":""RED Core 1GB 50min "",""tariff"":276,""device_installment"":673,""source_sku"":""100021503"",""gallery"":[{""url"":""https://shop.vodacom.co.za/media/catalog/product/placeholder/stores/8/No_image.png"",""label"":""Apple iPhone 15 128GB\u00a05G + Apple iPad 11-inch Wi-Fi 128GB (A16 chip)""},{""url"":""https://shop.vodacom.co.za/media/catalog/product/placeholder/stores/8/No_image_1.png"",""label"":""Apple iPhone 15 128GB\u00a05G + Apple iPad 11-inch Wi-Fi 128GB (A16 chip)""}],""storage_options"":[""128GB""]}"
vodacom:DV6HB00270,vodacom,Vodacom,#E60000,DV6HB00270,Apple iPhone 15 128GB 5G + Apple iPad 11-inch Wi-Fi 128GB (A16 chip),dv6hb00270,Apple,smartphone,device_contract,1069,,,,,,,,,,in_stock,https://www.vodacom.co.za/shopping/deals,"Vodacom catalogue snapshot fetched on 2026-08-06; confirm partner pricing, stock, and terms before fulfilment.",2026-08-06T00:00:00Z,https://www.vodacom.co.za/shopping/deals,true,false,https://shop.vodacom.co.za/media/catalog/product/placeholder/stores/8/No_image.png,RED Core 3GB 100min ,both,"{""package"":""RED Core 3GB 100min "",""tariff"":406,""device_installment"":663,""source_sku"":""100021503"",""gallery"":[{""url"":""https://shop.vodacom.co.za/media/catalog/product/placeholder/stores/8/No_image.png"",""label"":""Apple iPhone 15 128GB\u00a05G + Apple iPad 11-inch Wi-Fi 128GB (A16 chip)""},{""url"":""https://shop.vodacom.co.za/media/catalog/product/placeholder/stores/8/No_image_1.png"",""label"":""Apple iPhone 15 128GB\u00a05G + Apple iPad 11-inch Wi-Fi 128GB (A16 chip)""}],""storage_options"":[""128GB""]}"
vodacom:DV6H10DACJ,vodacom,Vodacom,#E60000,DV6H10DACJ,Apple iPhone 15 128GB 5G,dv6h10dacj,Apple,smartphone,device_contract,699,,,,,,,,,,in_stock,https://www.vodacom.co.za/shopping/deals,"Vodacom catalogue snapshot fetched on 2026-08-06; confirm partner pricing, stock, and terms before fulfilment.",2026-08-06T00:00:00Z,https://www.vodacom.co.za/shopping/deals,true,false,https://shop.vodacom.co.za/media/catalog/product/placeholder/stores/8/No_image.png,RED Core 3GB 100min ,both,"{""package"":""RED Core 3GB 100min "",""tariff"":406,""device_installment"":293,""source_sku"":""100021503"",""gallery"":[{""url"":""https://shop.vodacom.co.za/media/catalog/product/placeholder/stores/8/No_image.png"",""label"":""Apple iPhone 15 128GB\u00a05G""},{""url"":""https://shop.vodacom.co.za/media/catalog/product/placeholder/stores/8/No_image_1.png"",""label"":""Apple iPhone 15 128GB\u00a05G""}],""storage_options"":[""128GB""]}"
vodacom:DV6H10DACI,vodacom,Vodacom,#E60000,DV6H10DACI,Apple iPhone 15 128GB 5G,dv6h10daci,Apple,smartphone,device_contract,579,,,,,,,,,,in_stock,https://www.vodacom.co.za/shopping/deals,"Vodacom catalogue snapshot fetched on 2026-08-06; confirm partner pricing, stock, and terms before fulfilment.",2026-08-06T00:00:00Z,https://www.vodacom.co.za/shopping/deals,true,false,https://shop.vodacom.co.za/media/catalog/product/placeholder/stores/8/No_image.png,RED Core 1GB 50min ,both,"{""package"":""RED Core 1GB 50min "",""tariff"":276,""device_installment"":303,""source_sku"":""100021503"",""gallery"":[{""url"":""https://shop.vodacom.co.za/media/catalog/product/placeholder/stores/8/No_image.png"",""label"":""Apple iPhone 15 128GB\u00a05G""},{""url"":""https://shop.vodacom.co.za/media/catalog/product/placeholder/stores/8/No_image_1.png"",""label"":""Apple iPhone 15 128GB\u00a05G""}],""storage_options"":[""128GB""]}"
vodacom:DV6H10DADN,vodacom,Vodacom,#E60000,DV6H10DADN,200GB Data SIM + HUAWEI E5783-230A CAT7 Mi-Fi Router  (Top Up),dv6h10dadn,Vodacom,sim_only,sim_only,329,,,,,,,,,,in_stock,https://www.vodacom.co.za/shopping/deals,"Vodacom catalogue snapshot fetched on 2026-08-06; confirm partner pricing, stock, and terms before fulfilment.",2026-08-06T00:00:00Z,https://www.vodacom.co.za/shopping/deals,true,false,https://shop.vodacom.co.za/media/catalog/product/placeholder/stores/8/No_image.png,200GB Data Top up,both,"{""package"":""200GB Data Top up"",""tariff"":329,""device_installment"":null,""source_sku"":""100020978"",""gallery"":[{""url"":""https://shop.vodacom.co.za/media/catalog/product/placeholder/stores/8/No_image.png"",""label"":""200GB Data SIM + HUAWEI E5783-230A CAT7 Mi-Fi Router  (Top Up)""},{""url"":""https://shop.vodacom.co.za/media/catalog/product/placeholder/stores/8/No_image_1.png"",""label"":""200GB Data SIM + HUAWEI E5783-230A CAT7 Mi-Fi Router  (Top Up)""}],""storage_options"":[]}"
vodacom:DV6H10DABF,vodacom,Vodacom,#E60000,DV6H10DABF,Samsung Galaxy A27 128GB 5G,dv6h10dabf,Samsung,smartphone,device_contract,349,,,,,,,,,,in_stock,https://www.vodacom.co.za/shopping/deals,"Vodacom catalogue snapshot fetched on 2026-08-06; confirm partner pricing, stock, and terms before fulfilment.",2026-08-06T00:00:00Z,https://www.vodacom.co.za/shopping/deals,true,false,https://shop.vodacom.co.za/media/catalog/product/placeholder/stores/8/No_image.png,RED Core 1GB 50min ,both,"{""package"":""RED Core 1GB 50min "",""tariff"":276,""device_installment"":73,""source_sku"":""100024159"",""gallery"":[{""url"":""https://shop.vodacom.co.za/media/catalog/product/placeholder/stores/8/No_image.png"",""label"":""Samsung Galaxy A27 128GB 5G""},{""url"":""https://shop.vodacom.co.za/media/catalog/product/placeholder/stores/8/No_image_1.png"",""label"":""Samsung Galaxy A27 128GB 5G""}],""storage_options"":[""128GB""]}"
vodacom:DV6H10DABG,vodacom,Vodacom,#E60000,DV6H10DABG,Samsung Galaxy A27 128GB 5G,dv6h10dabg,Samsung,smartphone,device_contract,469,,,,,,,,,,in_stock,https://www.vodacom.co.za/shopping/deals,"Vodacom catalogue snapshot fetched on 2026-08-06; confirm partner pricing, stock, and terms before fulfilment.",2026-08-06T00:00:00Z,https://www.vodacom.co.za/shopping/deals,true,false,https://shop.vodacom.co.za/media/catalog/product/placeholder/stores/8/No_image.png,RED Core 3GB 100min ,both,"{""package"":""RED Core 3GB 100min "",""tariff"":406,""device_installment"":63,""source_sku"":""100024159"",""gallery"":[{""url"":""https://shop.vodacom.co.za/media/catalog/product/placeholder/stores/8/No_image.png"",""label"":""Samsung Galaxy A27 128GB 5G""},{""url"":""https://shop.vodacom.co.za/media/catalog/product/placeholder/stores/8/No_image_1.png"",""label"":""Samsung Galaxy A27 128GB 5G""}],""storage_options"":[""128GB""]}"
vodacom:DV6HD17801,vodacom,Vodacom,#E60000,DV6HD17801,HONOR X7e 128GB 4G + Watch 2i + Buds X8i,dv6hd17801,Honor,smartphone,device_contract,279,,,,,,,,,,in_stock,https://www.vodacom.co.za/shopping/deals,"Vodacom catalogue snapshot fetched on 2026-08-06; confirm partner pricing, stock, and terms before fulfilment.",2026-08-06T00:00:00Z,https://www.vodacom.co.za/shopping/deals,true,false,https://shop.vodacom.co.za/media/catalog/product/placeholder/stores/8/No_image.png,RED Core 1GB 50min ,both,"{""package"":""RED Core 1GB 50min "",""tariff"":276,""device_installment"":3,""source_sku"":""100024272"",""gallery"":[{""url"":""https://shop.vodacom.co.za/media/catalog/product/placeholder/stores/8/No_image.png"",""label"":""HONOR X7e 128GB 4G + Watch 2i + Buds X8i""},{""url"":""https://shop.vodacom.co.za/media/catalog/product/placeholder/stores/8/No_image_1.png"",""label"":""HONOR X7e 128GB 4G + Watch 2i + Buds X8i""}],""storage_options"":[""128GB""]}"
vodacom:DV6HD17793,vodacom,Vodacom,#E60000,DV6HD17793,HUAWEI nova 15 Max 8/256GB,dv6hd17793,Huawei,smartphone,device_contract,399,,,,,,,,,,in_stock,https://www.vodacom.co.za/shopping/deals,"Vodacom catalogue snapshot fetched on 2026-08-06; confirm partner pricing, stock, and terms before fulfilment.",2026-08-06T00:00:00Z,https://www.vodacom.co.za/shopping/deals,true,false,https://shop.vodacom.co.za/media/catalog/product/placeholder/stores/8/No_image.png,RED Core 1GB 50min ,both,"{""package"":""RED Core 1GB 50min "",""tariff"":276,""device_installment"":123,""source_sku"":""100024395"",""gallery"":[{""url"":""https://shop.vodacom.co.za/media/catalog/product/placeholder/stores/8/No_image.png"",""label"":""HUAWEI nova 15 Max 8/256GB""},{""url"":""https://shop.vodacom.co.za/media/catalog/product/placeholder/stores/8/No_image_1.png"",""label"":""HUAWEI nova 15 Max 8/256GB""}],""storage_options"":[""256GB""]}"
vodacom:DV6HD17798,vodacom,Vodacom,#E60000,DV6HD17798,HUAWEI nova Y74 8/256GB,dv6hd17798,Huawei,smartphone,device_contract,299,,,,,,,,,,in_stock,https://www.vodacom.co.za/shopping/deals,"Vodacom catalogue snapshot fetched on 2026-08-06; confirm partner pricing, stock, and terms before fulfilment.",2026-08-06T00:00:00Z,https://www.vodacom.co.za/shopping/deals,true,false,https://shop.vodacom.co.za/media/catalog/product/placeholder/stores/8/No_image.png,RED Core 1GB 50min ,both,"{""package"":""RED Core 1GB 50min "",""tariff"":276,""device_installment"":23,""source_sku"":""100024396"",""gallery"":[{""url"":""https://shop.vodacom.co.za/media/catalog/product/placeholder/stores/8/No_image.png"",""label"":""HUAWEI nova Y74 8/256GB""},{""url"":""https://shop.vodacom.co.za/media/catalog/product/placeholder/stores/8/No_image_1.png"",""label"":""HUAWEI nova Y74 8/256GB""}],""storage_options"":[""256GB""]}"
vodacom:DV6HD17799,vodacom,Vodacom,#E60000,DV6HD17799,HUAWEI nova Y74S 8/128GB,dv6hd17799,Huawei,smartphone,device_contract,249,,,,,,,,,,in_stock,https://www.vodacom.co.za/shopping/deals,"Vodacom catalogue snapshot fetched on 2026-08-06; confirm partner pricing, stock, and terms before fulfilment.",2026-08-06T00:00:00Z,https://www.vodacom.co.za/shopping/deals,true,false,https://shop.vodacom.co.za/media/catalog/product/placeholder/stores/8/No_image.png,RED Core 1GB 50min ,both,"{""package"":""RED Core 1GB 50min "",""tariff"":249,""device_installment"":null,""source_sku"":""100024397"",""gallery"":[{""url"":""https://shop.vodacom.co.za/media/catalog/product/placeholder/stores/8/No_image.png"",""label"":""HUAWEI nova Y74S 8/128GB""},{""url"":""https://shop.vodacom.co.za/media/catalog/product/placeholder/stores/8/No_image_1.png"",""label"":""HUAWEI nova Y74S 8/128GB""}],""storage_options"":[""128GB""]}"
vodacom:DV6HD10325,vodacom,Vodacom,#E60000,DV6HD10325,OPPO Pad SE 128GB  (Top Up),dv6hd10325,Oppo,tablet,device_contract,249,,,,,,,,,,in_stock,https://www.vodacom.co.za/shopping/deals,"Vodacom catalogue snapshot fetched on 2026-08-06; confirm partner pricing, stock, and terms before fulfilment.",2026-08-06T00:00:00Z,https://www.vodacom.co.za/shopping/deals,true,false,https://shop.vodacom.co.za/media/catalog/product/placeholder/stores/8/No_image.png,15GB Data Top up,both,"{""package"":""15GB Data Top up"",""tariff"":129,""device_installment"":120,""source_sku"":""100023886"",""gallery"":[{""url"":""https://shop.vodacom.co.za/media/catalog/product/placeholder/stores/8/No_image.png"",""label"":""OPPO Pad SE 128GB  (Top Up)""},{""url"":""https://shop.vodacom.co.za/media/catalog/product/placeholder/stores/8/No_image_1.png"",""label"":""OPPO Pad SE 128GB  (Top Up)""}],""storage_options"":[""128GB""]}"
vodacom:DV6HD17718,vodacom,Vodacom,#E60000,DV6HD17718,Realme C75 256GB 4G DS,dv6hd17718,Realme,smartphone,device_contract,299,,,,,,,,,,in_stock,https://www.vodacom.co.za/shopping/deals,"Vodacom catalogue snapshot fetched on 2026-08-06; confirm partner pricing, stock, and terms before fulfilment.",2026-08-06T00:00:00Z,https://www.vodacom.co.za/shopping/deals,true,false,https://shop.vodacom.co.za/media/catalog/product/placeholder/stores/8/No_image.png,RED Core 1GB 50min ,both,"{""package"":""RED Core 1GB 50min "",""tariff"":276,""device_installment"":23,""source_sku"":""100022903"",""gallery"":[{""url"":""https://shop.vodacom.co.za/media/catalog/product/placeholder/stores/8/No_image.png"",""label"":""Realme C75 256GB 4G DS""},{""url"":""https://shop.vodacom.co.za/media/catalog/product/placeholder/stores/8/No_image_1.png"",""label"":""Realme C75 256GB 4G DS""}],""storage_options"":[""256GB""]}"
vodacom:DV6HD20170,vodacom,Vodacom,#E60000,DV6HD20170,Samsung Galaxy A36 128GB 5G DS + Samsung Galaxy Tab A11 64GB 4G,dv6hd20170,Samsung,smartphone,device_contract,448,,,,,,,,,,in_stock,https://www.vodacom.co.za/shopping/deals,"Vodacom catalogue snapshot fetched on 2026-08-06; confirm partner pricing, stock, and terms before fulfilment.",2026-08-06T00:00:00Z,https://www.vodacom.co.za/shopping/deals,true,false,https://shop.vodacom.co.za/media/catalog/product/placeholder/stores/8/No_image.png,RED Core 1GB 50min ,both,"{""package"":""RED Core 1GB 50min "",""tariff"":276,""device_installment"":172,""source_sku"":""100022716"",""gallery"":[{""url"":""https://shop.vodacom.co.za/media/catalog/product/placeholder/stores/8/No_image.png"",""label"":""Samsung Galaxy A36 128GB 5G DS + Samsung Galaxy Tab A11 64GB 4G""},{""url"":""https://shop.vodacom.co.za/media/catalog/product/placeholder/stores/8/No_image_1.png"",""label"":""Samsung Galaxy A36 128GB 5G DS + Samsung Galaxy Tab A11 64GB 4G""}],""storage_options"":[""64GB"",""128GB""]}"
vodacom:DV6HD09679,vodacom,Vodacom,#E60000,DV6HD09679,Samsung Galaxy A36 128GB 5G DS + Samsung Galaxy Tab A11 64GB 4G,dv6hd09679,Samsung,smartphone,device_contract,608,,,,,,,,,,in_stock,https://www.vodacom.co.za/shopping/deals,"Vodacom catalogue snapshot fetched on 2026-08-06; confirm partner pricing, stock, and terms before fulfilment.",2026-08-06T00:00:00Z,https://www.vodacom.co.za/shopping/deals,true,false,https://shop.vodacom.co.za/media/catalog/product/placeholder/stores/8/No_image.png,RED Core 1GB 50min ,both,"{""package"":""RED Core 1GB 50min "",""tariff"":276,""device_installment"":332,""source_sku"":""100022716"",""gallery"":[{""url"":""https://shop.vodacom.co.za/media/catalog/product/placeholder/stores/8/No_image.png"",""label"":""Samsung Galaxy A36 128GB 5G DS + Samsung Galaxy Tab A11 64GB 4G""},{""url"":""https://shop.vodacom.co.za/media/catalog/product/placeholder/stores/8/No_image_1.png"",""label"":""Samsung Galaxy A36 128GB 5G DS + Samsung Galaxy Tab A11 64GB 4G""}],""storage_options"":[""64GB"",""128GB""]}"
vodacom:DV6HD20167,vodacom,Vodacom,#E60000,DV6HD20167,Samsung Galaxy A37 256GB 5G + Samsung Galaxy Tab A11 64GB 4G,dv6hd20167,Samsung,smartphone,device_contract,548,,,,,,,,,,in_stock,https://www.vodacom.co.za/shopping/deals,"Vodacom catalogue snapshot fetched on 2026-08-06; confirm partner pricing, stock, and terms before fulfilment.",2026-08-06T00:00:00Z,https://www.vodacom.co.za/shopping/deals,true,false,https://shop.vodacom.co.za/media/catalog/product/placeholder/stores/8/No_image.png,RED Core 1GB 50min ,both,"{""package"":""RED Core 1GB 50min "",""tariff"":276,""device_installment"":272,""source_sku"":""100024075"",""gallery"":[{""url"":""https://shop.vodacom.co.za/media/catalog/product/placeholder/stores/8/No_image.png"",""label"":""Samsung Galaxy A37 256GB 5G + Samsung Galaxy Tab A11 64GB 4G""},{""url"":""https://shop.vodacom.co.za/media/catalog/product/placeholder/stores/8/No_image_1.png"",""label"":""Samsung Galaxy A37 256GB 5G + Samsung Galaxy Tab A11 64GB 4G""}],""storage_options"":[""64GB"",""256GB""]}"
vodacom:DV6HD09678,vodacom,Vodacom,#E60000,DV6HD09678,Samsung Galaxy A37 256GB 5G + Samsung Galaxy Tab A11 64GB 4G,dv6hd09678,Samsung,smartphone,device_contract,728,,,,,,,,,,in_stock,https://www.vodacom.co.za/shopping/deals,"Vodacom catalogue snapshot fetched on 2026-08-06; confirm partner pricing, stock, and terms before fulfilment.",2026-08-06T00:00:00Z,https://www.vodacom.co.za/shopping/deals,true,false,https://shop.vodacom.co.za/media/catalog/product/placeholder/stores/8/No_image.png,RED Core 1GB 50min ,both,"{""package"":""RED Core 1GB 50min "",""tariff"":276,""device_installment"":452,""source_sku"":""100024075"",""gallery"":[{""url"":""https://shop.vodacom.co.za/media/catalog/product/placeholder/stores/8/No_image.png"",""label"":""Samsung Galaxy A37 256GB 5G + Samsung Galaxy Tab A11 64GB 4G""},{""url"":""https://shop.vodacom.co.za/media/catalog/product/placeholder/stores/8/No_image_1.png"",""label"":""Samsung Galaxy A37 256GB 5G + Samsung Galaxy Tab A11 64GB 4G""}],""storage_options"":[""64GB"",""256GB""]}"
vodacom:DV6HD20166,vodacom,Vodacom,#E60000,DV6HD20166,Samsung Galaxy A57 256GB 5G + Samsung Galaxy Tab A11 64GB 4G,dv6hd20166,Samsung,smartphone,device_contract,628,,,,,,,,,,in_stock,https://www.vodacom.co.za/shopping/deals,"Vodacom catalogue snapshot fetched on 2026-08-06; confirm partner pricing, stock, and terms before fulfilment.",2026-08-06T00:00:00Z,https://www.vodacom.co.za/shopping/deals,true,false,https://shop.vodacom.co.za/media/catalog/product/placeholder/stores/8/No_image.png,RED Core 1GB 50min ,both,"{""package"":""RED Core 1GB 50min "",""tariff"":276,""device_installment"":352,""source_sku"":""100024076"",""gallery"":[{""url"":""https://shop.vodacom.co.za/media/catalog/product/placeholder/stores/8/No_image.png"",""label"":""Samsung Galaxy A57 256GB 5G + Samsung Galaxy Tab A11 64GB 4G""},{""url"":""https://shop.vodacom.co.za/media/catalog/product/placeholder/stores/8/No_image_1.png"",""label"":""Samsung Galaxy A57 256GB 5G + Samsung Galaxy Tab A11 64GB 4G""}],""storage_options"":[""64GB"",""256GB""]}"
vodacom:DV6HD09677,vodacom,Vodacom,#E60000,DV6HD09677,Samsung Galaxy A57 256GB 5G + Samsung Galaxy Tab A11 64GB 4G,dv6hd09677,Samsung,smartphone,device_contract,858,,,,,,,,,,in_stock,https://www.vodacom.co.za/shopping/deals,"Vodacom catalogue snapshot fetched on 2026-08-06; confirm partner pricing, stock, and terms before fulfilment.",2026-08-06T00:00:00Z,https://www.vodacom.co.za/shopping/deals,true,false,https://shop.vodacom.co.za/media/catalog/product/placeholder/stores/8/No_image.png,RED Core 1GB 50min ,both,"{""package"":""RED Core 1GB 50min "",""tariff"":276,""device_installment"":582,""source_sku"":""100024076"",""gallery"":[{""url"":""https://shop.vodacom.co.za/media/catalog/product/placeholder/stores/8/No_image.png"",""label"":""Samsung Galaxy A57 256GB 5G + Samsung Galaxy Tab A11 64GB 4G""},{""url"":""https://shop.vodacom.co.za/media/catalog/product/placeholder/stores/8/No_image_1.png"",""label"":""Samsung Galaxy A57 256GB 5G + Samsung Galaxy Tab A11 64GB 4G""}],""storage_options"":[""64GB"",""256GB""]}"
vodacom:DV6HD17736,vodacom,Vodacom,#E60000,DV6HD17736,Samsung Galaxy S25FE 128GB 5G,dv6hd17736,Samsung,smartphone,device_contract,529,,,,,,,,,,in_stock,https://www.vodacom.co.za/shopping/deals,"Vodacom catalogue snapshot fetched on 2026-08-06; confirm partner pricing, stock, and terms before fulfilment.",2026-08-06T00:00:00Z,https://www.vodacom.co.za/shopping/deals,true,false,https://shop.vodacom.co.za/media/catalog/product/placeholder/stores/8/No_image.png,RED Core 1GB 50min ,both,"{""package"":""RED Core 1GB 50min "",""tariff"":276,""device_installment"":253,""source_sku"":""100023372"",""gallery"":[{""url"":""https://shop.vodacom.co.za/media/catalog/product/placeholder/stores/8/No_image.png"",""label"":""Samsung Galaxy S25FE 128GB 5G""},{""url"":""https://shop.vodacom.co.za/media/catalog/product/placeholder/stores/8/No_image_1.png"",""label"":""Samsung Galaxy S25FE 128GB 5G""}],""storage_options"":[""128GB""]}"
vodacom:DV6HD17723,vodacom,Vodacom,#E60000,DV6HD17723,vivo Y29 256GB,dv6hd17723,Vivo,smartphone,device_contract,299,,,,,,,,,,in_stock,https://www.vodacom.co.za/shopping/deals,"Vodacom catalogue snapshot fetched on 2026-08-06; confirm partner pricing, stock, and terms before fulfilment.",2026-08-06T00:00:00Z,https://www.vodacom.co.za/shopping/deals,true,false,https://shop.vodacom.co.za/media/catalog/product/placeholder/stores/8/No_image.png,RED Core 1GB 50min ,both,"{""package"":""RED Core 1GB 50min "",""tariff"":276,""device_installment"":23,""source_sku"":""100023089"",""gallery"":[{""url"":""https://shop.vodacom.co.za/media/catalog/product/placeholder/stores/8/No_image.png"",""label"":""vivo Y29 256GB""},{""url"":""https://shop.vodacom.co.za/media/catalog/product/placeholder/stores/8/No_image_1.png"",""label"":""vivo Y29 256GB""}],""storage_options"":[""256GB""]}"
vodacom:DV6HB00192,vodacom,Vodacom,#E60000,DV6HB00192,Apple iPhone 16 128GB 5G,dv6hb00192,Apple,smartphone,device_contract,649,,,,,,,,,,in_stock,https://www.vodacom.co.za/shopping/deals,"Vodacom catalogue snapshot fetched on 2026-08-06; confirm partner pricing, stock, and terms before fulfilment.",2026-08-06T00:00:00Z,https://www.vodacom.co.za/shopping/deals,true,false,https://shop.vodacom.co.za/media/catalog/product/placeholder/stores/8/No_image.png,RED Core 1GB 50min ,both,"{""package"":""RED Core 1GB 50min "",""tariff"":276,""device_installment"":373,""source_sku"":""100022538"",""gallery"":[{""url"":""https://shop.vodacom.co.za/media/catalog/product/placeholder/stores/8/No_image.png"",""label"":""Apple iPhone 16 128GB 5G""},{""url"":""https://shop.vodacom.co.za/media/catalog/product/placeholder/stores/8/No_image_1.png"",""label"":""Apple iPhone 16 128GB 5G""}],""storage_options"":[""128GB""]}"
vodacom:DV6HB00193,vodacom,Vodacom,#E60000,DV6HB00193,Apple iPhone 16 128GB 5G,dv6hb00193,Apple,smartphone,device_contract,769,,,,,,,,,,in_stock,https://www.vodacom.co.za/shopping/deals,"Vodacom catalogue snapshot fetched on 2026-08-06; confirm partner pricing, stock, and terms before fulfilment.",2026-08-06T00:00:00Z,https://www.vodacom.co.za/shopping/deals,true,false,https://shop.vodacom.co.za/media/catalog/product/placeholder/stores/8/No_image.png,RED Core 3GB 100min ,both,"{""package"":""RED Core 3GB 100min "",""tariff"":406,""device_installment"":363,""source_sku"":""100022538"",""gallery"":[{""url"":""https://shop.vodacom.co.za/media/catalog/product/placeholder/stores/8/No_image.png"",""label"":""Apple iPhone 16 128GB 5G""},{""url"":""https://shop.vodacom.co.za/media/catalog/product/placeholder/stores/8/No_image_1.png"",""label"":""Apple iPhone 16 128GB 5G""}],""storage_options"":[""128GB""]}"
vodacom:DV6HB00340,vodacom,Vodacom,#E60000,DV6HB00340,Samsung Galaxy S25 Ultra 256GB 5G,dv6hb00340,Samsung,smartphone,device_contract,799,,,,,,,,,,in_stock,https://www.vodacom.co.za/shopping/deals,"Vodacom catalogue snapshot fetched on 2026-08-06; confirm partner pricing, stock, and terms before fulfilment.",2026-08-06T00:00:00Z,https://www.vodacom.co.za/shopping/deals,true,false,https://shop.vodacom.co.za/media/catalog/product/placeholder/stores/8/No_image.png,RED Core 1GB 50min ,both,"{""package"":""RED Core 1GB 50min "",""tariff"":276,""device_installment"":523,""source_sku"":""100022670"",""gallery"":[{""url"":""https://shop.vodacom.co.za/media/catalog/product/placeholder/stores/8/No_image.png"",""label"":""Samsung Galaxy S25 Ultra 256GB 5G""},{""url"":""https://shop.vodacom.co.za/media/catalog/product/placeholder/stores/8/No_image_1.png"",""label"":""Samsung Galaxy S25 Ultra 256GB 5G""}],""storage_options"":[""256GB""]}"
vodacom:DV6HB00341,vodacom,Vodacom,#E60000,DV6HB00341,Samsung Galaxy S25 Ultra 256GB 5G,dv6hb00341,Samsung,smartphone,device_contract,919,,,,,,,,,,in_stock,https://www.vodacom.co.za/shopping/deals,"Vodacom catalogue snapshot fetched on 2026-08-06; confirm partner pricing, stock, and terms before fulfilment.",2026-08-06T00:00:00Z,https://www.vodacom.co.za/shopping/deals,true,false,https://shop.vodacom.co.za/media/catalog/product/placeholder/stores/8/No_image.png,RED Core 3GB 100min ,both,"{""package"":""RED Core 3GB 100min "",""tariff"":406,""device_installment"":513,""source_sku"":""100022670"",""gallery"":[{""url"":""https://shop.vodacom.co.za/media/catalog/product/placeholder/stores/8/No_image.png"",""label"":""Samsung Galaxy S25 Ultra 256GB 5G""},{""url"":""https://shop.vodacom.co.za/media/catalog/product/placeholder/stores/8/No_image_1.png"",""label"":""Samsung Galaxy S25 Ultra 256GB 5G""}],""storage_options"":[""256GB""]}"
vodacom:DV6H50DACC,vodacom,Vodacom,#E60000,DV6H50DACC,HONOR X6d 256GB 5G  (Top Up),dv6h50dacc,Honor,smartphone,device_contract,299,,,,,,,,,,in_stock,https://www.vodacom.co.za/shopping/deals,"Vodacom catalogue snapshot fetched on 2026-08-06; confirm partner pricing, stock, and terms before fulfilment.",2026-08-06T00:00:00Z,https://www.vodacom.co.za/shopping/deals,true,false,https://shop.vodacom.co.za/media/catalog/product/placeholder/stores/8/No_image.png,RED Core 1GB 50min Top up,both,"{""package"":""RED Core 1GB 50min Top up"",""tariff"":292,""device_installment"":7,""source_sku"":""100024016"",""gallery"":[{""url"":""https://shop.vodacom.co.za/media/catalog/product/placeholder/stores/8/No_image.png"",""label"":""HONOR X6d 256GB 5G  (Top Up)""},{""url"":""https://shop.vodacom.co.za/media/catalog/product/placeholder/stores/8/No_image_1.png"",""label"":""HONOR X6d 256GB 5G  (Top Up)""}],""storage_options"":[""256GB""]}"
vodacom:DV6H50DACN,vodacom,Vodacom,#E60000,DV6H50DACN,HUAWEI nova 14i 256GB  (Top Up),dv6h50dacn,Huawei,smartphone,device_contract,329,,,,,,,,,,in_stock,https://www.vodacom.co.za/shopping/deals,"Vodacom catalogue snapshot fetched on 2026-08-06; confirm partner pricing, stock, and terms before fulfilment.",2026-08-06T00:00:00Z,https://www.vodacom.co.za/shopping/deals,true,false,https://shop.vodacom.co.za/media/catalog/product/placeholder/stores/8/No_image.png,RED Core 1GB 50min Top up,both,"{""package"":""RED Core 1GB 50min Top up"",""tariff"":292,""device_installment"":37,""source_sku"":""100023536"",""gallery"":[{""url"":""https://shop.vodacom.co.za/media/catalog/product/placeholder/stores/8/No_image.png"",""label"":""HUAWEI nova 14i 256GB  (Top Up)""},{""url"":""https://shop.vodacom.co.za/media/catalog/product/placeholder/stores/8/No_image_1.png"",""label"":""HUAWEI nova 14i 256GB  (Top Up)""}],""storage_options"":[""256GB""]}"
vodacom:DV6H50DACL,vodacom,Vodacom,#E60000,DV6H50DACL,HUAWEI nova Y74 8/256GB   (Top Up),dv6h50dacl,Huawei,smartphone,device_contract,349,,,,,,,,,,in_stock,https://www.vodacom.co.za/shopping/deals,"Vodacom catalogue snapshot fetched on 2026-08-06; confirm partner pricing, stock, and terms before fulfilment.",2026-08-06T00:00:00Z,https://www.vodacom.co.za/shopping/deals,true,false,https://shop.vodacom.co.za/media/catalog/product/placeholder/stores/8/No_image.png,RED Core 1GB 50min Top up,both,"{""package"":""RED Core 1GB 50min Top up"",""tariff"":292,""device_installment"":57,""source_sku"":""100024396"",""gallery"":[{""url"":""https://shop.vodacom.co.za/media/catalog/product/placeholder/stores/8/No_image.png"",""label"":""HUAWEI nova Y74 8/256GB   (Top Up)""},{""url"":""https://shop.vodacom.co.za/media/catalog/product/placeholder/stores/8/No_image_1.png"",""label"":""HUAWEI nova Y74 8/256GB   (Top Up)""}],""storage_options"":[""256GB""]}"
vodacom:DV6H50DACJ,vodacom,Vodacom,#E60000,DV6H50DACJ,HUAWEI nova Y74S 8/128GB   (Top Up),dv6h50dacj,Huawei,smartphone,device_contract,269,,,,,,,,,,in_stock,https://www.vodacom.co.za/shopping/deals,"Vodacom catalogue snapshot fetched on 2026-08-06; confirm partner pricing, stock, and terms before fulfilment.",2026-08-06T00:00:00Z,https://www.vodacom.co.za/shopping/deals,true,false,https://shop.vodacom.co.za/media/catalog/product/placeholder/stores/8/No_image.png,RED Core 1GB 50min Top up,both,"{""package"":""RED Core 1GB 50min Top up"",""tariff"":269,""device_installment"":null,""source_sku"":""100024397"",""gallery"":[{""url"":""https://shop.vodacom.co.za/media/catalog/product/placeholder/stores/8/No_image.png"",""label"":""HUAWEI nova Y74S 8/128GB   (Top Up)""},{""url"":""https://shop.vodacom.co.za/media/catalog/product/placeholder/stores/8/No_image_1.png"",""label"":""HUAWEI nova Y74S 8/128GB   (Top Up)""}],""storage_options"":[""128GB""]}"
vodacom:DV6H50DACQ,vodacom,Vodacom,#E60000,DV6H50DACQ,OPPO A6k 256GB  (Top Up),dv6h50dacq,Oppo,smartphone,device_contract,319,,,,,,,,,,in_stock,https://www.vodacom.co.za/shopping/deals,"Vodacom catalogue snapshot fetched on 2026-08-06; confirm partner pricing, stock, and terms before fulfilment.",2026-08-06T00:00:00Z,https://www.vodacom.co.za/shopping/deals,true,false,https://shop.vodacom.co.za/media/catalog/product/placeholder/stores/8/No_image.png,RED Core 1GB 50min Top up,both,"{""package"":""RED Core 1GB 50min Top up"",""tariff"":292,""device_installment"":27,""source_sku"":""100024405"",""gallery"":[{""url"":""https://shop.vodacom.co.za/media/catalog/product/placeholder/stores/8/No_image.png"",""label"":""OPPO A6k 256GB  (Top Up)""},{""url"":""https://shop.vodacom.co.za/media/catalog/product/placeholder/stores/8/No_image_1.png"",""label"":""OPPO A6k 256GB  (Top Up)""}],""storage_options"":[""256GB""]}"
vodacom:DV6H50DACM,vodacom,Vodacom,#E60000,DV6H50DACM,Redmi 15C 128GB,dv6h50dacm,Redmi,smartphone,device_contract,169,,,,,,,,,,out_of_stock,https://www.vodacom.co.za/shopping/deals,"Vodacom catalogue snapshot fetched on 2026-08-06; confirm partner pricing, stock, and terms before fulfilment.",2026-08-06T00:00:00Z,https://www.vodacom.co.za/shopping/deals,true,false,https://shop.vodacom.co.za/media/catalog/product/placeholder/stores/8/No_image.png,Red Flexi 170,both,"{""package"":""Red Flexi 170"",""tariff"":169,""device_installment"":null,""source_sku"":""100023280"",""gallery"":[{""url"":""https://shop.vodacom.co.za/media/catalog/product/placeholder/stores/8/No_image.png"",""label"":""Redmi 15C 128GB""},{""url"":""https://shop.vodacom.co.za/media/catalog/product/placeholder/stores/8/No_image_1.png"",""label"":""Redmi 15C 128GB""}],""storage_options"":[""128GB""]}"
vodacom:DV6H50DACR,vodacom,Vodacom,#E60000,DV6H50DACR,Samsung Galaxy A16 128GB DS,dv6h50dacr,Samsung,smartphone,device_contract,169,,,,,,,,,,in_stock,https://www.vodacom.co.za/shopping/deals,"Vodacom catalogue snapshot fetched on 2026-08-06; confirm partner pricing, stock, and terms before fulfilment.",2026-08-06T00:00:00Z,https://www.vodacom.co.za/shopping/deals,true,false,https://shop.vodacom.co.za/media/catalog/product/placeholder/stores/8/No_image.png,Red Flexi 170,both,"{""package"":""Red Flexi 170"",""tariff"":169,""device_installment"":null,""source_sku"":""100022483"",""gallery"":[{""url"":""https://shop.vodacom.co.za/media/catalog/product/placeholder/stores/8/No_image.png"",""label"":""Samsung Galaxy A16 128GB DS""},{""url"":""https://shop.vodacom.co.za/media/catalog/product/placeholder/stores/8/No_image_1.png"",""label"":""Samsung Galaxy A16 128GB DS""}],""storage_options"":[""128GB""]}"
vodacom:DV6H50DACP,vodacom,Vodacom,#E60000,DV6H50DACP,vivo Y05e 64GB 4G,dv6h50dacp,Vivo,smartphone,device_contract,169,,,,,,,,,,in_stock,https://www.vodacom.co.za/shopping/deals,"Vodacom catalogue snapshot fetched on 2026-08-06; confirm partner pricing, stock, and terms before fulfilment.",2026-08-06T00:00:00Z,https://www.vodacom.co.za/shopping/deals,true,false,https://shop.vodacom.co.za/media/catalog/product/placeholder/stores/8/No_image.png,Red Flexi 170,both,"{""package"":""Red Flexi 170"",""tariff"":169,""device_installment"":null,""source_sku"":""100024466"",""gallery"":[{""url"":""https://shop.vodacom.co.za/media/catalog/product/placeholder/stores/8/No_image.png"",""label"":""vivo Y05e 64GB 4G""},{""url"":""https://shop.vodacom.co.za/media/catalog/product/placeholder/stores/8/No_image_1.png"",""label"":""vivo Y05e 64GB 4G""}],""storage_options"":[""64GB""]}"
vodacom:DV6H50DACH,vodacom,Vodacom,#E60000,DV6H50DACH,vivo Y29 256GB  (Top Up),dv6h50dach,Vivo,smartphone,device_contract,329,,,,,,,,,,in_stock,https://www.vodacom.co.za/shopping/deals,"Vodacom catalogue snapshot fetched on 2026-08-06; confirm partner pricing, stock, and terms before fulfilment.",2026-08-06T00:00:00Z,https://www.vodacom.co.za/shopping/deals,true,false,https://shop.vodacom.co.za/media/catalog/product/placeholder/stores/8/No_image.png,RED Core 1GB 50min Top up,both,"{""package"":""RED Core 1GB 50min Top up"",""tariff"":292,""device_installment"":37,""source_sku"":""100023089"",""gallery"":[{""url"":""https://shop.vodacom.co.za/media/catalog/product/placeholder/stores/8/No_image.png"",""label"":""vivo Y29 256GB  (Top Up)""},{""url"":""https://shop.vodacom.co.za/media/catalog/product/placeholder/stores/8/No_image_1.png"",""label"":""vivo Y29 256GB  (Top Up)""}],""storage_options"":[""256GB""]}"
vodacom:DV6H50DACI,vodacom,Vodacom,#E60000,DV6H50DACI,vivo Y29 256GB  (Top Up),dv6h50daci,Vivo,smartphone,device_contract,469,,,,,,,,,,in_stock,https://www.vodacom.co.za/shopping/deals,"Vodacom catalogue snapshot fetched on 2026-08-06; confirm partner pricing, stock, and terms before fulfilment.",2026-08-06T00:00:00Z,https://www.vodacom.co.za/shopping/deals,true,false,https://shop.vodacom.co.za/media/catalog/product/placeholder/stores/8/No_image.png,RED Core 3GB 100min Top up ,both,"{""package"":""RED Core 3GB 100min Top up "",""tariff"":443,""device_installment"":26,""source_sku"":""100023089"",""gallery"":[{""url"":""https://shop.vodacom.co.za/media/catalog/product/placeholder/stores/8/No_image.png"",""label"":""vivo Y29 256GB  (Top Up)""},{""url"":""https://shop.vodacom.co.za/media/catalog/product/placeholder/stores/8/No_image_1.png"",""label"":""vivo Y29 256GB  (Top Up)""}],""storage_options"":[""256GB""]}"
vodacom:DV6GD24558,vodacom,Vodacom,#E60000,DV6GD24558,Samsung Galaxy Z Flip8 256GB 5G  + Samsung 45w Charger  + Galaxy Watch 9 44mm BT + FREE Silicone Magnet Case,dv6gd24558,Samsung,smartphone,device_contract,1128,,,,,,,,,,in_stock,https://www.vodacom.co.za/shopping/deals,"Vodacom catalogue snapshot fetched on 2026-08-06; confirm partner pricing, stock, and terms before fulfilment.",2026-08-06T00:00:00Z,https://www.vodacom.co.za/shopping/deals,true,false,https://shop.vodacom.co.za/media/catalog/product/s/a/samsung_galaxy_z_flip8_256gb_5g_-_main.webp?store=shop&image-type=image,RED Core 3GB 100min ,both,"{""package"":""RED Core 3GB 100min "",""tariff"":406,""device_installment"":722,""source_sku"":""100024504"",""gallery"":[{""url"":""https://shop.vodacom.co.za/media/catalog/product/s/a/samsung_galaxy_z_flip8_256gb_5g_-_main.webp?store=shop&image-type=image"",""label"":""Samsung Galaxy Z Flip8 256GB 5G  + Samsung 45w Charger  + Galaxy Watch 9 44mm BT + FREE Silicone Magnet Case""},{""url"":""https://shop.vodacom.co.za/media/catalog/product/s/a/samsung_galaxy_z_flip8_256gb_5g_-_main.webp?store=shop&image-type=small_image"",""label"":""Samsung Galaxy Z Flip8 256GB 5G  + Samsung 45w Charger  + Galaxy Watch 9 44mm BT + FREE Silicone Magnet Case""}],""storage_options"":[""256GB""]}"
vodacom:DV6GD24557,vodacom,Vodacom,#E60000,DV6GD24557,Samsung Galaxy Z Flip8 256GB 5G  + Samsung 45w Charger  + Galaxy Watch 9 40mm BT + FREE Silicone Magnet Case,dv6gd24557,Samsung,smartphone,device_contract,1128,,,,,,,,,,in_stock,https://www.vodacom.co.za/shopping/deals,"Vodacom catalogue snapshot fetched on 2026-08-06; confirm partner pricing, stock, and terms before fulfilment.",2026-08-06T00:00:00Z,https://www.vodacom.co.za/shopping/deals,true,false,https://shop.vodacom.co.za/media/catalog/product/s/a/samsung_galaxy_z_flip8_256gb_5g_-_main_1__1.jpg?store=shop&image-type=image,RED Core 3GB 100min ,both,"{""package"":""RED Core 3GB 100min "",""tariff"":406,""device_installment"":722,""source_sku"":""100024504"",""gallery"":[{""url"":""https://shop.vodacom.co.za/media/catalog/product/s/a/samsung_galaxy_z_flip8_256gb_5g_-_main_1__1.jpg?store=shop&image-type=image"",""label"":""Samsung Galaxy Z Flip8 256GB 5G  + Samsung 45w Charger  + Galaxy Watch 9 40mm BT + FREE Silicone Magnet Case""},{""url"":""https://shop.vodacom.co.za/media/catalog/product/s/a/samsung_galaxy_z_flip8_256gb_5g_-_main_1__1.jpg?store=shop&image-type=small_image"",""label"":""Samsung Galaxy Z Flip8 256GB 5G  + Samsung 45w Charger  + Galaxy Watch 9 40mm BT + FREE Silicone Magnet Case""}],""storage_options"":[""256GB""]}"
vodacom:DV6GD24556,vodacom,Vodacom,#E60000,DV6GD24556,Samsung Galaxy Z Flip8 256GB 5G  + FREE Silicone Magnet Case + Galaxy Watch 9 44mm LTE + Samsung 45w Charger,dv6gd24556,Samsung,smartphone,device_contract,1148,,,,,,,,,,in_stock,https://www.vodacom.co.za/shopping/deals,"Vodacom catalogue snapshot fetched on 2026-08-06; confirm partner pricing, stock, and terms before fulfilment.",2026-08-06T00:00:00Z,https://www.vodacom.co.za/shopping/deals,true,false,https://shop.vodacom.co.za/media/catalog/product/s/a/samsung_galaxy_z_flip8_256gb_5g_-_main_1__1.jpg?store=shop&image-type=image,RED Core 3GB 100min ,both,"{""package"":""RED Core 3GB 100min "",""tariff"":406,""device_installment"":742,""source_sku"":""100024504"",""gallery"":[{""url"":""https://shop.vodacom.co.za/media/catalog/product/s/a/samsung_galaxy_z_flip8_256gb_5g_-_main_1__1.jpg?store=shop&image-type=image"",""label"":""Samsung Galaxy Z Flip8 256GB 5G  + FREE Silicone Magnet Case + Galaxy Watch 9 44mm LTE + Samsung 45w Charger ""},{""url"":""https://shop.vodacom.co.za/media/catalog/product/s/a/samsung_galaxy_z_flip8_256gb_5g_-_main_1__1.jpg?store=shop&image-type=small_image"",""label"":""Samsung Galaxy Z Flip8 256GB 5G  + FREE Silicone Magnet Case + Galaxy Watch 9 44mm LTE + Samsung 45w Charger""}],""storage_options"":[""256GB""]}"
vodacom:DV6GD24713,vodacom,Vodacom,#E60000,DV6GD24713,Samsung Galaxy Z Fold8 512GB 5G + Samsung 45w Charger  + FREE Wide Carbon Magnet Case,dv6gd24713,Samsung,smartphone,device_contract,1649,,,,,,,,,,in_stock,https://www.vodacom.co.za/shopping/deals,"Vodacom catalogue snapshot fetched on 2026-08-06; confirm partner pricing, stock, and terms before fulfilment.",2026-08-06T00:00:00Z,https://www.vodacom.co.za/shopping/deals,true,false,https://shop.vodacom.co.za/media/catalog/product/s/a/samsung_galaxy_z_fold8_512gb_5g_-_main_1__1.jpg?store=shop&image-type=image,RED Core 6GB 250min ,both,"{""package"":""RED Core 6GB 250min "",""tariff"":730,""device_installment"":919,""source_sku"":""100024510"",""gallery"":[{""url"":""https://shop.vodacom.co.za/media/catalog/product/s/a/samsung_galaxy_z_fold8_512gb_5g_-_main_1__1.jpg?store=shop&image-type=image"",""label"":""Samsung Galaxy Z Fold8 512GB 5G + Samsung 45w Charger  + FREE Wide Carbon Magnet Case""},{""url"":""https://shop.vodacom.co.za/media/catalog/product/s/a/samsung_galaxy_z_fold8_512gb_5g_-_main_1__1.jpg?store=shop&image-type=small_image"",""label"":""Samsung Galaxy Z Fold8 512GB 5G + Samsung 45w Charger  + FREE Wide Carbon Magnet Case""}],""storage_options"":[""512GB""]}"
vodacom:DV6GD24724,vodacom,Vodacom,#E60000,DV6GD24724,Samsung Galaxy Z Fold8 256GB 5G  + FREE Wide Carbon Magnet Case + Galaxy Watch 9 44mm BT + Samsung 45w Charger,dv6gd24724,Samsung,smartphone,device_contract,1728,,,,,,,,,,in_stock,https://www.vodacom.co.za/shopping/deals,"Vodacom catalogue snapshot fetched on 2026-08-06; confirm partner pricing, stock, and terms before fulfilment.",2026-08-06T00:00:00Z,https://www.vodacom.co.za/shopping/deals,true,false,https://shop.vodacom.co.za/media/catalog/product/s/a/samsung_galaxy_z_fold8_256gb_5g_-_main_1__1.jpg?store=shop&image-type=image,RED Core 6GB 250min ,both,"{""package"":""RED Core 6GB 250min "",""tariff"":730,""device_installment"":998,""source_sku"":""100024509"",""gallery"":[{""url"":""https://shop.vodacom.co.za/media/catalog/product/s/a/samsung_galaxy_z_fold8_256gb_5g_-_main_1__1.jpg?store=shop&image-type=image"",""label"":""Samsung Galaxy Z Fold8 256GB 5G  + FREE Wide Carbon Magnet Case + Galaxy Watch 9 44mm BT + Samsung 45w Charger ""},{""url"":""https://shop.vodacom.co.za/media/catalog/product/s/a/samsung_galaxy_z_fold8_256gb_5g_-_main_1__1.jpg?store=shop&image-type=small_image"",""label"":""Samsung Galaxy Z Fold8 256GB 5G  + FREE Wide Carbon Magnet Case + Galaxy Watch 9 44mm BT + Samsung 45w Charger""}],""storage_options"":[""256GB""]}"
vodacom:DV6GD24723,vodacom,Vodacom,#E60000,DV6GD24723,Samsung Galaxy Z Fold8 256GB 5G  + Samsung 45w Charger  + Galaxy Watch 9 40mm BT + FREE Wide Carbon Magnet Case,dv6gd24723,Samsung,smartphone,device_contract,1728,,,,,,,,,,in_stock,https://www.vodacom.co.za/shopping/deals,"Vodacom catalogue snapshot fetched on 2026-08-06; confirm partner pricing, stock, and terms before fulfilment.",2026-08-06T00:00:00Z,https://www.vodacom.co.za/shopping/deals,true,false,https://shop.vodacom.co.za/media/catalog/product/s/a/samsung_galaxy_z_fold8_256gb_5g_-_main_1__1.jpg?store=shop&image-type=image,RED Core 6GB 250min ,both,"{""package"":""RED Core 6GB 250min "",""tariff"":730,""device_installment"":998,""source_sku"":""100024509"",""gallery"":[{""url"":""https://shop.vodacom.co.za/media/catalog/product/s/a/samsung_galaxy_z_fold8_256gb_5g_-_main_1__1.jpg?store=shop&image-type=image"",""label"":""Samsung Galaxy Z Fold8 256GB 5G  + Samsung 45w Charger  + Galaxy Watch 9 40mm BT + FREE Wide Carbon Magnet Case""},{""url"":""https://shop.vodacom.co.za/media/catalog/product/s/a/samsung_galaxy_z_fold8_256gb_5g_-_main_1__1.jpg?store=shop&image-type=small_image"",""label"":""Samsung Galaxy Z Fold8 256GB 5G  + Samsung 45w Charger  + Galaxy Watch 9 40mm BT + FREE Wide Carbon Magnet Case""}],""storage_options"":[""256GB""]}"
vodacom:DV6GD24246,vodacom,Vodacom,#E60000,DV6GD24246,Samsung Galaxy Z Fold8 Ultra 512GB 5G  + Samsung 45w Charger  + Galaxy Watch 9 44mm BT + FREE Carbon Magnet Case,dv6gd24246,Samsung,smartphone,device_contract,1978,,,,,,,,,,in_stock,https://www.vodacom.co.za/shopping/deals,"Vodacom catalogue snapshot fetched on 2026-08-06; confirm partner pricing, stock, and terms before fulfilment.",2026-08-06T00:00:00Z,https://www.vodacom.co.za/shopping/deals,true,false,https://shop.vodacom.co.za/media/catalog/product/s/a/samsung_galaxy_z_fold8_ultra_512gb_5g_-_top_2__1.jpg?store=shop&image-type=image,RED Core 6GB 250min ,both,"{""package"":""RED Core 6GB 250min "",""tariff"":730,""device_installment"":1248,""source_sku"":""100024507"",""gallery"":[{""url"":""https://shop.vodacom.co.za/media/catalog/product/s/a/samsung_galaxy_z_fold8_ultra_512gb_5g_-_top_2__1.jpg?store=shop&image-type=image"",""label"":""Samsung Galaxy Z Fold8 Ultra 512GB 5G  + Samsung 45w Charger  + Galaxy Watch 9 44mm BT + FREE Carbon Magnet Case""},{""url"":""https://shop.vodacom.co.za/media/catalog/product/s/a/samsung_galaxy_z_fold8_ultra_512gb_5g_-_top_2__1.jpg?store=shop&image-type=small_image"",""label"":""Samsung Galaxy Z Fold8 Ultra 512GB 5G  + Samsung 45w Charger  + Galaxy Watch 9 44mm BT + FREE Carbon Magnet Case""}],""storage_options"":[""512GB""]}"
vodacom:DV6GD24708,vodacom,Vodacom,#E60000,DV6GD24708,Samsung Galaxy Z Fold8 Ultra 1TB 5G  + Samsung 45w Charger  + Galaxy Watch 9 44mm LTE + FREE Carbon Magnet Case,dv6gd24708,Samsung,smartphone,device_contract,2198,,,,,,,,,,in_stock,https://www.vodacom.co.za/shopping/deals,"Vodacom catalogue snapshot fetched on 2026-08-06; confirm partner pricing, stock, and terms before fulfilment.",2026-08-06T00:00:00Z,https://www.vodacom.co.za/shopping/deals,true,false,https://shop.vodacom.co.za/media/catalog/product/s/a/samsung_galaxy_z_fold8_ultra_512gb_5g_-_top_1__1_1.jpg?store=shop&image-type=image,RED Core 6GB 250min ,both,"{""package"":""RED Core 6GB 250min "",""tariff"":730,""device_installment"":1468,""source_sku"":""100024508"",""gallery"":[{""url"":""https://shop.vodacom.co.za/media/catalog/product/s/a/samsung_galaxy_z_fold8_ultra_512gb_5g_-_top_1__1_1.jpg?store=shop&image-type=image"",""label"":""Samsung Galaxy Z Fold8 Ultra 1TB 5G  + Samsung 45w Charger  + Galaxy Watch 9 44mm LTE + FREE Carbon Magnet Case""},{""url"":""https://shop.vodacom.co.za/media/catalog/product/s/a/samsung_galaxy_z_fold8_ultra_512gb_5g_-_top_1__1_1.jpg?store=shop&image-type=small_image"",""label"":""Samsung Galaxy Z Fold8 Ultra 1TB 5G  + Samsung 45w Charger  + Galaxy Watch 9 44mm LTE + FREE Carbon Magnet Case""}],""storage_options"":[]}"
vodacom:DV6GD24245,vodacom,Vodacom,#E60000,DV6GD24245,Samsung Galaxy Z Fold8 Ultra 512GB 5G  + FREE Carbon Magnet Case + Samsung 45w Charger  + Galaxy Watch 9 40mm BT,dv6gd24245,Samsung,smartphone,device_contract,1978,,,,,,,,,,in_stock,https://www.vodacom.co.za/shopping/deals,"Vodacom catalogue snapshot fetched on 2026-08-06; confirm partner pricing, stock, and terms before fulfilment.",2026-08-06T00:00:00Z,https://www.vodacom.co.za/shopping/deals,true,false,https://shop.vodacom.co.za/media/catalog/product/s/a/samsung_galaxy_z_fold8_ultra_512gb_5g_-_top_2__1.jpg?store=shop&image-type=image,RED Core 6GB 250min ,both,"{""package"":""RED Core 6GB 250min "",""tariff"":730,""device_installment"":1248,""source_sku"":""100024507"",""gallery"":[{""url"":""https://shop.vodacom.co.za/media/catalog/product/s/a/samsung_galaxy_z_fold8_ultra_512gb_5g_-_top_2__1.jpg?store=shop&image-type=image"",""label"":""Samsung Galaxy Z Fold8 Ultra 512GB 5G  + FREE Carbon Magnet Case + Samsung 45w Charger  + Galaxy Watch 9 40mm BT""},{""url"":""https://shop.vodacom.co.za/media/catalog/product/s/a/samsung_galaxy_z_fold8_ultra_512gb_5g_-_top_2__1.jpg?store=shop&image-type=small_image"",""label"":""Samsung Galaxy Z Fold8 Ultra 512GB 5G  + FREE Carbon Magnet Case + Samsung 45w Charger  + Galaxy Watch 9 40mm BT""}],""storage_options"":[""512GB""]}"
vodacom:DV6GD24244,vodacom,Vodacom,#E60000,DV6GD24244,Samsung Galaxy Z Fold8 Ultra 512GB 5G  + Samsung 45w Charger  + Galaxy Watch 9 44mm LTE + FREE Carbon Magnet Case,dv6gd24244,Samsung,smartphone,device_contract,1998,,,,,,,,,,in_stock,https://www.vodacom.co.za/shopping/deals,"Vodacom catalogue snapshot fetched on 2026-08-06; confirm partner pricing, stock, and terms before fulfilment.",2026-08-06T00:00:00Z,https://www.vodacom.co.za/shopping/deals,true,false,https://shop.vodacom.co.za/media/catalog/product/s/a/samsung_galaxy_z_fold8_ultra_512gb_5g_-_top_2__1.jpg?store=shop&image-type=image,RED Core 6GB 250min ,both,"{""package"":""RED Core 6GB 250min "",""tariff"":730,""device_installment"":1268,""source_sku"":""100024507"",""gallery"":[{""url"":""https://shop.vodacom.co.za/media/catalog/product/s/a/samsung_galaxy_z_fold8_ultra_512gb_5g_-_top_2__1.jpg?store=shop&image-type=image"",""label"":""Samsung Galaxy Z Fold8 Ultra 512GB 5G  + Samsung 45w Charger  + Galaxy Watch 9 44mm LTE + FREE Carbon Magnet Case""},{""url"":""https://shop.vodacom.co.za/media/catalog/product/s/a/samsung_galaxy_z_fold8_ultra_512gb_5g_-_top_2__1.jpg?store=shop&image-type=small_image"",""label"":""Samsung Galaxy Z Fold8 Ultra 512GB 5G  + Samsung 45w Charger  + Galaxy Watch 9 44mm LTE + FREE Carbon Magnet Case""}],""storage_options"":[""512GB""]}"
vodacom:DV6GD24555,vodacom,Vodacom,#E60000,DV6GD24555,Samsung Galaxy Z Flip8 256GB 5G  + Samsung 45w Charger  + Galaxy Watch 9 40mm LTE + FREE Silicone Magnet Case,dv6gd24555,Samsung,smartphone,device_contract,1148,,,,,,,,,,in_stock,https://www.vodacom.co.za/shopping/deals,"Vodacom catalogue snapshot fetched on 2026-08-06; confirm partner pricing, stock, and terms before fulfilment.",2026-08-06T00:00:00Z,https://www.vodacom.co.za/shopping/deals,true,false,https://shop.vodacom.co.za/media/catalog/product/s/a/samsung_galaxy_z_flip8_256gb_5g_-_main_1__1.jpg?store=shop&image-type=image,RED Core 3GB 100min ,both,"{""package"":""RED Core 3GB 100min "",""tariff"":406,""device_installment"":742,""source_sku"":""100024504"",""gallery"":[{""url"":""https://shop.vodacom.co.za/media/catalog/product/s/a/samsung_galaxy_z_flip8_256gb_5g_-_main_1__1.jpg?store=shop&image-type=image"",""label"":""Samsung Galaxy Z Flip8 256GB 5G  + Samsung 45w Charger  + Galaxy Watch 9 40mm LTE + FREE Silicone Magnet Case""},{""url"":""https://shop.vodacom.co.za/media/catalog/product/s/a/samsung_galaxy_z_flip8_256gb_5g_-_main_1__1.jpg?store=shop&image-type=small_image"",""label"":""Samsung Galaxy Z Flip8 256GB 5G  + Samsung 45w Charger  + Galaxy Watch 9 40mm LTE + FREE Silicone Magnet Case""}],""storage_options"":[""256GB""]}"
vodacom:DV6GD24551,vodacom,Vodacom,#E60000,DV6GD24551,Samsung Galaxy Z Flip8 256GB 5G  + Galaxy Watch 9 44mm LTE,dv6gd24551,Samsung,smartphone,device_contract,1148,,,,,,,,,,in_stock,https://www.vodacom.co.za/shopping/deals,"Vodacom catalogue snapshot fetched on 2026-08-06; confirm partner pricing, stock, and terms before fulfilment.",2026-08-06T00:00:00Z,https://www.vodacom.co.za/shopping/deals,true,false,https://shop.vodacom.co.za/media/catalog/product/s/a/samsung_galaxy_z_flip8_256gb_5g_-_main_1__1.jpg?store=shop&image-type=image,RED Core 3GB 100min ,both,"{""package"":""RED Core 3GB 100min "",""tariff"":406,""device_installment"":742,""source_sku"":""100024504"",""gallery"":[{""url"":""https://shop.vodacom.co.za/media/catalog/product/s/a/samsung_galaxy_z_flip8_256gb_5g_-_main_1__1.jpg?store=shop&image-type=image"",""label"":""Samsung Galaxy Z Flip8 256GB 5G  + Galaxy Watch 9 44mm LTE""},{""url"":""https://shop.vodacom.co.za/media/catalog/product/s/a/samsung_galaxy_z_flip8_256gb_5g_-_main_1__1.jpg?store=shop&image-type=small_image"",""label"":""Samsung Galaxy Z Flip8 256GB 5G  + Galaxy Watch 9 44mm LTE""}],""storage_options"":[""256GB""]}"
vodacom:DV6GD24550,vodacom,Vodacom,#E60000,DV6GD24550,Samsung Galaxy Z Flip8 256GB 5G  + Galaxy Watch 9 40mm LTE,dv6gd24550,Samsung,smartphone,device_contract,1148,,,,,,,,,,in_stock,https://www.vodacom.co.za/shopping/deals,"Vodacom catalogue snapshot fetched on 2026-08-06; confirm partner pricing, stock, and terms before fulfilment.",2026-08-06T00:00:00Z,https://www.vodacom.co.za/shopping/deals,true,false,https://shop.vodacom.co.za/media/catalog/product/s/a/samsung_galaxy_z_flip8_256gb_5g_-_main_1__1.jpg?store=shop&image-type=image,RED Core 3GB 100min ,both,"{""package"":""RED Core 3GB 100min "",""tariff"":406,""device_installment"":742,""source_sku"":""100024504"",""gallery"":[{""url"":""https://shop.vodacom.co.za/media/catalog/product/s/a/samsung_galaxy_z_flip8_256gb_5g_-_main_1__1.jpg?store=shop&image-type=image"",""label"":""Samsung Galaxy Z Flip8 256GB 5G  + Galaxy Watch 9 40mm LTE""},{""url"":""https://shop.vodacom.co.za/media/catalog/product/s/a/samsung_galaxy_z_flip8_256gb_5g_-_main_1__1.jpg?store=shop&image-type=small_image"",""label"":""Samsung Galaxy Z Flip8 256GB 5G  + Galaxy Watch 9 40mm LTE""}],""storage_options"":[""256GB""]}"
vodacom:DV6GD24722,vodacom,Vodacom,#E60000,DV6GD24722,Samsung Galaxy Z Fold8 256GB 5G  + Samsung 45w Charger  + FREE Wide Carbon Magnet Case + Galaxy Watch 9 44mm LTE,dv6gd24722,Samsung,smartphone,device_contract,1748,,,,,,,,,,in_stock,https://www.vodacom.co.za/shopping/deals,"Vodacom catalogue snapshot fetched on 2026-08-06; confirm partner pricing, stock, and terms before fulfilment.",2026-08-06T00:00:00Z,https://www.vodacom.co.za/shopping/deals,true,false,https://shop.vodacom.co.za/media/catalog/product/s/a/samsung_galaxy_z_fold8_256gb_5g_-_main_1__1.jpg?store=shop&image-type=image,RED Core 6GB 250min ,both,"{""package"":""RED Core 6GB 250min "",""tariff"":730,""device_installment"":1018,""source_sku"":""100024509"",""gallery"":[{""url"":""https://shop.vodacom.co.za/media/catalog/product/s/a/samsung_galaxy_z_fold8_256gb_5g_-_main_1__1.jpg?store=shop&image-type=image"",""label"":""Samsung Galaxy Z Fold8 256GB 5G  + Samsung 45w Charger  + FREE Wide Carbon Magnet Case + Galaxy Watch 9 44mm LTE""},{""url"":""https://shop.vodacom.co.za/media/catalog/product/s/a/samsung_galaxy_z_fold8_256gb_5g_-_main_1__1.jpg?store=shop&image-type=small_image"",""label"":""Samsung Galaxy Z Fold8 256GB 5G  + Samsung 45w Charger  + FREE Wide Carbon Magnet Case + Galaxy Watch 9 44mm LTE""}],""storage_options"":[""256GB""]}"
vodacom:DV6GD24703,vodacom,Vodacom,#E60000,DV6GD24703,Samsung Galaxy Z Fold8 256GB 5G  + Galaxy Watch 9 44mm LTE,dv6gd24703,Samsung,smartphone,device_contract,1748,,,,,,,,,,in_stock,https://www.vodacom.co.za/shopping/deals,"Vodacom catalogue snapshot fetched on 2026-08-06; confirm partner pricing, stock, and terms before fulfilment.",2026-08-06T00:00:00Z,https://www.vodacom.co.za/shopping/deals,true,false,https://shop.vodacom.co.za/media/catalog/product/s/a/samsung_galaxy_z_fold8_256gb_5g_-_main_1__1.jpg?store=shop&image-type=image,RED Core 6GB 250min ,both,"{""package"":""RED Core 6GB 250min "",""tariff"":730,""device_installment"":1018,""source_sku"":""100024509"",""gallery"":[{""url"":""https://shop.vodacom.co.za/media/catalog/product/s/a/samsung_galaxy_z_fold8_256gb_5g_-_main_1__1.jpg?store=shop&image-type=image"",""label"":""Samsung Galaxy Z Fold8 256GB 5G  + Galaxy Watch 9 44mm LTE""},{""url"":""https://shop.vodacom.co.za/media/catalog/product/s/a/samsung_galaxy_z_fold8_256gb_5g_-_main_1__1.jpg?store=shop&image-type=small_image"",""label"":""Samsung Galaxy Z Fold8 256GB 5G  + Galaxy Watch 9 44mm LTE""}],""storage_options"":[""256GB""]}"
vodacom:DV6GD24721,vodacom,Vodacom,#E60000,DV6GD24721,Samsung Galaxy Z Fold8 256GB 5G  + Samsung 45w Charger  + Galaxy Watch 9 40mm LTE + FREE Wide Carbon Magnet Case,dv6gd24721,Samsung,smartphone,device_contract,1748,,,,,,,,,,in_stock,https://www.vodacom.co.za/shopping/deals,"Vodacom catalogue snapshot fetched on 2026-08-06; confirm partner pricing, stock, and terms before fulfilment.",2026-08-06T00:00:00Z,https://www.vodacom.co.za/shopping/deals,true,false,https://shop.vodacom.co.za/media/catalog/product/s/a/samsung_galaxy_z_fold8_256gb_5g_-_main_1__1.jpg?store=shop&image-type=image,RED Core 6GB 250min ,both,"{""package"":""RED Core 6GB 250min "",""tariff"":730,""device_installment"":1018,""source_sku"":""100024509"",""gallery"":[{""url"":""https://shop.vodacom.co.za/media/catalog/product/s/a/samsung_galaxy_z_fold8_256gb_5g_-_main_1__1.jpg?store=shop&image-type=image"",""label"":""Samsung Galaxy Z Fold8 256GB 5G  + Samsung 45w Charger  + Galaxy Watch 9 40mm LTE + FREE Wide Carbon Magnet Case""},{""url"":""https://shop.vodacom.co.za/media/catalog/product/s/a/samsung_galaxy_z_fold8_256gb_5g_-_main_1__1.jpg?store=shop&image-type=small_image"",""label"":""Samsung Galaxy Z Fold8 256GB 5G  + Samsung 45w Charger  + Galaxy Watch 9 40mm LTE + FREE Wide Carbon Magnet Case""}],""storage_options"":[""256GB""]}"
vodacom:DV6GD24707,vodacom,Vodacom,#E60000,DV6GD24707,Samsung Galaxy Z Fold8 Ultra 1TB 5G  + Samsung 45w Charger  + FREE Carbon Magnet Case,dv6gd24707,Samsung,smartphone,device_contract,2049,,,,,,,,,,in_stock,https://www.vodacom.co.za/shopping/deals,"Vodacom catalogue snapshot fetched on 2026-08-06; confirm partner pricing, stock, and terms before fulfilment.",2026-08-06T00:00:00Z,https://www.vodacom.co.za/shopping/deals,true,false,https://shop.vodacom.co.za/media/catalog/product/s/a/samsung_galaxy_z_fold8_ultra_512gb_5g_-_top_1__1_1.jpg?store=shop&image-type=image,RED Core 6GB 250min ,both,"{""package"":""RED Core 6GB 250min "",""tariff"":730,""device_installment"":1319,""source_sku"":""100024508"",""gallery"":[{""url"":""https://shop.vodacom.co.za/media/catalog/product/s/a/samsung_galaxy_z_fold8_ultra_512gb_5g_-_top_1__1_1.jpg?store=shop&image-type=image"",""label"":""Samsung Galaxy Z Fold8 Ultra 1TB 5G  + Samsung 45w Charger  + FREE Carbon Magnet Case""},{""url"":""https://shop.vodacom.co.za/media/catalog/product/s/a/samsung_galaxy_z_fold8_ultra_512gb_5g_-_top_1__1_1.jpg?store=shop&image-type=small_image"",""label"":""Samsung Galaxy Z Fold8 Ultra 1TB 5G  + Samsung 45w Charger  + FREE Carbon Magnet Case""}],""storage_options"":[]}"
vodacom:DV6GD24231,vodacom,Vodacom,#E60000,DV6GD24231,Samsung Galaxy Z Fold8 Ultra 512GB 5G  + Galaxy Watch 9 44mm LTE,dv6gd24231,Samsung,smartphone,device_contract,1998,,,,,,,,,,in_stock,https://www.vodacom.co.za/shopping/deals,"Vodacom catalogue snapshot fetched on 2026-08-06; confirm partner pricing, stock, and terms before fulfilment.",2026-08-06T00:00:00Z,https://www.vodacom.co.za/shopping/deals,true,false,https://shop.vodacom.co.za/media/catalog/product/s/a/samsung_galaxy_z_fold8_ultra_512gb_5g_-_top_2__1.jpg?store=shop&image-type=image,RED Core 6GB 250min ,both,"{""package"":""RED Core 6GB 250min "",""tariff"":730,""device_installment"":1268,""source_sku"":""100024507"",""gallery"":[{""url"":""https://shop.vodacom.co.za/media/catalog/product/s/a/samsung_galaxy_z_fold8_ultra_512gb_5g_-_top_2__1.jpg?store=shop&image-type=image"",""label"":""Samsung Galaxy Z Fold8 Ultra 512GB 5G  + Galaxy Watch 9 44mm LTE""},{""url"":""https://shop.vodacom.co.za/media/catalog/product/s/a/samsung_galaxy_z_fold8_ultra_512gb_5g_-_top_2__1.jpg?store=shop&image-type=small_image"",""label"":""Samsung Galaxy Z Fold8 Ultra 512GB 5G  + Galaxy Watch 9 44mm LTE""}],""storage_options"":[""512GB""]}"
vodacom:DV6GD24243,vodacom,Vodacom,#E60000,DV6GD24243,Samsung Galaxy Z Fold8 Ultra 512GB 5G  + Samsung 45w Charger  + FREE Carbon Magnet Case + Galaxy Watch 9 40mm LTE,dv6gd24243,Samsung,smartphone,device_contract,1998,,,,,,,,,,in_stock,https://www.vodacom.co.za/shopping/deals,"Vodacom catalogue snapshot fetched on 2026-08-06; confirm partner pricing, stock, and terms before fulfilment.",2026-08-06T00:00:00Z,https://www.vodacom.co.za/shopping/deals,true,false,https://shop.vodacom.co.za/media/catalog/product/s/a/samsung_galaxy_z_fold8_ultra_512gb_5g_-_top_2__1.jpg?store=shop&image-type=image,RED Core 6GB 250min ,both,"{""package"":""RED Core 6GB 250min "",""tariff"":730,""device_installment"":1268,""source_sku"":""100024507"",""gallery"":[{""url"":""https://shop.vodacom.co.za/media/catalog/product/s/a/samsung_galaxy_z_fold8_ultra_512gb_5g_-_top_2__1.jpg?store=shop&image-type=image"",""label"":""Samsung Galaxy Z Fold8 Ultra 512GB 5G  + Samsung 45w Charger  + FREE Carbon Magnet Case + Galaxy Watch 9 40mm LTE""},{""url"":""https://shop.vodacom.co.za/media/catalog/product/s/a/samsung_galaxy_z_fold8_ultra_512gb_5g_-_top_2__1.jpg?store=shop&image-type=small_image"",""label"":""Samsung Galaxy Z Fold8 Ultra 512GB 5G  + Samsung 45w Charger  + FREE Carbon Magnet Case + Galaxy Watch 9 40mm LTE""}],""storage_options"":[""512GB""]}"
vodacom:DV6GD24642,vodacom,Vodacom,#E60000,DV6GD24642,Samsung Galaxy Z Flip8 256GB 5G  + Samsung 45w Charger  + FREE Silicone Magnet Case,dv6gd24642,Samsung,smartphone,device_contract,1179,,,,,,,,,,in_stock,https://www.vodacom.co.za/shopping/deals,"Vodacom catalogue snapshot fetched on 2026-08-06; confirm partner pricing, stock, and terms before fulfilment.",2026-08-06T00:00:00Z,https://www.vodacom.co.za/shopping/deals,true,false,https://shop.vodacom.co.za/media/catalog/product/s/a/samsung_galaxy_z_flip8_256gb_5g_-_main_1__1.jpg?store=shop&image-type=image,RED Core 6GB 250min ,both,"{""package"":""RED Core 6GB 250min "",""tariff"":730,""device_installment"":449,""source_sku"":""100024504"",""gallery"":[{""url"":""https://shop.vodacom.co.za/media/catalog/product/s/a/samsung_galaxy_z_flip8_256gb_5g_-_main_1__1.jpg?store=shop&image-type=image"",""label"":""Samsung Galaxy Z Flip8 256GB 5G  + Samsung 45w Charger  + FREE Silicone Magnet Case""},{""url"":""https://shop.vodacom.co.za/media/catalog/product/s/a/samsung_galaxy_z_flip8_256gb_5g_-_main_1__1.jpg?store=shop&image-type=small_image"",""label"":""Samsung Galaxy Z Flip8 256GB 5G  + Samsung 45w Charger  + FREE Silicone Magnet Case""}],""storage_options"":[""256GB""]}"
vodacom:DV6GD24560,vodacom,Vodacom,#E60000,DV6GD24560,Samsung Galaxy Z Flip8 256GB 5G  + Samsung 45w Charger  + Galaxy Buds 4 + Galaxy Watch 9 44mm LTE + FREE Silicone Magnet Case,dv6gd24560,Samsung,smartphone,device_contract,1218,,,,,,,,,,in_stock,https://www.vodacom.co.za/shopping/deals,"Vodacom catalogue snapshot fetched on 2026-08-06; confirm partner pricing, stock, and terms before fulfilment.",2026-08-06T00:00:00Z,https://www.vodacom.co.za/shopping/deals,true,false,https://shop.vodacom.co.za/media/catalog/product/s/a/samsung_galaxy_z_flip8_256gb_5g_-_main_1__1.jpg?store=shop&image-type=image,RED Core 3GB 100min ,both,"{""package"":""RED Core 3GB 100min "",""tariff"":406,""device_installment"":812,""source_sku"":""100024504"",""gallery"":[{""url"":""https://shop.vodacom.co.za/media/catalog/product/s/a/samsung_galaxy_z_flip8_256gb_5g_-_main_1__1.jpg?store=shop&image-type=image"",""label"":""Samsung Galaxy Z Flip8 256GB 5G  + Samsung 45w Charger  + Galaxy Buds 4 + Galaxy Watch 9 44mm LTE + FREE Silicone Magnet Case""},{""url"":""https://shop.vodacom.co.za/media/catalog/product/s/a/samsung_galaxy_z_flip8_256gb_5g_-_main_1__1.jpg?store=shop&image-type=small_image"",""label"":""Samsung Galaxy Z Flip8 256GB 5G  + Samsung 45w Charger  + Galaxy Buds 4 + Galaxy Watch 9 44mm LTE + FREE Silicone Magnet Case""}],""storage_options"":[""256GB""]}"
vodacom:DV6HD12881,vodacom,Vodacom,#E60000,DV6HD12881,HUAWEI nova 14 256GB,dv6hd12881,Huawei,smartphone,device_contract,2229,,,,,,,,,,in_stock,https://www.vodacom.co.za/shopping/deals,"Vodacom catalogue snapshot fetched on 2026-08-06; confirm partner pricing, stock, and terms before fulfilment.",2026-08-06T00:00:00Z,https://www.vodacom.co.za/shopping/deals,true,false,https://shop.vodacom.co.za/media/catalog/product/placeholder/stores/8/No_image.png,RED VIP 200GB,both,"{""package"":""RED VIP 200GB"",""tariff"":2229,""device_installment"":null,""source_sku"":""100023651"",""gallery"":[{""url"":""https://shop.vodacom.co.za/media/catalog/product/placeholder/stores/8/No_image.png"",""label"":""HUAWEI nova 14 256GB""},{""url"":""https://shop.vodacom.co.za/media/catalog/product/placeholder/stores/8/No_image_1.png"",""label"":""HUAWEI nova 14 256GB""}],""storage_options"":[""256GB""]}"
vodacom:DV6HD12106,vodacom,Vodacom,#E60000,DV6HD12106,vivo Y31 256GB 5G,dv6hd12106,Vivo,smartphone,device_contract,449,,,,,,,,,,in_stock,https://www.vodacom.co.za/shopping/deals,"Vodacom catalogue snapshot fetched on 2026-08-06; confirm partner pricing, stock, and terms before fulfilment.",2026-08-06T00:00:00Z,https://www.vodacom.co.za/shopping/deals,true,false,https://shop.vodacom.co.za/media/catalog/product/placeholder/stores/8/No_image.png,Red Flexi 245,both,"{""package"":""Red Flexi 245"",""tariff"":245,""device_installment"":204,""source_sku"":""100024097"",""gallery"":[{""url"":""https://shop.vodacom.co.za/media/catalog/product/placeholder/stores/8/No_image.png"",""label"":""vivo Y31 256GB 5G""},{""url"":""https://shop.vodacom.co.za/media/catalog/product/placeholder/stores/8/No_image_1.png"",""label"":""vivo Y31 256GB 5G""}],""storage_options"":[""256GB""]}"
vodacom:DV6HD02000,vodacom,Vodacom,#E60000,DV6HD02000,Samsung Galaxy S25FE 256GB 5G,dv6hd02000,Samsung,smartphone,device_contract,929,,,,,,,,,,in_stock,https://www.vodacom.co.za/shopping/deals,"Vodacom catalogue snapshot fetched on 2026-08-06; confirm partner pricing, stock, and terms before fulfilment.",2026-08-06T00:00:00Z,https://www.vodacom.co.za/shopping/deals,true,false,https://shop.vodacom.co.za/media/catalog/product/placeholder/stores/8/No_image.png,Red Flexi 320,both,"{""package"":""Red Flexi 320"",""tariff"":320,""device_installment"":609,""source_sku"":""100023373"",""gallery"":[{""url"":""https://shop.vodacom.co.za/media/catalog/product/placeholder/stores/8/No_image.png"",""label"":""Samsung Galaxy S25FE 256GB 5G""},{""url"":""https://shop.vodacom.co.za/media/catalog/product/placeholder/stores/8/No_image_1.png"",""label"":""Samsung Galaxy S25FE 256GB 5G""}],""storage_options"":[""256GB""]}"
vodacom:DV6GD24552,vodacom,Vodacom,#E60000,DV6GD24552,Samsung Galaxy Z Flip8 256GB 5G  + Galaxy Buds 4 + Galaxy Watch 9 40mm LTE,dv6gd24552,Samsung,smartphone,device_contract,1218,,,,,,,,,,in_stock,https://www.vodacom.co.za/shopping/deals,"Vodacom catalogue snapshot fetched on 2026-08-06; confirm partner pricing, stock, and terms before fulfilment.",2026-08-06T00:00:00Z,https://www.vodacom.co.za/shopping/deals,true,false,https://shop.vodacom.co.za/media/catalog/product/s/a/samsung_galaxy_z_flip8_256gb_5g_-_main_1__1.jpg?store=shop&image-type=image,RED Core 3GB 100min ,both,"{""package"":""RED Core 3GB 100min "",""tariff"":406,""device_installment"":812,""source_sku"":""100024504"",""gallery"":[{""url"":""https://shop.vodacom.co.za/media/catalog/product/s/a/samsung_galaxy_z_flip8_256gb_5g_-_main_1__1.jpg?store=shop&image-type=image"",""label"":""Samsung Galaxy Z Flip8 256GB 5G  + Galaxy Buds 4 + Galaxy Watch 9 40mm LTE""},{""url"":""https://shop.vodacom.co.za/media/catalog/product/s/a/samsung_galaxy_z_flip8_256gb_5g_-_main_1__1.jpg?store=shop&image-type=small_image"",""label"":""Samsung Galaxy Z Flip8 256GB 5G  + Galaxy Buds 4 + Galaxy Watch 9 40mm LTE""}],""storage_options"":[""256GB""]}"
vodacom:DV6HB00251,vodacom,Vodacom,#E60000,DV6HB00251,Apple iPhone 15 128GB 5G + Apple iPad 11-inch Wi-Fi 128GB (A16 chip),dv6hb00251,Apple,smartphone,device_contract,2799,,,,,,,,,,in_stock,https://www.vodacom.co.za/shopping/deals,"Vodacom catalogue snapshot fetched on 2026-08-06; confirm partner pricing, stock, and terms before fulfilment.",2026-08-06T00:00:00Z,https://www.vodacom.co.za/shopping/deals,true,false,https://shop.vodacom.co.za/media/catalog/product/placeholder/stores/8/No_image.png,RED VIP 200GB,both,"{""package"":""RED VIP 200GB"",""tariff"":2799,""device_installment"":null,""source_sku"":""100021503"",""gallery"":[{""url"":""https://shop.vodacom.co.za/media/catalog/product/placeholder/stores/8/No_image.png"",""label"":""Apple iPhone 15 128GB\u00a05G + Apple iPad 11-inch Wi-Fi 128GB (A16 chip)""},{""url"":""https://shop.vodacom.co.za/media/catalog/product/placeholder/stores/8/No_image_1.png"",""label"":""Apple iPhone 15 128GB\u00a05G + Apple iPad 11-inch Wi-Fi 128GB (A16 chip)""}],""storage_options"":[""128GB""]}"
vodacom:DV6GD24653,vodacom,Vodacom,#E60000,DV6GD24653,Samsung Galaxy Z Fold8 256GB 5G  + Galaxy Watch 9 44mm LTE + Galaxy Buds 4,dv6gd24653,Samsung,smartphone,device_contract,3068,,,,,,,,,,in_stock,https://www.vodacom.co.za/shopping/deals,"Vodacom catalogue snapshot fetched on 2026-08-06; confirm partner pricing, stock, and terms before fulfilment.",2026-08-06T00:00:00Z,https://www.vodacom.co.za/shopping/deals,true,false,https://shop.vodacom.co.za/media/catalog/product/s/a/samsung_galaxy_z_fold8_256gb_5g_-_main_1__1.jpg?store=shop&image-type=image,RED VIP 100GB,both,"{""package"":""RED VIP 100GB"",""tariff"":3068,""device_installment"":null,""source_sku"":""100024509"",""gallery"":[{""url"":""https://shop.vodacom.co.za/media/catalog/product/s/a/samsung_galaxy_z_fold8_256gb_5g_-_main_1__1.jpg?store=shop&image-type=image"",""label"":""Samsung Galaxy Z Fold8 256GB 5G  + Galaxy Watch 9 44mm LTE + Galaxy Buds 4""},{""url"":""https://shop.vodacom.co.za/media/catalog/product/s/a/samsung_galaxy_z_fold8_256gb_5g_-_main_1__1.jpg?store=shop&image-type=small_image"",""label"":""Samsung Galaxy Z Fold8 256GB 5G  + Galaxy Watch 9 44mm LTE + Galaxy Buds 4""}],""storage_options"":[""256GB""]}"
vodacom:DV6HD20498,vodacom,Vodacom,#E60000,DV6HD20498,2x Apple iPhone 16e 128GB,dv6hd20498,Vodacom,smartphone,device_contract,1439,,,,,,,,,,in_stock,https://www.vodacom.co.za/shopping/deals,"Vodacom catalogue snapshot fetched on 2026-08-06; confirm partner pricing, stock, and terms before fulfilment.",2026-08-06T00:00:00Z,https://www.vodacom.co.za/shopping/deals,true,false,https://shop.vodacom.co.za/media/catalog/product/placeholder/stores/8/No_image.png,RED Core 12GB 750min ,both,"{""package"":""RED Core 12GB 750min "",""tariff"":1161,""device_installment"":278,""source_sku"":""100022907"",""gallery"":[{""url"":""https://shop.vodacom.co.za/media/catalog/product/placeholder/stores/8/No_image.png"",""label"":""2x Apple iPhone 16e 128GB""},{""url"":""https://shop.vodacom.co.za/media/catalog/product/placeholder/stores/8/No_image_1.png"",""label"":""2x Apple iPhone 16e 128GB""}],""storage_options"":[""128GB""]}"
vodacom:DV6HD14124,vodacom,Vodacom,#E60000,DV6HD14124,Samsung Galaxy S26 Ultra 1TB 5G + Galaxy Buds 4 Pro,dv6hd14124,Samsung,smartphone,device_contract,1778,,,,,,,,,,in_stock,https://www.vodacom.co.za/shopping/deals,"Vodacom catalogue snapshot fetched on 2026-08-06; confirm partner pricing, stock, and terms before fulfilment.",2026-08-06T00:00:00Z,https://www.vodacom.co.za/shopping/deals,true,false,https://shop.vodacom.co.za/media/catalog/product/placeholder/stores/8/No_image.png,RED Core 6GB 250min ,both,"{""package"":""RED Core 6GB 250min "",""tariff"":730,""device_installment"":1048,""source_sku"":""100023968"",""gallery"":[{""url"":""https://shop.vodacom.co.za/media/catalog/product/placeholder/stores/8/No_image.png"",""label"":""Samsung Galaxy S26 Ultra 1TB 5G + Galaxy Buds 4 Pro""},{""url"":""https://shop.vodacom.co.za/media/catalog/product/placeholder/stores/8/No_image_1.png"",""label"":""Samsung Galaxy S26 Ultra 1TB 5G + Galaxy Buds 4 Pro""}],""storage_options"":[]}"
vodacom:DV6HD06078,vodacom,Vodacom,#E60000,DV6HD06078,Samsung Galaxy S26 256GB 5G + Galaxy Watch8 LTE 44mm  (Top Up),dv6hd06078,Samsung,smartphone,device_contract,1178,,,,,,,,,,in_stock,https://www.vodacom.co.za/shopping/deals,"Vodacom catalogue snapshot fetched on 2026-08-06; confirm partner pricing, stock, and terms before fulfilment.",2026-08-06T00:00:00Z,https://www.vodacom.co.za/shopping/deals,true,false,https://shop.vodacom.co.za/media/catalog/product/placeholder/stores/8/No_image.png,RED Core 3GB 100min Top up ,both,"{""package"":""RED Core 3GB 100min Top up "",""tariff"":443,""device_installment"":735,""source_sku"":""100023958"",""gallery"":[{""url"":""https://shop.vodacom.co.za/media/catalog/product/placeholder/stores/8/No_image.png"",""label"":""Samsung Galaxy S26 256GB 5G + Galaxy Watch8 LTE 44mm  (Top Up)""},{""url"":""https://shop.vodacom.co.za/media/catalog/product/placeholder/stores/8/No_image_1.png"",""label"":""Samsung Galaxy S26 256GB 5G + Galaxy Watch8 LTE 44mm  (Top Up)""}],""storage_options"":[""256GB""]}"
vodacom:DV6GD22842,vodacom,Vodacom,#E60000,DV6GD22842,Samsung Galaxy Z Flip8 256GB 5G  + Samsung 45w Charger  + Galaxy Watch 9 44mm BT + FREE Silicone Magnet Case (Top Up),dv6gd22842,Samsung,smartphone,device_contract,1728,,,,,,,,,,in_stock,https://www.vodacom.co.za/shopping/deals,"Vodacom catalogue snapshot fetched on 2026-08-06; confirm partner pricing, stock, and terms before fulfilment.",2026-08-06T00:00:00Z,https://www.vodacom.co.za/shopping/deals,true,false,https://shop.vodacom.co.za/media/catalog/product/1/0/104081516_front_back_1.png?store=shop&image-type=image,RED 4GB 250min Top up,both,"{""package"":""RED 4GB 250min Top up"",""tariff"":659,""device_installment"":1069,""source_sku"":""100024504"",""gallery"":[{""url"":""https://shop.vodacom.co.za/media/catalog/product/1/0/104081516_front_back_1.png?store=shop&image-type=image"",""label"":""Samsung Galaxy Z Flip8 256GB 5G  + Samsung 45w Charger  + Galaxy Watch 9 44mm BT + FREE Silicone Magnet Case (Top Up)""},{""url"":""https://shop.vodacom.co.za/media/catalog/product/1/0/104081516_front_back_1.png?store=shop&image-type=small_image"",""label"":""Samsung Galaxy Z Flip8 256GB 5G  + Samsung 45w Charger  + Galaxy Watch 9 44mm BT + FREE Silicone Magnet Case (Top Up)""}],""storage_options"":[""256GB""]}"
vodacom:DV6HD13967,vodacom,Vodacom,#E60000,DV6HD13967,Samsung Galaxy S26 256GB 5G + Galaxy Watch 9 40mm LTE,dv6hd13967,Samsung,smartphone,device_contract,1078,,,,,,,,,,in_stock,https://www.vodacom.co.za/shopping/deals,"Vodacom catalogue snapshot fetched on 2026-08-06; confirm partner pricing, stock, and terms before fulfilment.",2026-08-06T00:00:00Z,https://www.vodacom.co.za/shopping/deals,true,false,https://shop.vodacom.co.za/media/catalog/product/placeholder/stores/8/No_image.png,RED Core 6GB 250min ,both,"{""package"":""RED Core 6GB 250min "",""tariff"":730,""device_installment"":348,""source_sku"":""100023958"",""gallery"":[{""url"":""https://shop.vodacom.co.za/media/catalog/product/placeholder/stores/8/No_image.png"",""label"":""Samsung Galaxy S26 256GB 5G + Galaxy Watch 9 40mm LTE""},{""url"":""https://shop.vodacom.co.za/media/catalog/product/placeholder/stores/8/No_image_1.png"",""label"":""Samsung Galaxy S26 256GB 5G + Galaxy Watch 9 40mm LTE""}],""storage_options"":[""256GB""]}"
vodacom:DV6GD23267,vodacom,Vodacom,#E60000,DV6GD23267,Samsung Galaxy Z Flip8 256GB 5G  + Samsung 45w Charger  + Galaxy Watch 9 40mm LTE + FREE Silicone Magnet Case,dv6gd23267,Samsung,smartphone,device_contract,3308,,,,,,,,,,in_stock,https://www.vodacom.co.za/shopping/deals,"Vodacom catalogue snapshot fetched on 2026-08-06; confirm partner pricing, stock, and terms before fulfilment.",2026-08-06T00:00:00Z,https://www.vodacom.co.za/shopping/deals,true,false,https://shop.vodacom.co.za/media/catalog/product/s/a/samsung_galaxy_z_flip8_256gb_5g_-_main_1__1.jpg?store=shop&image-type=image,RED VIP 200GB,both,"{""package"":""RED VIP 200GB"",""tariff"":3308,""device_installment"":null,""source_sku"":""100024504"",""gallery"":[{""url"":""https://shop.vodacom.co.za/media/catalog/product/s/a/samsung_galaxy_z_flip8_256gb_5g_-_main_1__1.jpg?store=shop&image-type=image"",""label"":""Samsung Galaxy Z Flip8 256GB 5G  + Samsung 45w Charger  + Galaxy Watch 9 40mm LTE + FREE Silicone Magnet Case""},{""url"":""https://shop.vodacom.co.za/media/catalog/product/s/a/samsung_galaxy_z_flip8_256gb_5g_-_main_1__1.jpg?store=shop&image-type=small_image"",""label"":""Samsung Galaxy Z Flip8 256GB 5G  + Samsung 45w Charger  + Galaxy Watch 9 40mm LTE + FREE Silicone Magnet Case""}],""storage_options"":[""256GB""]}"
vodacom:DV6HD13882,vodacom,Vodacom,#E60000,DV6HD13882,Samsung Galaxy S26 Ultra 256GB 5G,dv6hd13882,Samsung,smartphone,device_contract,1269,,,,,,,,,,in_stock,https://www.vodacom.co.za/shopping/deals,"Vodacom catalogue snapshot fetched on 2026-08-06; confirm partner pricing, stock, and terms before fulfilment.",2026-08-06T00:00:00Z,https://www.vodacom.co.za/shopping/deals,true,false,https://shop.vodacom.co.za/media/catalog/product/placeholder/stores/8/No_image.png,Red Flexi 545,both,"{""package"":""Red Flexi 545"",""tariff"":545,""device_installment"":724,""source_sku"":""100023964"",""gallery"":[{""url"":""https://shop.vodacom.co.za/media/catalog/product/placeholder/stores/8/No_image.png"",""label"":""Samsung Galaxy S26 Ultra 256GB 5G""},{""url"":""https://shop.vodacom.co.za/media/catalog/product/placeholder/stores/8/No_image_1.png"",""label"":""Samsung Galaxy S26 Ultra 256GB 5G""}],""storage_options"":[""256GB""]}"
vodacom:DV6GD22583,vodacom,Vodacom,#E60000,DV6GD22583,Samsung Galaxy Z Fold8 Ultra 1TB 5G  + Galaxy Watch 9 44mm LTE (Top Up),dv6gd22583,Samsung,smartphone,device_contract,3478,,,,,,,,,,in_stock,https://www.vodacom.co.za/shopping/deals,"Vodacom catalogue snapshot fetched on 2026-08-06; confirm partner pricing, stock, and terms before fulfilment.",2026-08-06T00:00:00Z,https://www.vodacom.co.za/shopping/deals,true,false,https://shop.vodacom.co.za/media/catalog/product/s/a/samsung_galaxy_z_fold8_ultra_512gb_5g_-_top_1__1_1.jpg?store=shop&image-type=image,RED Core 12GB 750min Top up ,both,"{""package"":""RED Core 12GB 750min Top up "",""tariff"":1226,""device_installment"":2252,""source_sku"":""100024508"",""gallery"":[{""url"":""https://shop.vodacom.co.za/media/catalog/product/s/a/samsung_galaxy_z_fold8_ultra_512gb_5g_-_top_1__1_1.jpg?store=shop&image-type=image"",""label"":""Samsung Galaxy Z Fold8 Ultra 1TB 5G  + Galaxy Watch 9 44mm LTE (Top Up)""},{""url"":""https://shop.vodacom.co.za/media/catalog/product/s/a/samsung_galaxy_z_fold8_ultra_512gb_5g_-_top_1__1_1.jpg?store=shop&image-type=small_image"",""label"":""Samsung Galaxy Z Fold8 Ultra 1TB 5G  + Galaxy Watch 9 44mm LTE (Top Up)""}],""storage_options"":[]}"
vodacom:DV6HD20676,vodacom,Vodacom,#E60000,DV6HD20676,Samsung Galaxy A57 256GB 5G + Samsung Galaxy Tab A11 64GB 4G  (Top Up),dv6hd20676,Samsung,smartphone,device_contract,658,,,,,,,,,,in_stock,https://www.vodacom.co.za/shopping/deals,"Vodacom catalogue snapshot fetched on 2026-08-06; confirm partner pricing, stock, and terms before fulfilment.",2026-08-06T00:00:00Z,https://www.vodacom.co.za/shopping/deals,true,false,https://shop.vodacom.co.za/media/catalog/product/placeholder/stores/8/No_image.png,RED Core 1GB 50min Top up,both,"{""package"":""RED Core 1GB 50min Top up"",""tariff"":292,""device_installment"":366,""source_sku"":""100024076"",""gallery"":[{""url"":""https://shop.vodacom.co.za/media/catalog/product/placeholder/stores/8/No_image.png"",""label"":""Samsung Galaxy A57 256GB 5G + Samsung Galaxy Tab A11 64GB 4G  (Top Up)""},{""url"":""https://shop.vodacom.co.za/media/catalog/product/placeholder/stores/8/No_image_1.png"",""label"":""Samsung Galaxy A57 256GB 5G + Samsung Galaxy Tab A11 64GB 4G  (Top Up)""}],""storage_options"":[""64GB"",""256GB""]}"
vodacom:DV6GD23061,vodacom,Vodacom,#E60000,DV6GD23061,Samsung Galaxy Z Fold8 256GB 5G  + Galaxy Watch 9 44mm LTE,dv6gd23061,Samsung,smartphone,device_contract,3928,,,,,,,,,,in_stock,https://www.vodacom.co.za/shopping/deals,"Vodacom catalogue snapshot fetched on 2026-08-06; confirm partner pricing, stock, and terms before fulfilment.",2026-08-06T00:00:00Z,https://www.vodacom.co.za/shopping/deals,true,false,https://shop.vodacom.co.za/media/catalog/product/s/a/samsung_galaxy_z_fold8_256gb_5g_-_main_1__1.jpg?store=shop&image-type=image,RED VIP 200GB,both,"{""package"":""RED VIP 200GB"",""tariff"":3923,""device_installment"":5,""source_sku"":""100024509"",""gallery"":[{""url"":""https://shop.vodacom.co.za/media/catalog/product/s/a/samsung_galaxy_z_fold8_256gb_5g_-_main_1__1.jpg?store=shop&image-type=image"",""label"":""Samsung Galaxy Z Fold8 256GB 5G  + Galaxy Watch 9 44mm LTE""},{""url"":""https://shop.vodacom.co.za/media/catalog/product/s/a/samsung_galaxy_z_fold8_256gb_5g_-_main_1__1.jpg?store=shop&image-type=small_image"",""label"":""Samsung Galaxy Z Fold8 256GB 5G  + Galaxy Watch 9 44mm LTE""}],""storage_options"":[""256GB""]}"
vodacom:DV6HD08857,vodacom,Vodacom,#E60000,DV6HD08857,2x Samsung Galaxy A37 256GB 5G,dv6hd08857,Vodacom,smartphone,device_contract,1679,,,,,,,,,,in_stock,https://www.vodacom.co.za/shopping/deals,"Vodacom catalogue snapshot fetched on 2026-08-06; confirm partner pricing, stock, and terms before fulfilment.",2026-08-06T00:00:00Z,https://www.vodacom.co.za/shopping/deals,true,false,https://shop.vodacom.co.za/media/catalog/product/placeholder/stores/8/No_image.png,Red Flexi 1110,both,"{""package"":""Red Flexi 1110"",""tariff"":1110,""device_installment"":569,""source_sku"":""100024075"",""gallery"":[{""url"":""https://shop.vodacom.co.za/media/catalog/product/placeholder/stores/8/No_image.png"",""label"":""2x Samsung Galaxy A37 256GB 5G""},{""url"":""https://shop.vodacom.co.za/media/catalog/product/placeholder/stores/8/No_image_1.png"",""label"":""2x Samsung Galaxy A37 256GB 5G""}],""storage_options"":[""256GB""]}"
vodacom:DV6HD11998,vodacom,Vodacom,#E60000,DV6HD11998,Apple iPhone 17 Pro Max 1TB 5G,dv6hd11998,Apple,smartphone,device_contract,1879,,,,,,,,,,in_stock,https://www.vodacom.co.za/shopping/deals,"Vodacom catalogue snapshot fetched on 2026-08-06; confirm partner pricing, stock, and terms before fulfilment.",2026-08-06T00:00:00Z,https://www.vodacom.co.za/shopping/deals,true,false,https://shop.vodacom.co.za/media/catalog/product/placeholder/stores/8/No_image.png,Red Flexi 735,both,"{""package"":""Red Flexi 735"",""tariff"":735,""device_installment"":1144,""source_sku"":""100023766"",""gallery"":[{""url"":""https://shop.vodacom.co.za/media/catalog/product/placeholder/stores/8/No_image.png"",""label"":""Apple iPhone 17 Pro Max 1TB 5G""},{""url"":""https://shop.vodacom.co.za/media/catalog/product/placeholder/stores/8/No_image_1.png"",""label"":""Apple iPhone 17 Pro Max 1TB 5G""}],""storage_options"":[]}"
vodacom:DV6HB00322,vodacom,Vodacom,#E60000,DV6HB00322,Samsung Galaxy S25 Ultra 256GB 5G,dv6hb00322,Samsung,smartphone,device_contract,2649,,,,,,,,,,in_stock,https://www.vodacom.co.za/shopping/deals,"Vodacom catalogue snapshot fetched on 2026-08-06; confirm partner pricing, stock, and terms before fulfilment.",2026-08-06T00:00:00Z,https://www.vodacom.co.za/shopping/deals,true,false,https://shop.vodacom.co.za/media/catalog/product/placeholder/stores/8/No_image.png,RED VIP 200GB,both,"{""package"":""RED VIP 200GB"",""tariff"":2649,""device_installment"":null,""source_sku"":""100022670"",""gallery"":[{""url"":""https://shop.vodacom.co.za/media/catalog/product/placeholder/stores/8/No_image.png"",""label"":""Samsung Galaxy S25 Ultra 256GB 5G""},{""url"":""https://shop.vodacom.co.za/media/catalog/product/placeholder/stores/8/No_image_1.png"",""label"":""Samsung Galaxy S25 Ultra 256GB 5G""}],""storage_options"":[""256GB""]}"
vodacom:DV6HD00164,vodacom,Vodacom,#E60000,DV6HD00164,"HP OmniBook 5 Flip x360 14"" Core 5 16/512GB SSD + HUAWEI E5783-230A CAT7 Mi-Fi Router  (Top Up)",dv6hd00164,HP,laptop,device_contract,1549,,,,,,,,,,in_stock,https://www.vodacom.co.za/shopping/deals,"Vodacom catalogue snapshot fetched on 2026-08-06; confirm partner pricing, stock, and terms before fulfilment.",2026-08-06T00:00:00Z,https://www.vodacom.co.za/shopping/deals,true,false,https://shop.vodacom.co.za/media/catalog/product/placeholder/stores/8/No_image.png,200GB Data Top up,both,"{""package"":""200GB Data Top up"",""tariff"":329,""device_installment"":1220,""source_sku"":""100024109"",""gallery"":[{""url"":""https://shop.vodacom.co.za/media/catalog/product/placeholder/stores/8/No_image.png"",""label"":""HP OmniBook 5 Flip x360 14\"" Core 5 16/512GB SSD + HUAWEI E5783-230A CAT7 Mi-Fi Router  (Top Up)""},{""url"":""https://shop.vodacom.co.za/media/catalog/product/placeholder/stores/8/No_image_1.png"",""label"":""HP OmniBook 5 Flip x360 14\"" Core 5 16/512GB SSD + HUAWEI E5783-230A CAT7 Mi-Fi Router  (Top Up)""}],""storage_options"":[""512GB""]}"
vodacom:DV6HD08856,vodacom,Vodacom,#E60000,DV6HD08856,2x HONOR 600 Lite 256GB 5G,dv6hd08856,Vodacom,smartphone,device_contract,1709,,,,,,,,,,in_stock,https://www.vodacom.co.za/shopping/deals,"Vodacom catalogue snapshot fetched on 2026-08-06; confirm partner pricing, stock, and terms before fulfilment.",2026-08-06T00:00:00Z,https://www.vodacom.co.za/shopping/deals,true,false,https://shop.vodacom.co.za/media/catalog/product/placeholder/stores/8/No_image.png,Red Flexi 1110,both,"{""package"":""Red Flexi 1110"",""tariff"":1110,""device_installment"":599,""source_sku"":""100024017"",""gallery"":[{""url"":""https://shop.vodacom.co.za/media/catalog/product/placeholder/stores/8/No_image.png"",""label"":""2x HONOR 600 Lite 256GB 5G""},{""url"":""https://shop.vodacom.co.za/media/catalog/product/placeholder/stores/8/No_image_1.png"",""label"":""2x HONOR 600 Lite 256GB 5G""}],""storage_options"":[""256GB""]}"
vodacom:DV6HD08624,vodacom,Vodacom,#E60000,DV6HD08624,vivo X300 Pro 512GB 5G + vivo Zeiss 2.35x Telephoto extender kit,dv6hd08624,Vivo,smartphone,device_contract,2329,,,,,,,,,,out_of_stock,https://www.vodacom.co.za/shopping/deals,"Vodacom catalogue snapshot fetched on 2026-08-06; confirm partner pricing, stock, and terms before fulfilment.",2026-08-06T00:00:00Z,https://www.vodacom.co.za/shopping/deals,true,false,https://shop.vodacom.co.za/media/catalog/product/placeholder/stores/8/No_image.png,RED Core 12GB 750min ,both,"{""package"":""RED Core 12GB 750min "",""tariff"":1161,""device_installment"":1168,""source_sku"":""100024100"",""gallery"":[{""url"":""https://shop.vodacom.co.za/media/catalog/product/placeholder/stores/8/No_image.png"",""label"":""vivo X300 Pro 512GB 5G + vivo Zeiss 2.35x Telephoto extender kit""},{""url"":""https://shop.vodacom.co.za/media/catalog/product/placeholder/stores/8/No_image_1.png"",""label"":""vivo X300 Pro 512GB 5G + vivo Zeiss 2.35x Telephoto extender kit""}],""storage_options"":[""512GB""]}"
vodacom:DV6HD02603,vodacom,Vodacom,#E60000,DV6HD02603,Samsung Galaxy S26+ 256GB 5G + Galaxy Watch 9 40mm LTE,dv6hd02603,Samsung,smartphone,device_contract,3308,,,,,,,,,,in_stock,https://www.vodacom.co.za/shopping/deals,"Vodacom catalogue snapshot fetched on 2026-08-06; confirm partner pricing, stock, and terms before fulfilment.",2026-08-06T00:00:00Z,https://www.vodacom.co.za/shopping/deals,true,false,https://shop.vodacom.co.za/media/catalog/product/placeholder/stores/8/No_image.png,RED VIP 200GB,both,"{""package"":""RED VIP 200GB"",""tariff"":3308,""device_installment"":null,""source_sku"":""100023962"",""gallery"":[{""url"":""https://shop.vodacom.co.za/media/catalog/product/placeholder/stores/8/No_image.png"",""label"":""Samsung Galaxy S26+ 256GB 5G + Galaxy Watch 9 40mm LTE""},{""url"":""https://shop.vodacom.co.za/media/catalog/product/placeholder/stores/8/No_image_1.png"",""label"":""Samsung Galaxy S26+ 256GB 5G + Galaxy Watch 9 40mm LTE""}],""storage_options"":[""256GB""]}"
vodacom:DV6HD21911,vodacom,Vodacom,#E60000,DV6HD21911,Samsung Galaxy S26 Ultra 512GB 5G  (Top Up),dv6hd21911,Samsung,smartphone,device_contract,1499,,,,,,,,,,in_stock,https://www.vodacom.co.za/shopping/deals,"Vodacom catalogue snapshot fetched on 2026-08-06; confirm partner pricing, stock, and terms before fulfilment.",2026-08-06T00:00:00Z,https://www.vodacom.co.za/shopping/deals,true,false,https://shop.vodacom.co.za/media/catalog/product/placeholder/stores/8/No_image.png,RED Core 12GB 750min Top up ,both,"{""package"":""RED Core 12GB 750min Top up "",""tariff"":1226,""device_installment"":273,""source_sku"":""100023966"",""gallery"":[{""url"":""https://shop.vodacom.co.za/media/catalog/product/placeholder/stores/8/No_image.png"",""label"":""Samsung Galaxy S26 Ultra 512GB 5G  (Top Up)""},{""url"":""https://shop.vodacom.co.za/media/catalog/product/placeholder/stores/8/No_image_1.png"",""label"":""Samsung Galaxy S26 Ultra 512GB 5G  (Top Up)""}],""storage_options"":[""512GB""]}"
vodacom:DV6HD19186,vodacom,Vodacom,#E60000,DV6HD19186,HUAWEI nova 15 Max 8/256GB,dv6hd19186,Huawei,smartphone,device_contract,899,,,,,,,,,,in_stock,https://www.vodacom.co.za/shopping/deals,"Vodacom catalogue snapshot fetched on 2026-08-06; confirm partner pricing, stock, and terms before fulfilment.",2026-08-06T00:00:00Z,https://www.vodacom.co.za/shopping/deals,true,false,https://shop.vodacom.co.za/media/catalog/product/placeholder/stores/8/No_image.png,RED Core 12GB 750min ,both,"{""package"":""RED Core 12GB 750min "",""tariff"":899,""device_installment"":null,""source_sku"":""100024395"",""gallery"":[{""url"":""https://shop.vodacom.co.za/media/catalog/product/placeholder/stores/8/No_image.png"",""label"":""HUAWEI nova 15 Max 8/256GB""},{""url"":""https://shop.vodacom.co.za/media/catalog/product/placeholder/stores/8/No_image_1.png"",""label"":""HUAWEI nova 15 Max 8/256GB""}],""storage_options"":[""256GB""]}"
vodacom:DV6HD19074,vodacom,Vodacom,#E60000,DV6HD19074,HUAWEI Pura 90s Pro 256GB,dv6hd19074,Huawei,smartphone,device_contract,1269,,,,,,,,,,in_stock,https://www.vodacom.co.za/shopping/deals,"Vodacom catalogue snapshot fetched on 2026-08-06; confirm partner pricing, stock, and terms before fulfilment.",2026-08-06T00:00:00Z,https://www.vodacom.co.za/shopping/deals,true,false,https://shop.vodacom.co.za/media/catalog/product/placeholder/stores/8/No_image.png,RED Core 12GB 750min ,both,"{""package"":""RED Core 12GB 750min "",""tariff"":1161,""device_installment"":108,""source_sku"":""100024692"",""gallery"":[{""url"":""https://shop.vodacom.co.za/media/catalog/product/placeholder/stores/8/No_image.png"",""label"":""HUAWEI Pura 90s Pro 256GB""},{""url"":""https://shop.vodacom.co.za/media/catalog/product/placeholder/stores/8/No_image_1.png"",""label"":""HUAWEI Pura 90s Pro 256GB""}],""storage_options"":[""256GB""]}"
vodacom:DV6HD08817,vodacom,Vodacom,#E60000,DV6HD08817,2x Samsung Galaxy A27 128GB 5G,dv6hd08817,Vodacom,smartphone,device_contract,949,,,,,,,,,,in_stock,https://www.vodacom.co.za/shopping/deals,"Vodacom catalogue snapshot fetched on 2026-08-06; confirm partner pricing, stock, and terms before fulfilment.",2026-08-06T00:00:00Z,https://www.vodacom.co.za/shopping/deals,true,false,https://shop.vodacom.co.za/media/catalog/product/placeholder/stores/8/No_image.png,Red Flexi 320,both,"{""package"":""Red Flexi 320"",""tariff"":320,""device_installment"":629,""source_sku"":""100024159"",""gallery"":[{""url"":""https://shop.vodacom.co.za/media/catalog/product/placeholder/stores/8/No_image.png"",""label"":""2x Samsung Galaxy A27 128GB 5G""},{""url"":""https://shop.vodacom.co.za/media/catalog/product/placeholder/stores/8/No_image_1.png"",""label"":""2x Samsung Galaxy A27 128GB 5G""}],""storage_options"":[""128GB""]}"
vodacom:DV6HD03860,vodacom,Vodacom,#E60000,DV6HD03860,Samsung Galaxy S26 Ultra 512GB 5G,dv6hd03860,Samsung,smartphone,device_contract,1899,,,,,,,,,,in_stock,https://www.vodacom.co.za/shopping/deals,"Vodacom catalogue snapshot fetched on 2026-08-06; confirm partner pricing, stock, and terms before fulfilment.",2026-08-06T00:00:00Z,https://www.vodacom.co.za/shopping/deals,true,false,https://shop.vodacom.co.za/media/catalog/product/placeholder/stores/8/No_image.png,RED Core 6GB 250min ,both,"{""package"":""RED Core 6GB 250min "",""tariff"":730,""device_installment"":1169,""source_sku"":""100023966"",""gallery"":[{""url"":""https://shop.vodacom.co.za/media/catalog/product/placeholder/stores/8/No_image.png"",""label"":""Samsung Galaxy S26 Ultra 512GB 5G""},{""url"":""https://shop.vodacom.co.za/media/catalog/product/placeholder/stores/8/No_image_1.png"",""label"":""Samsung Galaxy S26 Ultra 512GB 5G""}],""storage_options"":[""512GB""]}"
vodacom:DV6HD13824,vodacom,Vodacom,#E60000,DV6HD13824,HONOR 600 256GB 5G,dv6hd13824,Honor,smartphone,device_contract,869,,,,,,,,,,in_stock,https://www.vodacom.co.za/shopping/deals,"Vodacom catalogue snapshot fetched on 2026-08-06; confirm partner pricing, stock, and terms before fulfilment.",2026-08-06T00:00:00Z,https://www.vodacom.co.za/shopping/deals,true,false,https://shop.vodacom.co.za/media/catalog/product/placeholder/stores/8/No_image.png,Red Flexi 545,both,"{""package"":""Red Flexi 545"",""tariff"":545,""device_installment"":324,""source_sku"":""100024233"",""gallery"":[{""url"":""https://shop.vodacom.co.za/media/catalog/product/placeholder/stores/8/No_image.png"",""label"":""HONOR 600 256GB 5G""},{""url"":""https://shop.vodacom.co.za/media/catalog/product/placeholder/stores/8/No_image_1.png"",""label"":""HONOR 600 256GB 5G""}],""storage_options"":[""256GB""]}"
vodacom:DV6HD10427,vodacom,Vodacom,#E60000,DV6HD10427,Samsung Galaxy Tab S10 Lite 128GB 5G  (Top Up),dv6hd10427,Samsung,tablet,device_contract,449,,,,,,,,,,in_stock,https://www.vodacom.co.za/shopping/deals,"Vodacom catalogue snapshot fetched on 2026-08-06; confirm partner pricing, stock, and terms before fulfilment.",2026-08-06T00:00:00Z,https://www.vodacom.co.za/shopping/deals,true,false,https://shop.vodacom.co.za/media/catalog/product/placeholder/stores/8/No_image.png,80GB Data Top up,both,"{""package"":""80GB Data Top up"",""tariff"":229,""device_installment"":220,""source_sku"":""100023370"",""gallery"":[{""url"":""https://shop.vodacom.co.za/media/catalog/product/placeholder/stores/8/No_image.png"",""label"":""Samsung Galaxy Tab S10 Lite 128GB 5G  (Top Up)""},{""url"":""https://shop.vodacom.co.za/media/catalog/product/placeholder/stores/8/No_image_1.png"",""label"":""Samsung Galaxy Tab S10 Lite 128GB 5G  (Top Up)""}],""storage_options"":[""128GB""]}"
vodacom:DV6HD17411,vodacom,Vodacom,#E60000,DV6HD17411,HONOR X6c 128GB  (Top Up),dv6hd17411,Honor,smartphone,device_contract,779,,,,,,,,,,in_stock,https://www.vodacom.co.za/shopping/deals,"Vodacom catalogue snapshot fetched on 2026-08-06; confirm partner pricing, stock, and terms before fulfilment.",2026-08-06T00:00:00Z,https://www.vodacom.co.za/shopping/deals,true,false,https://shop.vodacom.co.za/media/catalog/product/placeholder/stores/8/No_image.png,RED Core 12GB 750min Top up ,both,"{""package"":""RED Core 12GB 750min Top up "",""tariff"":779,""device_installment"":null,""source_sku"":""100023358"",""gallery"":[{""url"":""https://shop.vodacom.co.za/media/catalog/product/placeholder/stores/8/No_image.png"",""label"":""HONOR X6c 128GB  (Top Up)""},{""url"":""https://shop.vodacom.co.za/media/catalog/product/placeholder/stores/8/No_image_1.png"",""label"":""HONOR X6c 128GB  (Top Up)""}],""storage_options"":[""128GB""]}"
vodacom:DV6HD13386,vodacom,Vodacom,#E60000,DV6HD13386,Samsung Galaxy S26 Ultra 512GB 5G,dv6hd13386,Samsung,smartphone,device_contract,2699,,,,,,,,,,in_stock,https://www.vodacom.co.za/shopping/deals,"Vodacom catalogue snapshot fetched on 2026-08-06; confirm partner pricing, stock, and terms before fulfilment.",2026-08-06T00:00:00Z,https://www.vodacom.co.za/shopping/deals,true,false,https://shop.vodacom.co.za/media/catalog/product/placeholder/stores/8/No_image.png,RED VIP 100GB,both,"{""package"":""RED VIP 100GB"",""tariff"":2699,""device_installment"":null,""source_sku"":""100023966"",""gallery"":[{""url"":""https://shop.vodacom.co.za/media/catalog/product/placeholder/stores/8/No_image.png"",""label"":""Samsung Galaxy S26 Ultra 512GB 5G""},{""url"":""https://shop.vodacom.co.za/media/catalog/product/placeholder/stores/8/No_image_1.png"",""label"":""Samsung Galaxy S26 Ultra 512GB 5G""}],""storage_options"":[""512GB""]}"
vodacom:DV6HD09901,vodacom,Vodacom,#E60000,DV6HD09901,2x OPPO A6k 256GB,dv6hd09901,Vodacom,smartphone,device_contract,799,,,,,,,,,,in_stock,https://www.vodacom.co.za/shopping/deals,"Vodacom catalogue snapshot fetched on 2026-08-06; confirm partner pricing, stock, and terms before fulfilment.",2026-08-06T00:00:00Z,https://www.vodacom.co.za/shopping/deals,true,false,https://shop.vodacom.co.za/media/catalog/product/placeholder/stores/8/No_image.png,RED Core 1GB 50min ,both,"{""package"":""RED Core 1GB 50min "",""tariff"":276,""device_installment"":523,""source_sku"":""100024405"",""gallery"":[{""url"":""https://shop.vodacom.co.za/media/catalog/product/placeholder/stores/8/No_image.png"",""label"":""2x OPPO A6k 256GB""},{""url"":""https://shop.vodacom.co.za/media/catalog/product/placeholder/stores/8/No_image_1.png"",""label"":""2x OPPO A6k 256GB""}],""storage_options"":[""256GB""]}"
vodacom:DV6HD14671,vodacom,Vodacom,#E60000,DV6HD14671,Motorola Edge 70 512GB 5G with Moto Buds Swarovski,dv6hd14671,Motorola,smartphone,device_contract,1029,,,,,,,,,,in_stock,https://www.vodacom.co.za/shopping/deals,"Vodacom catalogue snapshot fetched on 2026-08-06; confirm partner pricing, stock, and terms before fulfilment.",2026-08-06T00:00:00Z,https://www.vodacom.co.za/shopping/deals,true,false,https://shop.vodacom.co.za/media/catalog/product/placeholder/stores/8/No_image.png,Red Flexi 735,both,"{""package"":""Red Flexi 735"",""tariff"":735,""device_installment"":294,""source_sku"":""100024412"",""gallery"":[{""url"":""https://shop.vodacom.co.za/media/catalog/product/placeholder/stores/8/No_image.png"",""label"":""Motorola Edge 70 512GB 5G with Moto Buds Swarovski""},{""url"":""https://shop.vodacom.co.za/media/catalog/product/placeholder/stores/8/No_image_1.png"",""label"":""Motorola Edge 70 512GB 5G with Moto Buds Swarovski""}],""storage_options"":[""512GB""]}"
vodacom:DV6HD21092,vodacom,Vodacom,#E60000,DV6HD21092,2x Redmi Note 15 256GB  (Top Up),dv6hd21092,Vodacom,smartphone,device_contract,749,,,,,,,,,,in_stock,https://www.vodacom.co.za/shopping/deals,"Vodacom catalogue snapshot fetched on 2026-08-06; confirm partner pricing, stock, and terms before fulfilment.",2026-08-06T00:00:00Z,https://www.vodacom.co.za/shopping/deals,true,false,https://shop.vodacom.co.za/media/catalog/product/placeholder/stores/8/No_image.png,RED Core 3GB 100min Top up ,both,"{""package"":""RED Core 3GB 100min Top up "",""tariff"":443,""device_installment"":306,""source_sku"":""100024101"",""gallery"":[{""url"":""https://shop.vodacom.co.za/media/catalog/product/placeholder/stores/8/No_image.png"",""label"":""2x Redmi Note 15 256GB  (Top Up)""},{""url"":""https://shop.vodacom.co.za/media/catalog/product/placeholder/stores/8/No_image_1.png"",""label"":""2x Redmi Note 15 256GB  (Top Up)""}],""storage_options"":[""256GB""]}"
vodacom:DV6HD21527,vodacom,Vodacom,#E60000,DV6HD21527,vivo X300 Pro 512GB 5G,dv6hd21527,Vivo,smartphone,device_contract,1369,,,,,,,,,,in_stock,https://www.vodacom.co.za/shopping/deals,"Vodacom catalogue snapshot fetched on 2026-08-06; confirm partner pricing, stock, and terms before fulfilment.",2026-08-06T00:00:00Z,https://www.vodacom.co.za/shopping/deals,true,false,https://shop.vodacom.co.za/media/catalog/product/placeholder/stores/8/No_image.png,Red Flexi 545,both,"{""package"":""Red Flexi 545"",""tariff"":545,""device_installment"":824,""source_sku"":""100024100"",""gallery"":[{""url"":""https://shop.vodacom.co.za/media/catalog/product/placeholder/stores/8/No_image.png"",""label"":""vivo X300 Pro 512GB 5G""},{""url"":""https://shop.vodacom.co.za/media/catalog/product/placeholder/stores/8/No_image_1.png"",""label"":""vivo X300 Pro 512GB 5G""}],""storage_options"":[""512GB""]}"
vodacom:DV6HD14954,vodacom,Vodacom,#E60000,DV6HD14954,Nubia Neo 3 GT 256GB 5G  (Top Up),dv6hd14954,Nubia,smartphone,device_contract,849,,,,,,,,,,in_stock,https://www.vodacom.co.za/shopping/deals,"Vodacom catalogue snapshot fetched on 2026-08-06; confirm partner pricing, stock, and terms before fulfilment.",2026-08-06T00:00:00Z,https://www.vodacom.co.za/shopping/deals,true,false,https://shop.vodacom.co.za/media/catalog/product/placeholder/stores/8/No_image.png,RED Core 6GB 250min Top up ,both,"{""package"":""RED Core 6GB 250min Top up "",""tariff"":794,""device_installment"":55,""source_sku"":""100024105"",""gallery"":[{""url"":""https://shop.vodacom.co.za/media/catalog/product/placeholder/stores/8/No_image.png"",""label"":""Nubia Neo 3 GT 256GB 5G  (Top Up)""},{""url"":""https://shop.vodacom.co.za/media/catalog/product/placeholder/stores/8/No_image_1.png"",""label"":""Nubia Neo 3 GT 256GB 5G  (Top Up)""}],""storage_options"":[""256GB""]}"
vodacom:DV6GD24780,vodacom,Vodacom,#E60000,DV6GD24780,Samsung Galaxy Z Flip8 256GB 5G  + Samsung 45w Charger  + FREE Silicone Magnet Case,dv6gd24780,Samsung,smartphone,device_contract,2729,,,,,,,,,,in_stock,https://www.vodacom.co.za/shopping/deals,"Vodacom catalogue snapshot fetched on 2026-08-06; confirm partner pricing, stock, and terms before fulfilment.",2026-08-06T00:00:00Z,https://www.vodacom.co.za/shopping/deals,true,false,https://shop.vodacom.co.za/media/catalog/product/s/a/samsung_galaxy_z_flip8_256gb_5g_-_main_1__1.jpg?store=shop&image-type=image,RED VIP 200GB,both,"{""package"":""RED VIP 200GB"",""tariff"":2729,""device_installment"":null,""source_sku"":""100024504"",""gallery"":[{""url"":""https://shop.vodacom.co.za/media/catalog/product/s/a/samsung_galaxy_z_flip8_256gb_5g_-_main_1__1.jpg?store=shop&image-type=image"",""label"":""Samsung Galaxy Z Flip8 256GB 5G  + Samsung 45w Charger  + FREE Silicone Magnet Case""},{""url"":""https://shop.vodacom.co.za/media/catalog/product/s/a/samsung_galaxy_z_flip8_256gb_5g_-_main_1__1.jpg?store=shop&image-type=small_image"",""label"":""Samsung Galaxy Z Flip8 256GB 5G  + Samsung 45w Charger  + FREE Silicone Magnet Case""}],""storage_options"":[""256GB""]}"
vodacom:DV6HD16385,vodacom,Vodacom,#E60000,DV6HD16385,HONOR X6d 256GB 5G,dv6hd16385,Honor,smartphone,device_contract,519,,,,,,,,,,in_stock,https://www.vodacom.co.za/shopping/deals,"Vodacom catalogue snapshot fetched on 2026-08-06; confirm partner pricing, stock, and terms before fulfilment.",2026-08-06T00:00:00Z,https://www.vodacom.co.za/shopping/deals,true,false,https://shop.vodacom.co.za/media/catalog/product/placeholder/stores/8/No_image.png,RED Flexi 425,both,"{""package"":""RED Flexi 425"",""tariff"":425,""device_installment"":94,""source_sku"":""100024016"",""gallery"":[{""url"":""https://shop.vodacom.co.za/media/catalog/product/placeholder/stores/8/No_image.png"",""label"":""HONOR X6d 256GB 5G""},{""url"":""https://shop.vodacom.co.za/media/catalog/product/placeholder/stores/8/No_image_1.png"",""label"":""HONOR X6d 256GB 5G""}],""storage_options"":[""256GB""]}"
vodacom:DV6HD04746,vodacom,Vodacom,#E60000,DV6HD04746,HUAWEI Mate X7 512GB  (Top Up),dv6hd04746,Huawei,smartphone,device_contract,2199,,,,,,,,,,in_stock,https://www.vodacom.co.za/shopping/deals,"Vodacom catalogue snapshot fetched on 2026-08-06; confirm partner pricing, stock, and terms before fulfilment.",2026-08-06T00:00:00Z,https://www.vodacom.co.za/shopping/deals,true,false,https://shop.vodacom.co.za/media/catalog/product/placeholder/stores/8/No_image.png,RED Core 6GB 250min Top up ,both,"{""package"":""RED Core 6GB 250min Top up "",""tariff"":794,""device_installment"":1405,""source_sku"":""100024168"",""gallery"":[{""url"":""https://shop.vodacom.co.za/media/catalog/product/placeholder/stores/8/No_image.png"",""label"":""HUAWEI Mate X7 512GB  (Top Up)""},{""url"":""https://shop.vodacom.co.za/media/catalog/product/placeholder/stores/8/No_image_1.png"",""label"":""HUAWEI Mate X7 512GB  (Top Up)""}],""storage_options"":[""512GB""]}"
vodacom:DV6HD08366,vodacom,Vodacom,#E60000,DV6HD08366,Motorola Edge 70 512GB 5G  (Top Up),dv6hd08366,Motorola,smartphone,device_contract,529,,,,,,,,,,in_stock,https://www.vodacom.co.za/shopping/deals,"Vodacom catalogue snapshot fetched on 2026-08-06; confirm partner pricing, stock, and terms before fulfilment.",2026-08-06T00:00:00Z,https://www.vodacom.co.za/shopping/deals,true,false,https://shop.vodacom.co.za/media/catalog/product/placeholder/stores/8/No_image.png,RED Core 1GB 50min Top up,both,"{""package"":""RED Core 1GB 50min Top up"",""tariff"":292,""device_installment"":237,""source_sku"":""100024094"",""gallery"":[{""url"":""https://shop.vodacom.co.za/media/catalog/product/placeholder/stores/8/No_image.png"",""label"":""Motorola Edge 70 512GB 5G  (Top Up)""},{""url"":""https://shop.vodacom.co.za/media/catalog/product/placeholder/stores/8/No_image_1.png"",""label"":""Motorola Edge 70 512GB 5G  (Top Up)""}],""storage_options"":[""512GB""]}"
vodacom:DV6HD19489,vodacom,Vodacom,#E60000,DV6HD19489,2x Samsung Galaxy S25FE 256GB 5G,dv6hd19489,Vodacom,smartphone,device_contract,1049,,,,,,,,,,in_stock,https://www.vodacom.co.za/shopping/deals,"Vodacom catalogue snapshot fetched on 2026-08-06; confirm partner pricing, stock, and terms before fulfilment.",2026-08-06T00:00:00Z,https://www.vodacom.co.za/shopping/deals,true,false,https://shop.vodacom.co.za/media/catalog/product/placeholder/stores/8/No_image.png,Red Flexi 245,both,"{""package"":""Red Flexi 245"",""tariff"":245,""device_installment"":804,""source_sku"":""100023373"",""gallery"":[{""url"":""https://shop.vodacom.co.za/media/catalog/product/placeholder/stores/8/No_image.png"",""label"":""2x Samsung Galaxy S25FE 256GB 5G""},{""url"":""https://shop.vodacom.co.za/media/catalog/product/placeholder/stores/8/No_image_1.png"",""label"":""2x Samsung Galaxy S25FE 256GB 5G""}],""storage_options"":[""256GB""]}"
vodacom:DV6GD22494,vodacom,Vodacom,#E60000,DV6GD22494,Samsung Galaxy Z Fold8 Ultra 512GB 5G  + Samsung 45w Charger  + Galaxy Buds 4 + Galaxy Watch 9 44mm LTE + FREE Carbon Magnet Case (Top Up),dv6gd22494,Samsung,smartphone,device_contract,2968,,,,,,,,,,in_stock,https://www.vodacom.co.za/shopping/deals,"Vodacom catalogue snapshot fetched on 2026-08-06; confirm partner pricing, stock, and terms before fulfilment.",2026-08-06T00:00:00Z,https://www.vodacom.co.za/shopping/deals,true,false,https://shop.vodacom.co.za/media/catalog/product/s/a/samsung_galaxy_z_fold8_ultra_512gb_5g_-_top_2__1.jpg?store=shop&image-type=image,RED Core 6GB 250min Top up ,both,"{""package"":""RED Core 6GB 250min Top up "",""tariff"":794,""device_installment"":2174,""source_sku"":""100024507"",""gallery"":[{""url"":""https://shop.vodacom.co.za/media/catalog/product/s/a/samsung_galaxy_z_fold8_ultra_512gb_5g_-_top_2__1.jpg?store=shop&image-type=image"",""label"":""Samsung Galaxy Z Fold8 Ultra 512GB 5G  + Samsung 45w Charger  + Galaxy Buds 4 + Galaxy Watch 9 44mm LTE + FREE Carbon Magnet Case (Top Up)""},{""url"":""https://shop.vodacom.co.za/media/catalog/product/s/a/samsung_galaxy_z_fold8_ultra_512gb_5g_-_top_2__1.jpg?store=shop&image-type=small_image"",""label"":""Samsung Galaxy Z Fold8 Ultra 512GB 5G  + Samsung 45w Charger  + Galaxy Buds 4 + Galaxy Watch 9 44mm LTE + FREE Carbon Magnet Case (Top Up)""}],""storage_options"":[""512GB""]}"
vodacom:DV6HD23171,vodacom,Vodacom,#E60000,DV6HD23171,Apple iPhone 15 128GB 5G  (Top Up),dv6hd23171,Apple,smartphone,device_contract,1079,,,,,,,,,,in_stock,https://www.vodacom.co.za/shopping/deals,"Vodacom catalogue snapshot fetched on 2026-08-06; confirm partner pricing, stock, and terms before fulfilment.",2026-08-06T00:00:00Z,https://www.vodacom.co.za/shopping/deals,true,false,https://shop.vodacom.co.za/media/catalog/product/placeholder/stores/8/No_image.png,RED Core 12GB 750min Top up ,both,"{""package"":""RED Core 12GB 750min Top up "",""tariff"":1079,""device_installment"":null,""source_sku"":""100021503"",""gallery"":[{""url"":""https://shop.vodacom.co.za/media/catalog/product/placeholder/stores/8/No_image.png"",""label"":""Apple iPhone 15 128GB\u00a05G  (Top Up)""},{""url"":""https://shop.vodacom.co.za/media/catalog/product/placeholder/stores/8/No_image_1.png"",""label"":""Apple iPhone 15 128GB\u00a05G  (Top Up)""}],""storage_options"":[""128GB""]}"
vodacom:DV6GD24122,vodacom,Vodacom,#E60000,DV6GD24122,Samsung Galaxy Z Flip8 256GB 5G  + Samsung 45w Charger  + Galaxy Buds 4 + Galaxy Watch 9 44mm LTE + FREE Silicone Magnet Case (Top Up),dv6gd24122,Samsung,smartphone,device_contract,1648,,,,,,,,,,in_stock,https://www.vodacom.co.za/shopping/deals,"Vodacom catalogue snapshot fetched on 2026-08-06; confirm partner pricing, stock, and terms before fulfilment.",2026-08-06T00:00:00Z,https://www.vodacom.co.za/shopping/deals,true,false,https://shop.vodacom.co.za/media/catalog/product/s/a/samsung_galaxy_z_flip8_256gb_5g_-_main_1__1.jpg?store=shop&image-type=image,RED Core 12GB 750min Top up ,both,"{""package"":""RED Core 12GB 750min Top up "",""tariff"":1226,""device_installment"":422,""source_sku"":""100024504"",""gallery"":[{""url"":""https://shop.vodacom.co.za/media/catalog/product/s/a/samsung_galaxy_z_flip8_256gb_5g_-_main_1__1.jpg?store=shop&image-type=image"",""label"":""Samsung Galaxy Z Flip8 256GB 5G  + Samsung 45w Charger  + Galaxy Buds 4 + Galaxy Watch 9 44mm LTE + FREE Silicone Magnet Case (Top Up)""},{""url"":""https://shop.vodacom.co.za/media/catalog/product/s/a/samsung_galaxy_z_flip8_256gb_5g_-_main_1__1.jpg?store=shop&image-type=small_image"",""label"":""Samsung Galaxy Z Flip8 256GB 5G  + Samsung 45w Charger  + Galaxy Buds 4 + Galaxy Watch 9 44mm LTE + FREE Silicone Magnet Case (Top Up)""}],""storage_options"":[""256GB""]}"
vodacom:DV6HD19549,vodacom,Vodacom,#E60000,DV6HD19549,2x Apple iPhone 16e 128GB,dv6hd19549,Vodacom,smartphone,device_contract,2189,,,,,,,,,,in_stock,https://www.vodacom.co.za/shopping/deals,"Vodacom catalogue snapshot fetched on 2026-08-06; confirm partner pricing, stock, and terms before fulfilment.",2026-08-06T00:00:00Z,https://www.vodacom.co.za/shopping/deals,true,false,https://shop.vodacom.co.za/media/catalog/product/placeholder/stores/8/No_image.png,RED VIP 50GB,both,"{""package"":""RED VIP 50GB"",""tariff"":2189,""device_installment"":null,""source_sku"":""100022907"",""gallery"":[{""url"":""https://shop.vodacom.co.za/media/catalog/product/placeholder/stores/8/No_image.png"",""label"":""2x Apple iPhone 16e 128GB""},{""url"":""https://shop.vodacom.co.za/media/catalog/product/placeholder/stores/8/No_image_1.png"",""label"":""2x Apple iPhone 16e 128GB""}],""storage_options"":[""128GB""]}"
vodacom:DV6GD25227,vodacom,Vodacom,#E60000,DV6GD25227,Samsung Galaxy Z Flip8 256GB 5G  + Samsung 45w Charger  + Galaxy Watch 9 40mm BT + FREE Silicone Magnet Case,dv6gd25227,Samsung,smartphone,device_contract,1488,,,,,,,,,,in_stock,https://www.vodacom.co.za/shopping/deals,"Vodacom catalogue snapshot fetched on 2026-08-06; confirm partner pricing, stock, and terms before fulfilment.",2026-08-06T00:00:00Z,https://www.vodacom.co.za/shopping/deals,true,false,https://shop.vodacom.co.za/media/catalog/product/s/a/samsung_galaxy_z_flip8_256gb_5g_-_main_1__1.jpg?store=shop&image-type=image,Red Flexi 735,both,"{""package"":""Red Flexi 735"",""tariff"":735,""device_installment"":753,""source_sku"":""100024504"",""gallery"":[{""url"":""https://shop.vodacom.co.za/media/catalog/product/s/a/samsung_galaxy_z_flip8_256gb_5g_-_main_1__1.jpg?store=shop&image-type=image"",""label"":""Samsung Galaxy Z Flip8 256GB 5G  + Samsung 45w Charger  + Galaxy Watch 9 40mm BT + FREE Silicone Magnet Case""},{""url"":""https://shop.vodacom.co.za/media/catalog/product/s/a/samsung_galaxy_z_flip8_256gb_5g_-_main_1__1.jpg?store=shop&image-type=small_image"",""label"":""Samsung Galaxy Z Flip8 256GB 5G  + Samsung 45w Charger  + Galaxy Watch 9 40mm BT + FREE Silicone Magnet Case""}],""storage_options"":[""256GB""]}"
vodacom:DV6HD19047,vodacom,Vodacom,#E60000,DV6HD19047,Samsung Galaxy S26 256GB 5G,dv6hd19047,Samsung,smartphone,device_contract,1129,,,,,,,,,,in_stock,https://www.vodacom.co.za/shopping/deals,"Vodacom catalogue snapshot fetched on 2026-08-06; confirm partner pricing, stock, and terms before fulfilment.",2026-08-06T00:00:00Z,https://www.vodacom.co.za/shopping/deals,true,false,https://shop.vodacom.co.za/media/catalog/product/placeholder/stores/8/No_image.png,RED Core 12GB 750min ,both,"{""package"":""RED Core 12GB 750min "",""tariff"":1129,""device_installment"":null,""source_sku"":""100023958"",""gallery"":[{""url"":""https://shop.vodacom.co.za/media/catalog/product/placeholder/stores/8/No_image.png"",""label"":""Samsung Galaxy S26 256GB 5G""},{""url"":""https://shop.vodacom.co.za/media/catalog/product/placeholder/stores/8/No_image_1.png"",""label"":""Samsung Galaxy S26 256GB 5G""}],""storage_options"":[""256GB""]}"
vodacom:DV6GD25209,vodacom,Vodacom,#E60000,DV6GD25209,Samsung Galaxy Z Fold8 512GB 5G + FREE Wide Carbon Magnet Case + Galaxy Watch 9 44mm BT + Samsung 45w Charger,dv6gd25209,Samsung,smartphone,device_contract,1978,,,,,,,,,,in_stock,https://www.vodacom.co.za/shopping/deals,"Vodacom catalogue snapshot fetched on 2026-08-06; confirm partner pricing, stock, and terms before fulfilment.",2026-08-06T00:00:00Z,https://www.vodacom.co.za/shopping/deals,true,false,https://shop.vodacom.co.za/media/catalog/product/s/a/samsung_galaxy_z_fold8_512gb_5g_-_main_1__1.jpg?store=shop&image-type=image,RED Core 12GB 750min ,both,"{""package"":""RED Core 12GB 750min "",""tariff"":1161,""device_installment"":817,""source_sku"":""100024510"",""gallery"":[{""url"":""https://shop.vodacom.co.za/media/catalog/product/s/a/samsung_galaxy_z_fold8_512gb_5g_-_main_1__1.jpg?store=shop&image-type=image"",""label"":""Samsung Galaxy Z Fold8 512GB 5G + FREE Wide Carbon Magnet Case + Galaxy Watch 9 44mm BT + Samsung 45w Charger ""},{""url"":""https://shop.vodacom.co.za/media/catalog/product/s/a/samsung_galaxy_z_fold8_512gb_5g_-_main_1__1.jpg?store=shop&image-type=small_image"",""label"":""Samsung Galaxy Z Fold8 512GB 5G + FREE Wide Carbon Magnet Case + Galaxy Watch 9 44mm BT + Samsung 45w Charger""}],""storage_options"":[""512GB""]}"
vodacom:DV6HD20986,vodacom,Vodacom,#E60000,DV6HD20986,2x Samsung Galaxy S26 256GB 5G,dv6hd20986,Vodacom,smartphone,device_contract,1629,,,,,,,,,,in_stock,https://www.vodacom.co.za/shopping/deals,"Vodacom catalogue snapshot fetched on 2026-08-06; confirm partner pricing, stock, and terms before fulfilment.",2026-08-06T00:00:00Z,https://www.vodacom.co.za/shopping/deals,true,false,https://shop.vodacom.co.za/media/catalog/product/placeholder/stores/8/No_image.png,RED Core 6GB 250min ,both,"{""package"":""RED Core 6GB 250min "",""tariff"":730,""device_installment"":899,""source_sku"":""100023958"",""gallery"":[{""url"":""https://shop.vodacom.co.za/media/catalog/product/placeholder/stores/8/No_image.png"",""label"":""2x Samsung Galaxy S26 256GB 5G""},{""url"":""https://shop.vodacom.co.za/media/catalog/product/placeholder/stores/8/No_image_1.png"",""label"":""2x Samsung Galaxy S26 256GB 5G""}],""storage_options"":[""256GB""]}"
vodacom:DV6GD25054,vodacom,Vodacom,#E60000,DV6GD25054,Samsung Galaxy Z Fold8 256GB 5G  + Galaxy Watch 9 40mm LTE (Top Up),dv6gd25054,Samsung,smartphone,device_contract,1998,,,,,,,,,,in_stock,https://www.vodacom.co.za/shopping/deals,"Vodacom catalogue snapshot fetched on 2026-08-06; confirm partner pricing, stock, and terms before fulfilment.",2026-08-06T00:00:00Z,https://www.vodacom.co.za/shopping/deals,true,false,https://shop.vodacom.co.za/media/catalog/product/s/a/samsung_galaxy_z_fold8_256gb_5g_-_main_1__1.jpg?store=shop&image-type=image,RED Core 12GB 750min Top up ,both,"{""package"":""RED Core 12GB 750min Top up "",""tariff"":1226,""device_installment"":772,""source_sku"":""100024509"",""gallery"":[{""url"":""https://shop.vodacom.co.za/media/catalog/product/s/a/samsung_galaxy_z_fold8_256gb_5g_-_main_1__1.jpg?store=shop&image-type=image"",""label"":""Samsung Galaxy Z Fold8 256GB 5G  + Galaxy Watch 9 40mm LTE (Top Up)""},{""url"":""https://shop.vodacom.co.za/media/catalog/product/s/a/samsung_galaxy_z_fold8_256gb_5g_-_main_1__1.jpg?store=shop&image-type=small_image"",""label"":""Samsung Galaxy Z Fold8 256GB 5G  + Galaxy Watch 9 40mm LTE (Top Up)""}],""storage_options"":[""256GB""]}"
vodacom:DV6HD21058,vodacom,Vodacom,#E60000,DV6HD21058,Samsung Galaxy S26 Ultra 256GB 5G + Samsung Galaxy Tab S10 Lite 128GB 5G,dv6hd21058,Samsung,smartphone,device_contract,1448,,,,,,,,,,in_stock,https://www.vodacom.co.za/shopping/deals,"Vodacom catalogue snapshot fetched on 2026-08-06; confirm partner pricing, stock, and terms before fulfilment.",2026-08-06T00:00:00Z,https://www.vodacom.co.za/shopping/deals,true,false,https://shop.vodacom.co.za/media/catalog/product/placeholder/stores/8/No_image.png,RED Core 6GB 250min ,both,"{""package"":""RED Core 6GB 250min "",""tariff"":730,""device_installment"":718,""source_sku"":""100023964"",""gallery"":[{""url"":""https://shop.vodacom.co.za/media/catalog/product/placeholder/stores/8/No_image.png"",""label"":""Samsung Galaxy S26 Ultra 256GB 5G + Samsung Galaxy Tab S10 Lite 128GB 5G""},{""url"":""https://shop.vodacom.co.za/media/catalog/product/placeholder/stores/8/No_image_1.png"",""label"":""Samsung Galaxy S26 Ultra 256GB 5G + Samsung Galaxy Tab S10 Lite 128GB 5G""}],""storage_options"":[""128GB"",""256GB""]}"
vodacom:DV6GD22317,vodacom,Vodacom,#E60000,DV6GD22317,Samsung Galaxy Z Fold8 Ultra 512GB 5G  + Galaxy Watch 9 44mm LTE,dv6gd22317,Samsung,smartphone,device_contract,4378,,,,,,,,,,in_stock,https://www.vodacom.co.za/shopping/deals,"Vodacom catalogue snapshot fetched on 2026-08-06; confirm partner pricing, stock, and terms before fulfilment.",2026-08-06T00:00:00Z,https://www.vodacom.co.za/shopping/deals,true,false,https://shop.vodacom.co.za/media/catalog/product/s/a/samsung_galaxy_z_fold8_ultra_512gb_5g_-_top_2__1.jpg?store=shop&image-type=image,RED VIP 200GB,both,"{""package"":""RED VIP 200GB"",""tariff"":3923,""device_installment"":455,""source_sku"":""100024507"",""gallery"":[{""url"":""https://shop.vodacom.co.za/media/catalog/product/s/a/samsung_galaxy_z_fold8_ultra_512gb_5g_-_top_2__1.jpg?store=shop&image-type=image"",""label"":""Samsung Galaxy Z Fold8 Ultra 512GB 5G  + Galaxy Watch 9 44mm LTE""},{""url"":""https://shop.vodacom.co.za/media/catalog/product/s/a/samsung_galaxy_z_fold8_ultra_512gb_5g_-_top_2__1.jpg?store=shop&image-type=small_image"",""label"":""Samsung Galaxy Z Fold8 Ultra 512GB 5G  + Galaxy Watch 9 44mm LTE""}],""storage_options"":[""512GB""]}"
vodacom:DV6HD09055,vodacom,Vodacom,#E60000,DV6HD09055,Samsung Galaxy A57 256GB 5G + Samsung Galaxy Tab A11 64GB 4G,dv6hd09055,Samsung,smartphone,device_contract,2708,,,,,,,,,,in_stock,https://www.vodacom.co.za/shopping/deals,"Vodacom catalogue snapshot fetched on 2026-08-06; confirm partner pricing, stock, and terms before fulfilment.",2026-08-06T00:00:00Z,https://www.vodacom.co.za/shopping/deals,true,false,https://shop.vodacom.co.za/media/catalog/product/placeholder/stores/8/No_image.png,RED VIP 200GB,both,"{""package"":""RED VIP 200GB"",""tariff"":2708,""device_installment"":null,""source_sku"":""100024076"",""gallery"":[{""url"":""https://shop.vodacom.co.za/media/catalog/product/placeholder/stores/8/No_image.png"",""label"":""Samsung Galaxy A57 256GB 5G + Samsung Galaxy Tab A11 64GB 4G""},{""url"":""https://shop.vodacom.co.za/media/catalog/product/placeholder/stores/8/No_image_1.png"",""label"":""Samsung Galaxy A57 256GB 5G + Samsung Galaxy Tab A11 64GB 4G""}],""storage_options"":[""64GB"",""256GB""]}"
vodacom:DV6HD10500,vodacom,Vodacom,#E60000,DV6HD10500,Samsung Galaxy Tab S10 FE 128GB 5G  (Top Up),dv6hd10500,Samsung,tablet,device_contract,649,,,,,,,,,,in_stock,https://www.vodacom.co.za/shopping/deals,"Vodacom catalogue snapshot fetched on 2026-08-06; confirm partner pricing, stock, and terms before fulfilment.",2026-08-06T00:00:00Z,https://www.vodacom.co.za/shopping/deals,true,false,https://shop.vodacom.co.za/media/catalog/product/placeholder/stores/8/No_image.png,200GB Data Top up,both,"{""package"":""200GB Data Top up"",""tariff"":329,""device_installment"":320,""source_sku"":""100022973"",""gallery"":[{""url"":""https://shop.vodacom.co.za/media/catalog/product/placeholder/stores/8/No_image.png"",""label"":""Samsung Galaxy Tab S10 FE 128GB 5G  (Top Up)""},{""url"":""https://shop.vodacom.co.za/media/catalog/product/placeholder/stores/8/No_image_1.png"",""label"":""Samsung Galaxy Tab S10 FE 128GB 5G  (Top Up)""}],""storage_options"":[""128GB""]}"
vodacom:DV6HD13823,vodacom,Vodacom,#E60000,DV6HD13823,Samsung Galaxy A37 256GB 5G + Galaxy Fit3 with Buds Core,dv6hd13823,Samsung,smartphone,device_contract,768,,,,,,,,,,in_stock,https://www.vodacom.co.za/shopping/deals,"Vodacom catalogue snapshot fetched on 2026-08-06; confirm partner pricing, stock, and terms before fulfilment.",2026-08-06T00:00:00Z,https://www.vodacom.co.za/shopping/deals,true,false,https://shop.vodacom.co.za/media/catalog/product/placeholder/stores/8/No_image.png,Red Flexi 545,both,"{""package"":""Red Flexi 545"",""tariff"":545,""device_installment"":223,""source_sku"":""100024075"",""gallery"":[{""url"":""https://shop.vodacom.co.za/media/catalog/product/placeholder/stores/8/No_image.png"",""label"":""Samsung Galaxy A37 256GB 5G + Galaxy Fit3 with Buds Core""},{""url"":""https://shop.vodacom.co.za/media/catalog/product/placeholder/stores/8/No_image_1.png"",""label"":""Samsung Galaxy A37 256GB 5G + Galaxy Fit3 with Buds Core""}],""storage_options"":[""256GB""]}"
vodacom:DV6HD21746,vodacom,Vodacom,#E60000,DV6HD21746,Apple iPhone 17 Pro Max 2TB 5G,dv6hd21746,Apple,smartphone,device_contract,3399,,,,,,,,,,in_stock,https://www.vodacom.co.za/shopping/deals,"Vodacom catalogue snapshot fetched on 2026-08-06; confirm partner pricing, stock, and terms before fulfilment.",2026-08-06T00:00:00Z,https://www.vodacom.co.za/shopping/deals,true,false,https://shop.vodacom.co.za/media/catalog/product/placeholder/stores/8/No_image.png,RED VIP 200GB,both,"{""package"":""RED VIP 200GB"",""tariff"":3399,""device_installment"":null,""source_sku"":""100023767"",""gallery"":[{""url"":""https://shop.vodacom.co.za/media/catalog/product/placeholder/stores/8/No_image.png"",""label"":""Apple iPhone 17 Pro Max 2TB 5G""},{""url"":""https://shop.vodacom.co.za/media/catalog/product/placeholder/stores/8/No_image_1.png"",""label"":""Apple iPhone 17 Pro Max 2TB 5G""}],""storage_options"":[]}"
vodacom:DV6HD00853,vodacom,Vodacom,#E60000,DV6HD00853,Samsung Galaxy S25 Ultra 256GB 5G,dv6hd00853,Samsung,smartphone,device_contract,1949,,,,,,,,,,in_stock,https://www.vodacom.co.za/shopping/deals,"Vodacom catalogue snapshot fetched on 2026-08-06; confirm partner pricing, stock, and terms before fulfilment.",2026-08-06T00:00:00Z,https://www.vodacom.co.za/shopping/deals,true,false,https://shop.vodacom.co.za/media/catalog/product/placeholder/stores/8/No_image.png,Red Flexi 1110,both,"{""package"":""Red Flexi 1110"",""tariff"":1110,""device_installment"":839,""source_sku"":""100022670"",""gallery"":[{""url"":""https://shop.vodacom.co.za/media/catalog/product/placeholder/stores/8/No_image.png"",""label"":""Samsung Galaxy S25 Ultra 256GB 5G""},{""url"":""https://shop.vodacom.co.za/media/catalog/product/placeholder/stores/8/No_image_1.png"",""label"":""Samsung Galaxy S25 Ultra 256GB 5G""}],""storage_options"":[""256GB""]}"
vodacom:DV6HD00269,vodacom,Vodacom,#E60000,DV6HD00269,"HP OmniBook 5 Flip x360 14"" Core 7 16/512GB + HUAWEI E5783-230A CAT7 Mi-Fi Router  (Top Up)",dv6hd00269,HP,laptop,device_contract,1579,,,,,,,,,,in_stock,https://www.vodacom.co.za/shopping/deals,"Vodacom catalogue snapshot fetched on 2026-08-06; confirm partner pricing, stock, and terms before fulfilment.",2026-08-06T00:00:00Z,https://www.vodacom.co.za/shopping/deals,true,false,https://shop.vodacom.co.za/media/catalog/product/placeholder/stores/8/No_image.png,40GB Data Top up,both,"{""package"":""40GB Data Top up"",""tariff"":179,""device_installment"":1400,""source_sku"":""100024110"",""gallery"":[{""url"":""https://shop.vodacom.co.za/media/catalog/product/placeholder/stores/8/No_image.png"",""label"":""HP OmniBook 5 Flip x360 14\"" Core 7 16/512GB + HUAWEI E5783-230A CAT7 Mi-Fi Router  (Top Up)""},{""url"":""https://shop.vodacom.co.za/media/catalog/product/placeholder/stores/8/No_image_1.png"",""label"":""HP OmniBook 5 Flip x360 14\"" Core 7 16/512GB + HUAWEI E5783-230A CAT7 Mi-Fi Router  (Top Up)""}],""storage_options"":[""512GB""]}"
vodacom:DV6HD10013,vodacom,Vodacom,#E60000,DV6HD10013,2x HUAWEI nova 14i 256GB,dv6hd10013,Vodacom,smartphone,device_contract,1249,,,,,,,,,,in_stock,https://www.vodacom.co.za/shopping/deals,"Vodacom catalogue snapshot fetched on 2026-08-06; confirm partner pricing, stock, and terms before fulfilment.",2026-08-06T00:00:00Z,https://www.vodacom.co.za/shopping/deals,true,false,https://shop.vodacom.co.za/media/catalog/product/placeholder/stores/8/No_image.png,RED Core 12GB 750min ,both,"{""package"":""RED Core 12GB 750min "",""tariff"":1161,""device_installment"":88,""source_sku"":""100023536"",""gallery"":[{""url"":""https://shop.vodacom.co.za/media/catalog/product/placeholder/stores/8/No_image.png"",""label"":""2x HUAWEI nova 14i 256GB""},{""url"":""https://shop.vodacom.co.za/media/catalog/product/placeholder/stores/8/No_image_1.png"",""label"":""2x HUAWEI nova 14i 256GB""}],""storage_options"":[""256GB""]}"
vodacom:DV6HD08391,vodacom,Vodacom,#E60000,DV6HD08391,HUAWEI Mate 80 Pro 512GB  (Top Up),dv6hd08391,Huawei,smartphone,device_contract,999,,,,,,,,,,in_stock,https://www.vodacom.co.za/shopping/deals,"Vodacom catalogue snapshot fetched on 2026-08-06; confirm partner pricing, stock, and terms before fulfilment.",2026-08-06T00:00:00Z,https://www.vodacom.co.za/shopping/deals,true,false,https://shop.vodacom.co.za/media/catalog/product/placeholder/stores/8/No_image.png,RED Core 1GB 50min Top up,both,"{""package"":""RED Core 1GB 50min Top up"",""tariff"":292,""device_installment"":707,""source_sku"":""100024394"",""gallery"":[{""url"":""https://shop.vodacom.co.za/media/catalog/product/placeholder/stores/8/No_image.png"",""label"":""HUAWEI Mate 80 Pro 512GB  (Top Up)""},{""url"":""https://shop.vodacom.co.za/media/catalog/product/placeholder/stores/8/No_image_1.png"",""label"":""HUAWEI Mate 80 Pro 512GB  (Top Up)""}],""storage_options"":[""512GB""]}"
vodacom:DV6HD09127,vodacom,Vodacom,#E60000,DV6HD09127,Samsung Galaxy S26+ 256GB 5G + Samsung Galaxy Tab S10 Lite 128GB 5G,dv6hd09127,Samsung,smartphone,device_contract,2288,,,,,,,,,,in_stock,https://www.vodacom.co.za/shopping/deals,"Vodacom catalogue snapshot fetched on 2026-08-06; confirm partner pricing, stock, and terms before fulfilment.",2026-08-06T00:00:00Z,https://www.vodacom.co.za/shopping/deals,true,false,https://shop.vodacom.co.za/media/catalog/product/placeholder/stores/8/No_image.png,Red Flexi 1110,both,"{""package"":""Red Flexi 1110"",""tariff"":1110,""device_installment"":1178,""source_sku"":""100023962"",""gallery"":[{""url"":""https://shop.vodacom.co.za/media/catalog/product/placeholder/stores/8/No_image.png"",""label"":""Samsung Galaxy S26+ 256GB 5G + Samsung Galaxy Tab S10 Lite 128GB 5G""},{""url"":""https://shop.vodacom.co.za/media/catalog/product/placeholder/stores/8/No_image_1.png"",""label"":""Samsung Galaxy S26+ 256GB 5G + Samsung Galaxy Tab S10 Lite 128GB 5G""}],""storage_options"":[""128GB"",""256GB""]}"
vodacom:DV6HD18506,vodacom,Vodacom,#E60000,DV6HD18506,OPPO Reno15 Pro 512GB 5G,dv6hd18506,Oppo,smartphone,device_contract,919,,,,,,,,,,in_stock,https://www.vodacom.co.za/shopping/deals,"Vodacom catalogue snapshot fetched on 2026-08-06; confirm partner pricing, stock, and terms before fulfilment.",2026-08-06T00:00:00Z,https://www.vodacom.co.za/shopping/deals,true,false,https://shop.vodacom.co.za/media/catalog/product/placeholder/stores/8/No_image.png,RED Core 3GB 100min ,both,"{""package"":""RED Core 3GB 100min "",""tariff"":406,""device_installment"":513,""source_sku"":""100024096"",""gallery"":[{""url"":""https://shop.vodacom.co.za/media/catalog/product/placeholder/stores/8/No_image.png"",""label"":""OPPO Reno15 Pro 512GB 5G""},{""url"":""https://shop.vodacom.co.za/media/catalog/product/placeholder/stores/8/No_image_1.png"",""label"":""OPPO Reno15 Pro 512GB 5G""}],""storage_options"":[""512GB""]}"
vodacom:DV6HD12807,vodacom,Vodacom,#E60000,DV6HD12807,HUAWEI nova 15 Max 8/256GB,dv6hd12807,Huawei,smartphone,device_contract,2249,,,,,,,,,,in_stock,https://www.vodacom.co.za/shopping/deals,"Vodacom catalogue snapshot fetched on 2026-08-06; confirm partner pricing, stock, and terms before fulfilment.",2026-08-06T00:00:00Z,https://www.vodacom.co.za/shopping/deals,true,false,https://shop.vodacom.co.za/media/catalog/product/placeholder/stores/8/No_image.png,RED VIP 200GB,both,"{""package"":""RED VIP 200GB"",""tariff"":2249,""device_installment"":null,""source_sku"":""100024395"",""gallery"":[{""url"":""https://shop.vodacom.co.za/media/catalog/product/placeholder/stores/8/No_image.png"",""label"":""HUAWEI nova 15 Max 8/256GB""},{""url"":""https://shop.vodacom.co.za/media/catalog/product/placeholder/stores/8/No_image_1.png"",""label"":""HUAWEI nova 15 Max 8/256GB""}],""storage_options"":[""256GB""]}"
vodacom:DV6HD00929,vodacom,Vodacom,#E60000,DV6HD00929,vivo V70 FE 512GB 5G,dv6hd00929,Vivo,smartphone,device_contract,1579,,,,,,,,,,in_stock,https://www.vodacom.co.za/shopping/deals,"Vodacom catalogue snapshot fetched on 2026-08-06; confirm partner pricing, stock, and terms before fulfilment.",2026-08-06T00:00:00Z,https://www.vodacom.co.za/shopping/deals,true,false,https://shop.vodacom.co.za/media/catalog/product/placeholder/stores/8/No_image.png,Red Flexi 1110,both,"{""package"":""Red Flexi 1110"",""tariff"":1110,""device_installment"":469,""source_sku"":""100024392"",""gallery"":[{""url"":""https://shop.vodacom.co.za/media/catalog/product/placeholder/stores/8/No_image.png"",""label"":""vivo V70 FE 512GB 5G""},{""url"":""https://shop.vodacom.co.za/media/catalog/product/placeholder/stores/8/No_image_1.png"",""label"":""vivo V70 FE 512GB 5G""}],""storage_options"":[""512GB""]}"
vodacom:DV6HD20728,vodacom,Vodacom,#E60000,DV6HD20728,2x Samsung Galaxy A27 128GB 5G,dv6hd20728,Vodacom,smartphone,device_contract,839,,,,,,,,,,in_stock,https://www.vodacom.co.za/shopping/deals,"Vodacom catalogue snapshot fetched on 2026-08-06; confirm partner pricing, stock, and terms before fulfilment.",2026-08-06T00:00:00Z,https://www.vodacom.co.za/shopping/deals,true,false,https://shop.vodacom.co.za/media/catalog/product/placeholder/stores/8/No_image.png,RED Flexi 425,both,"{""package"":""RED Flexi 425"",""tariff"":425,""device_installment"":414,""source_sku"":""100024159"",""gallery"":[{""url"":""https://shop.vodacom.co.za/media/catalog/product/placeholder/stores/8/No_image.png"",""label"":""2x Samsung Galaxy A27 128GB 5G""},{""url"":""https://shop.vodacom.co.za/media/catalog/product/placeholder/stores/8/No_image_1.png"",""label"":""2x Samsung Galaxy A27 128GB 5G""}],""storage_options"":[""128GB""]}"
vodacom:DV6HD01974,vodacom,Vodacom,#E60000,DV6HD01974,vivo Y11d 256GB,dv6hd01974,Vivo,smartphone,device_contract,479,,,,,,,,,,in_stock,https://www.vodacom.co.za/shopping/deals,"Vodacom catalogue snapshot fetched on 2026-08-06; confirm partner pricing, stock, and terms before fulfilment.",2026-08-06T00:00:00Z,https://www.vodacom.co.za/shopping/deals,true,false,https://shop.vodacom.co.za/media/catalog/product/placeholder/stores/8/No_image.png,Red Flexi 245,both,"{""package"":""Red Flexi 245"",""tariff"":245,""device_installment"":234,""source_sku"":""100024468"",""gallery"":[{""url"":""https://shop.vodacom.co.za/media/catalog/product/placeholder/stores/8/No_image.png"",""label"":""vivo Y11d 256GB""},{""url"":""https://shop.vodacom.co.za/media/catalog/product/placeholder/stores/8/No_image_1.png"",""label"":""vivo Y11d 256GB""}],""storage_options"":[""256GB""]}"
vodacom:DV6HD03675,vodacom,Vodacom,#E60000,DV6HD03675,Nubia A76 128GB 5G,dv6hd03675,Nubia,smartphone,device_contract,519,,,,,,,,,,in_stock,https://www.vodacom.co.za/shopping/deals,"Vodacom catalogue snapshot fetched on 2026-08-06; confirm partner pricing, stock, and terms before fulfilment.",2026-08-06T00:00:00Z,https://www.vodacom.co.za/shopping/deals,true,false,https://shop.vodacom.co.za/media/catalog/product/placeholder/stores/8/No_image.png,RED Core 6GB 250min ,both,"{""package"":""RED Core 6GB 250min "",""tariff"":519,""device_installment"":null,""source_sku"":""100023403"",""gallery"":[{""url"":""https://shop.vodacom.co.za/media/catalog/product/placeholder/stores/8/No_image.png"",""label"":""Nubia A76 128GB 5G""},{""url"":""https://shop.vodacom.co.za/media/catalog/product/placeholder/stores/8/No_image_1.png"",""label"":""Nubia A76 128GB 5G""}],""storage_options"":[""128GB""]}"
vodacom:DV6HD08207,vodacom,Vodacom,#E60000,DV6HD08207,Motorola Edge 70 512GB 5G with Moto Buds Swarovski,dv6hd08207,Motorola,smartphone,device_contract,1949,,,,,,,,,,in_stock,https://www.vodacom.co.za/shopping/deals,"Vodacom catalogue snapshot fetched on 2026-08-06; confirm partner pricing, stock, and terms before fulfilment.",2026-08-06T00:00:00Z,https://www.vodacom.co.za/shopping/deals,true,false,https://shop.vodacom.co.za/media/catalog/product/placeholder/stores/8/No_image.png,RED VIP 50GB,both,"{""package"":""RED VIP 50GB"",""tariff"":1949,""device_installment"":null,""source_sku"":""100024412"",""gallery"":[{""url"":""https://shop.vodacom.co.za/media/catalog/product/placeholder/stores/8/No_image.png"",""label"":""Motorola Edge 70 512GB 5G with Moto Buds Swarovski""},{""url"":""https://shop.vodacom.co.za/media/catalog/product/placeholder/stores/8/No_image_1.png"",""label"":""Motorola Edge 70 512GB 5G with Moto Buds Swarovski""}],""storage_options"":[""512GB""]}"
vodacom:DV6HD19682,vodacom,Vodacom,#E60000,DV6HD19682,2x HONOR X6c 128GB,dv6hd19682,Vodacom,smartphone,device_contract,2219,,,,,,,,,,in_stock,https://www.vodacom.co.za/shopping/deals,"Vodacom catalogue snapshot fetched on 2026-08-06; confirm partner pricing, stock, and terms before fulfilment.",2026-08-06T00:00:00Z,https://www.vodacom.co.za/shopping/deals,true,false,https://shop.vodacom.co.za/media/catalog/product/placeholder/stores/8/No_image.png,RED VIP 200GB,both,"{""package"":""RED VIP 200GB"",""tariff"":2219,""device_installment"":null,""source_sku"":""100023358"",""gallery"":[{""url"":""https://shop.vodacom.co.za/media/catalog/product/placeholder/stores/8/No_image.png"",""label"":""2x HONOR X6c 128GB""},{""url"":""https://shop.vodacom.co.za/media/catalog/product/placeholder/stores/8/No_image_1.png"",""label"":""2x HONOR X6c 128GB""}],""storage_options"":[""128GB""]}"
vodacom:DV6HD11130,vodacom,Vodacom,#E60000,DV6HD11130,HUAWEI Pura 90s Pro 256GB,dv6hd11130,Huawei,smartphone,device_contract,1549,,,,,,,,,,in_stock,https://www.vodacom.co.za/shopping/deals,"Vodacom catalogue snapshot fetched on 2026-08-06; confirm partner pricing, stock, and terms before fulfilment.",2026-08-06T00:00:00Z,https://www.vodacom.co.za/shopping/deals,true,false,https://shop.vodacom.co.za/media/catalog/product/placeholder/stores/8/No_image.png,Red Flexi 1110,both,"{""package"":""Red Flexi 1110"",""tariff"":1110,""device_installment"":439,""source_sku"":""100024692"",""gallery"":[{""url"":""https://shop.vodacom.co.za/media/catalog/product/placeholder/stores/8/No_image.png"",""label"":""HUAWEI Pura 90s Pro 256GB""},{""url"":""https://shop.vodacom.co.za/media/catalog/product/placeholder/stores/8/No_image_1.png"",""label"":""HUAWEI Pura 90s Pro 256GB""}],""storage_options"":[""256GB""]}"
vodacom:DV6HD08213,vodacom,Vodacom,#E60000,DV6HD08213,OPPO A6k 256GB,dv6hd08213,Oppo,smartphone,device_contract,1629,,,,,,,,,,in_stock,https://www.vodacom.co.za/shopping/deals,"Vodacom catalogue snapshot fetched on 2026-08-06; confirm partner pricing, stock, and terms before fulfilment.",2026-08-06T00:00:00Z,https://www.vodacom.co.za/shopping/deals,true,false,https://shop.vodacom.co.za/media/catalog/product/placeholder/stores/8/No_image.png,RED VIP 50GB,both,"{""package"":""RED VIP 50GB"",""tariff"":1629,""device_installment"":null,""source_sku"":""100024405"",""gallery"":[{""url"":""https://shop.vodacom.co.za/media/catalog/product/placeholder/stores/8/No_image.png"",""label"":""OPPO A6k 256GB""},{""url"":""https://shop.vodacom.co.za/media/catalog/product/placeholder/stores/8/No_image_1.png"",""label"":""OPPO A6k 256GB""}],""storage_options"":[""256GB""]}"
vodacom:DV6HD21520,vodacom,Vodacom,#E60000,DV6HD21520,Realme P4 Power 256GB 5G,dv6hd21520,Realme,smartphone,device_contract,749,,,,,,,,,,in_stock,https://www.vodacom.co.za/shopping/deals,"Vodacom catalogue snapshot fetched on 2026-08-06; confirm partner pricing, stock, and terms before fulfilment.",2026-08-06T00:00:00Z,https://www.vodacom.co.za/shopping/deals,true,false,https://shop.vodacom.co.za/media/catalog/product/placeholder/stores/8/No_image.png,Red Flexi 545,both,"{""package"":""Red Flexi 545"",""tariff"":545,""device_installment"":204,""source_sku"":""100024611"",""gallery"":[{""url"":""https://shop.vodacom.co.za/media/catalog/product/placeholder/stores/8/No_image.png"",""label"":""Realme P4 Power 256GB 5G""},{""url"":""https://shop.vodacom.co.za/media/catalog/product/placeholder/stores/8/No_image_1.png"",""label"":""Realme P4 Power 256GB 5G""}],""storage_options"":[""256GB""]}"
vodacom:DV6HD19542,vodacom,Vodacom,#E60000,DV6HD19542,2x Redmi Note 15 256GB,dv6hd19542,Vodacom,smartphone,device_contract,1849,,,,,,,,,,in_stock,https://www.vodacom.co.za/shopping/deals,"Vodacom catalogue snapshot fetched on 2026-08-06; confirm partner pricing, stock, and terms before fulfilment.",2026-08-06T00:00:00Z,https://www.vodacom.co.za/shopping/deals,true,false,https://shop.vodacom.co.za/media/catalog/product/placeholder/stores/8/No_image.png,RED VIP 50GB,both,"{""package"":""RED VIP 50GB"",""tariff"":1849,""device_installment"":null,""source_sku"":""100024101"",""gallery"":[{""url"":""https://shop.vodacom.co.za/media/catalog/product/placeholder/stores/8/No_image.png"",""label"":""2x Redmi Note 15 256GB""},{""url"":""https://shop.vodacom.co.za/media/catalog/product/placeholder/stores/8/No_image_1.png"",""label"":""2x Redmi Note 15 256GB""}],""storage_options"":[""256GB""]}"
vodacom:DV6HD22959,vodacom,Vodacom,#E60000,DV6HD22959,OPPO Reno15 Pro 512GB 5G,dv6hd22959,Oppo,smartphone,device_contract,969,,,,,,,,,,in_stock,https://www.vodacom.co.za/shopping/deals,"Vodacom catalogue snapshot fetched on 2026-08-06; confirm partner pricing, stock, and terms before fulfilment.",2026-08-06T00:00:00Z,https://www.vodacom.co.za/shopping/deals,true,false,https://shop.vodacom.co.za/media/catalog/product/placeholder/stores/8/No_image.png,RED Flexi 425,both,"{""package"":""RED Flexi 425"",""tariff"":425,""device_installment"":544,""source_sku"":""100024096"",""gallery"":[{""url"":""https://shop.vodacom.co.za/media/catalog/product/placeholder/stores/8/No_image.png"",""label"":""OPPO Reno15 Pro 512GB 5G""},{""url"":""https://shop.vodacom.co.za/media/catalog/product/placeholder/stores/8/No_image_1.png"",""label"":""OPPO Reno15 Pro 512GB 5G""}],""storage_options"":[""512GB""]}"
vodacom:DV6HD14052,vodacom,Vodacom,#E60000,DV6HD14052,vivo V60 Lite 256GB 5G + Riro Watch W2SE,dv6hd14052,Vivo,smartphone,device_contract,799,,,,,,,,,,in_stock,https://www.vodacom.co.za/shopping/deals,"Vodacom catalogue snapshot fetched on 2026-08-06; confirm partner pricing, stock, and terms before fulfilment.",2026-08-06T00:00:00Z,https://www.vodacom.co.za/shopping/deals,true,false,https://shop.vodacom.co.za/media/catalog/product/placeholder/stores/8/No_image.png,RED Core 6GB 250min ,both,"{""package"":""RED Core 6GB 250min "",""tariff"":730,""device_installment"":69,""source_sku"":""100023309"",""gallery"":[{""url"":""https://shop.vodacom.co.za/media/catalog/product/placeholder/stores/8/No_image.png"",""label"":""vivo V60 Lite 256GB 5G + Riro Watch W2SE""},{""url"":""https://shop.vodacom.co.za/media/catalog/product/placeholder/stores/8/No_image_1.png"",""label"":""vivo V60 Lite 256GB 5G + Riro Watch W2SE""}],""storage_options"":[""256GB""]}"
vodacom:DV6GD25334,vodacom,Vodacom,#E60000,DV6GD25334,Samsung Galaxy Z Fold8 256GB 5G,dv6gd25334,Samsung,smartphone,device_contract,1399,,,,,,,,,,in_stock,https://www.vodacom.co.za/shopping/deals,"Vodacom catalogue snapshot fetched on 2026-08-06; confirm partner pricing, stock, and terms before fulfilment.",2026-08-06T00:00:00Z,https://www.vodacom.co.za/shopping/deals,true,false,https://shop.vodacom.co.za/media/catalog/product/1/0/104081473_front_back_2.png?store=shop&image-type=image,RED 4GB 250min,both,"{""package"":""RED 4GB 250min"",""tariff"":621,""device_installment"":778,""source_sku"":""100024509"",""gallery"":[{""url"":""https://shop.vodacom.co.za/media/catalog/product/1/0/104081473_front_back_2.png?store=shop&image-type=image"",""label"":""Samsung Galaxy Z Fold8 256GB 5G ""},{""url"":""https://shop.vodacom.co.za/media/catalog/product/1/0/104081473_front_back_2.png?store=shop&image-type=small_image"",""label"":""Samsung Galaxy Z Fold8 256GB 5G""}],""storage_options"":[""256GB""]}"
vodacom:DV6HD00942,vodacom,Vodacom,#E60000,DV6HD00942,HUAWEI nova Y74 8/256GB,dv6hd00942,Huawei,smartphone,device_contract,1179,,,,,,,,,,in_stock,https://www.vodacom.co.za/shopping/deals,"Vodacom catalogue snapshot fetched on 2026-08-06; confirm partner pricing, stock, and terms before fulfilment.",2026-08-06T00:00:00Z,https://www.vodacom.co.za/shopping/deals,true,false,https://shop.vodacom.co.za/media/catalog/product/placeholder/stores/8/No_image.png,Red Flexi 1110,both,"{""package"":""Red Flexi 1110"",""tariff"":1110,""device_installment"":69,""source_sku"":""100024396"",""gallery"":[{""url"":""https://shop.vodacom.co.za/media/catalog/product/placeholder/stores/8/No_image.png"",""label"":""HUAWEI nova Y74 8/256GB""},{""url"":""https://shop.vodacom.co.za/media/catalog/product/placeholder/stores/8/No_image_1.png"",""label"":""HUAWEI nova Y74 8/256GB""}],""storage_options"":[""256GB""]}"
vodacom:DV6HD19155,vodacom,Vodacom,#E60000,DV6HD19155,OPPO Reno15 F 512GB 5G,dv6hd19155,Oppo,smartphone,device_contract,1099,,,,,,,,,,in_stock,https://www.vodacom.co.za/shopping/deals,"Vodacom catalogue snapshot fetched on 2026-08-06; confirm partner pricing, stock, and terms before fulfilment.",2026-08-06T00:00:00Z,https://www.vodacom.co.za/shopping/deals,true,false,https://shop.vodacom.co.za/media/catalog/product/placeholder/stores/8/No_image.png,RED Core 12GB 750min ,both,"{""package"":""RED Core 12GB 750min "",""tariff"":1099,""device_installment"":null,""source_sku"":""100024095"",""gallery"":[{""url"":""https://shop.vodacom.co.za/media/catalog/product/placeholder/stores/8/No_image.png"",""label"":""OPPO Reno15 F 512GB 5G""},{""url"":""https://shop.vodacom.co.za/media/catalog/product/placeholder/stores/8/No_image_1.png"",""label"":""OPPO Reno15 F 512GB 5G""}],""storage_options"":[""512GB""]}"
vodacom:DV6HD07297,vodacom,Vodacom,#E60000,DV6HD07297,vivo Y11e 128GB 4G,dv6hd07297,Vivo,smartphone,device_contract,349,,,,,,,,,,in_stock,https://www.vodacom.co.za/shopping/deals,"Vodacom catalogue snapshot fetched on 2026-08-06; confirm partner pricing, stock, and terms before fulfilment.",2026-08-06T00:00:00Z,https://www.vodacom.co.za/shopping/deals,true,false,https://shop.vodacom.co.za/media/catalog/product/placeholder/stores/8/No_image.png,RED Core 1GB 50min ,both,"{""package"":""RED Core 1GB 50min "",""tariff"":276,""device_installment"":73,""source_sku"":""100024467"",""gallery"":[{""url"":""https://shop.vodacom.co.za/media/catalog/product/placeholder/stores/8/No_image.png"",""label"":""vivo Y11e 128GB 4G""},{""url"":""https://shop.vodacom.co.za/media/catalog/product/placeholder/stores/8/No_image_1.png"",""label"":""vivo Y11e 128GB 4G""}],""storage_options"":[""128GB""]}"
vodacom:DV6GD23165,vodacom,Vodacom,#E60000,DV6GD23165,Samsung Galaxy Z Fold8 256GB 5G  + Galaxy Watch 9 44mm LTE + Galaxy Buds 4,dv6gd23165,Samsung,smartphone,device_contract,2488,,,,,,,,,,in_stock,https://www.vodacom.co.za/shopping/deals,"Vodacom catalogue snapshot fetched on 2026-08-06; confirm partner pricing, stock, and terms before fulfilment.",2026-08-06T00:00:00Z,https://www.vodacom.co.za/shopping/deals,true,false,https://shop.vodacom.co.za/media/catalog/product/s/a/samsung_galaxy_z_fold8_256gb_5g_-_main_1__1.jpg?store=shop&image-type=image,Red Flexi 545,both,"{""package"":""Red Flexi 545"",""tariff"":545,""device_installment"":1943,""source_sku"":""100024509"",""gallery"":[{""url"":""https://shop.vodacom.co.za/media/catalog/product/s/a/samsung_galaxy_z_fold8_256gb_5g_-_main_1__1.jpg?store=shop&image-type=image"",""label"":""Samsung Galaxy Z Fold8 256GB 5G  + Galaxy Watch 9 44mm LTE + Galaxy Buds 4""},{""url"":""https://shop.vodacom.co.za/media/catalog/product/s/a/samsung_galaxy_z_fold8_256gb_5g_-_main_1__1.jpg?store=shop&image-type=small_image"",""label"":""Samsung Galaxy Z Fold8 256GB 5G  + Galaxy Watch 9 44mm LTE + Galaxy Buds 4""}],""storage_options"":[""256GB""]}"
vodacom:DV6GD22216,vodacom,Vodacom,#E60000,DV6GD22216,Samsung Galaxy Z Fold8 512GB 5G + Galaxy Buds 4 + Galaxy Watch 9 44mm LTE,dv6gd22216,Samsung,smartphone,device_contract,2898,,,,,,,,,,in_stock,https://www.vodacom.co.za/shopping/deals,"Vodacom catalogue snapshot fetched on 2026-08-06; confirm partner pricing, stock, and terms before fulfilment.",2026-08-06T00:00:00Z,https://www.vodacom.co.za/shopping/deals,true,false,https://shop.vodacom.co.za/media/catalog/product/s/a/samsung_galaxy_z_fold8_512gb_5g_-_main_1__1.jpg?store=shop&image-type=image,Red Flexi 735,both,"{""package"":""Red Flexi 735"",""tariff"":735,""device_installment"":2163,""source_sku"":""100024510"",""gallery"":[{""url"":""https://shop.vodacom.co.za/media/catalog/product/s/a/samsung_galaxy_z_fold8_512gb_5g_-_main_1__1.jpg?store=shop&image-type=image"",""label"":""Samsung Galaxy Z Fold8 512GB 5G + Galaxy Buds 4 + Galaxy Watch 9 44mm LTE""},{""url"":""https://shop.vodacom.co.za/media/catalog/product/s/a/samsung_galaxy_z_fold8_512gb_5g_-_main_1__1.jpg?store=shop&image-type=small_image"",""label"":""Samsung Galaxy Z Fold8 512GB 5G + Galaxy Buds 4 + Galaxy Watch 9 44mm LTE""}],""storage_options"":[""512GB""]}"
vodacom:DV6HD08937,vodacom,Vodacom,#E60000,DV6HD08937,2x Apple iPhone 15 128GB 5G,dv6hd08937,Vodacom,smartphone,device_contract,1499,,,,,,,,,,in_stock,https://www.vodacom.co.za/shopping/deals,"Vodacom catalogue snapshot fetched on 2026-08-06; confirm partner pricing, stock, and terms before fulfilment.",2026-08-06T00:00:00Z,https://www.vodacom.co.za/shopping/deals,true,false,https://shop.vodacom.co.za/media/catalog/product/placeholder/stores/8/No_image.png,Red Flexi 170,both,"{""package"":""Red Flexi 170"",""tariff"":170,""device_installment"":1329,""source_sku"":""100021503"",""gallery"":[{""url"":""https://shop.vodacom.co.za/media/catalog/product/placeholder/stores/8/No_image.png"",""label"":""2x Apple iPhone 15 128GB 5G""},{""url"":""https://shop.vodacom.co.za/media/catalog/product/placeholder/stores/8/No_image_1.png"",""label"":""2x Apple iPhone 15 128GB 5G""}],""storage_options"":[""128GB""]}"
vodacom:DV6GD23355,vodacom,Vodacom,#E60000,DV6GD23355,Samsung Galaxy Z Flip8 256GB 5G  + Galaxy Buds 4 + Galaxy Watch 9 44mm LTE,dv6gd23355,Samsung,smartphone,device_contract,3098,,,,,,,,,,in_stock,https://www.vodacom.co.za/shopping/deals,"Vodacom catalogue snapshot fetched on 2026-08-06; confirm partner pricing, stock, and terms before fulfilment.",2026-08-06T00:00:00Z,https://www.vodacom.co.za/shopping/deals,true,false,https://shop.vodacom.co.za/media/catalog/product/s/a/samsung_galaxy_z_flip8_256gb_5g_-_main_1__1.jpg?store=shop&image-type=image,RED VIP 100GB,both,"{""package"":""RED VIP 100GB"",""tariff"":3098,""device_installment"":null,""source_sku"":""100024504"",""gallery"":[{""url"":""https://shop.vodacom.co.za/media/catalog/product/s/a/samsung_galaxy_z_flip8_256gb_5g_-_main_1__1.jpg?store=shop&image-type=image"",""label"":""Samsung Galaxy Z Flip8 256GB 5G  + Galaxy Buds 4 + Galaxy Watch 9 44mm LTE""},{""url"":""https://shop.vodacom.co.za/media/catalog/product/s/a/samsung_galaxy_z_flip8_256gb_5g_-_main_1__1.jpg?store=shop&image-type=small_image"",""label"":""Samsung Galaxy Z Flip8 256GB 5G  + Galaxy Buds 4 + Galaxy Watch 9 44mm LTE""}],""storage_options"":[""256GB""]}"
vodacom:DV6HD01824,vodacom,Vodacom,#E60000,DV6HD01824,Apple iPhone 17 Pro Max 256GB 5G,dv6hd01824,Apple,smartphone,device_contract,2029,,,,,,,,,,in_stock,https://www.vodacom.co.za/shopping/deals,"Vodacom catalogue snapshot fetched on 2026-08-06; confirm partner pricing, stock, and terms before fulfilment.",2026-08-06T00:00:00Z,https://www.vodacom.co.za/shopping/deals,true,false,https://shop.vodacom.co.za/media/catalog/product/placeholder/stores/8/No_image.png,Red Flexi 735,both,"{""package"":""Red Flexi 735"",""tariff"":735,""device_installment"":1294,""source_sku"":""100023764"",""gallery"":[{""url"":""https://shop.vodacom.co.za/media/catalog/product/placeholder/stores/8/No_image.png"",""label"":""Apple iPhone 17 Pro Max 256GB 5G""},{""url"":""https://shop.vodacom.co.za/media/catalog/product/placeholder/stores/8/No_image_1.png"",""label"":""Apple iPhone 17 Pro Max 256GB 5G""}],""storage_options"":[""256GB""]}"
vodacom:DV6GD22503,vodacom,Vodacom,#E60000,DV6GD22503,Samsung Galaxy Z Flip8 256GB 5G  + Samsung 45w Charger  + Galaxy Watch 9 40mm BT + FREE Silicone Magnet Case (Top Up),dv6gd22503,Samsung,smartphone,device_contract,1778,,,,,,,,,,in_stock,https://www.vodacom.co.za/shopping/deals,"Vodacom catalogue snapshot fetched on 2026-08-06; confirm partner pricing, stock, and terms before fulfilment.",2026-08-06T00:00:00Z,https://www.vodacom.co.za/shopping/deals,true,false,https://shop.vodacom.co.za/media/catalog/product/s/a/samsung_galaxy_z_flip8_256gb_5g_-_main_1__1.jpg?store=shop&image-type=image,RED Core 6GB 250min Top up ,both,"{""package"":""RED Core 6GB 250min Top up "",""tariff"":794,""device_installment"":984,""source_sku"":""100024504"",""gallery"":[{""url"":""https://shop.vodacom.co.za/media/catalog/product/s/a/samsung_galaxy_z_flip8_256gb_5g_-_main_1__1.jpg?store=shop&image-type=image"",""label"":""Samsung Galaxy Z Flip8 256GB 5G  + Samsung 45w Charger  + Galaxy Watch 9 40mm BT + FREE Silicone Magnet Case (Top Up)""},{""url"":""https://shop.vodacom.co.za/media/catalog/product/s/a/samsung_galaxy_z_flip8_256gb_5g_-_main_1__1.jpg?store=shop&image-type=small_image"",""label"":""Samsung Galaxy Z Flip8 256GB 5G  + Samsung 45w Charger  + Galaxy Watch 9 40mm BT + FREE Silicone Magnet Case (Top Up)""}],""storage_options"":[""256GB""]}"
vodacom:DV6HD02584,vodacom,Vodacom,#E60000,DV6HD02584,Samsung Galaxy S26 256GB 5G + Galaxy Watch8 LTE 44mm,dv6hd02584,Samsung,smartphone,device_contract,2878,,,,,,,,,,in_stock,https://www.vodacom.co.za/shopping/deals,"Vodacom catalogue snapshot fetched on 2026-08-06; confirm partner pricing, stock, and terms before fulfilment.",2026-08-06T00:00:00Z,https://www.vodacom.co.za/shopping/deals,true,false,https://shop.vodacom.co.za/media/catalog/product/placeholder/stores/8/No_image.png,RED VIP 200GB,both,"{""package"":""RED VIP 200GB"",""tariff"":2878,""device_installment"":null,""source_sku"":""100023958"",""gallery"":[{""url"":""https://shop.vodacom.co.za/media/catalog/product/placeholder/stores/8/No_image.png"",""label"":""Samsung Galaxy S26 256GB 5G + Galaxy Watch8 LTE 44mm""},{""url"":""https://shop.vodacom.co.za/media/catalog/product/placeholder/stores/8/No_image_1.png"",""label"":""Samsung Galaxy S26 256GB 5G + Galaxy Watch8 LTE 44mm""}],""storage_options"":[""256GB""]}"
vodacom:DV6HD02751,vodacom,Vodacom,#E60000,DV6HD02751,Samsung Galaxy S26 Ultra 1TB 5G + Galaxy Watch 9 40mm LTE,dv6hd02751,Samsung,smartphone,device_contract,3978,,,,,,,,,,in_stock,https://www.vodacom.co.za/shopping/deals,"Vodacom catalogue snapshot fetched on 2026-08-06; confirm partner pricing, stock, and terms before fulfilment.",2026-08-06T00:00:00Z,https://www.vodacom.co.za/shopping/deals,true,false,https://shop.vodacom.co.za/media/catalog/product/placeholder/stores/8/No_image.png,RED VIP 200GB,both,"{""package"":""RED VIP 200GB"",""tariff"":3923,""device_installment"":55,""source_sku"":""100023968"",""gallery"":[{""url"":""https://shop.vodacom.co.za/media/catalog/product/placeholder/stores/8/No_image.png"",""label"":""Samsung Galaxy S26 Ultra 1TB 5G + Galaxy Watch 9 40mm LTE""},{""url"":""https://shop.vodacom.co.za/media/catalog/product/placeholder/stores/8/No_image_1.png"",""label"":""Samsung Galaxy S26 Ultra 1TB 5G + Galaxy Watch 9 40mm LTE""}],""storage_options"":[]}"
vodacom:DV6HD07182,vodacom,Vodacom,#E60000,DV6HD07182,Samsung Galaxy S26 Ultra 256GB 5G  (Top Up),dv6hd07182,Samsung,smartphone,device_contract,1949,,,,,,,,,,in_stock,https://www.vodacom.co.za/shopping/deals,"Vodacom catalogue snapshot fetched on 2026-08-06; confirm partner pricing, stock, and terms before fulfilment.",2026-08-06T00:00:00Z,https://www.vodacom.co.za/shopping/deals,true,false,https://shop.vodacom.co.za/media/catalog/product/placeholder/stores/8/No_image.png,RED Core 12GB 750min Top up ,both,"{""package"":""RED Core 12GB 750min Top up "",""tariff"":1226,""device_installment"":723,""source_sku"":""100023964"",""gallery"":[{""url"":""https://shop.vodacom.co.za/media/catalog/product/placeholder/stores/8/No_image.png"",""label"":""Samsung Galaxy S26 Ultra 256GB 5G  (Top Up)""},{""url"":""https://shop.vodacom.co.za/media/catalog/product/placeholder/stores/8/No_image_1.png"",""label"":""Samsung Galaxy S26 Ultra 256GB 5G  (Top Up)""}],""storage_options"":[""256GB""]}"
vodacom:DV6GD24695,vodacom,Vodacom,#E60000,DV6GD24695,Samsung Galaxy Z Fold8 256GB 5G  + Samsung 45w Charger  + Galaxy Watch 9 40mm LTE + FREE Wide Carbon Magnet Case,dv6gd24695,Samsung,smartphone,device_contract,1768,,,,,,,,,,in_stock,https://www.vodacom.co.za/shopping/deals,"Vodacom catalogue snapshot fetched on 2026-08-06; confirm partner pricing, stock, and terms before fulfilment.",2026-08-06T00:00:00Z,https://www.vodacom.co.za/shopping/deals,true,false,https://shop.vodacom.co.za/media/catalog/product/s/a/samsung_galaxy_z_fold8_256gb_5g_-_main_1__1.jpg?store=shop&image-type=image,Red Flexi 545,both,"{""package"":""Red Flexi 545"",""tariff"":545,""device_installment"":1223,""source_sku"":""100024509"",""gallery"":[{""url"":""https://shop.vodacom.co.za/media/catalog/product/s/a/samsung_galaxy_z_fold8_256gb_5g_-_main_1__1.jpg?store=shop&image-type=image"",""label"":""Samsung Galaxy Z Fold8 256GB 5G  + Samsung 45w Charger  + Galaxy Watch 9 40mm LTE + FREE Wide Carbon Magnet Case""},{""url"":""https://shop.vodacom.co.za/media/catalog/product/s/a/samsung_galaxy_z_fold8_256gb_5g_-_main_1__1.jpg?store=shop&image-type=small_image"",""label"":""Samsung Galaxy Z Fold8 256GB 5G  + Samsung 45w Charger  + Galaxy Watch 9 40mm LTE + FREE Wide Carbon Magnet Case""}],""storage_options"":[""256GB""]}"
vodacom:DV6HD08542,vodacom,Vodacom,#E60000,DV6HD08542,Samsung Galaxy S25FE 128GB 5G,dv6hd08542,Samsung,smartphone,device_contract,1199,,,,,,,,,,in_stock,https://www.vodacom.co.za/shopping/deals,"Vodacom catalogue snapshot fetched on 2026-08-06; confirm partner pricing, stock, and terms before fulfilment.",2026-08-06T00:00:00Z,https://www.vodacom.co.za/shopping/deals,true,false,https://shop.vodacom.co.za/media/catalog/product/placeholder/stores/8/No_image.png,RED Core 12GB 750min ,both,"{""package"":""RED Core 12GB 750min "",""tariff"":1161,""device_installment"":38,""source_sku"":""100023372"",""gallery"":[{""url"":""https://shop.vodacom.co.za/media/catalog/product/placeholder/stores/8/No_image.png"",""label"":""Samsung Galaxy S25FE 128GB 5G""},{""url"":""https://shop.vodacom.co.za/media/catalog/product/placeholder/stores/8/No_image_1.png"",""label"":""Samsung Galaxy S25FE 128GB 5G""}],""storage_options"":[""128GB""]}"
vodacom:DV6GD24113,vodacom,Vodacom,#E60000,DV6GD24113,Samsung Galaxy Z Flip8 256GB 5G  + Galaxy Watch 9 44mm LTE (Top Up),dv6gd24113,Samsung,smartphone,device_contract,1578,,,,,,,,,,in_stock,https://www.vodacom.co.za/shopping/deals,"Vodacom catalogue snapshot fetched on 2026-08-06; confirm partner pricing, stock, and terms before fulfilment.",2026-08-06T00:00:00Z,https://www.vodacom.co.za/shopping/deals,true,false,https://shop.vodacom.co.za/media/catalog/product/s/a/samsung_galaxy_z_flip8_256gb_5g_-_main_1__1.jpg?store=shop&image-type=image,RED Core 12GB 750min Top up ,both,"{""package"":""RED Core 12GB 750min Top up "",""tariff"":1226,""device_installment"":352,""source_sku"":""100024504"",""gallery"":[{""url"":""https://shop.vodacom.co.za/media/catalog/product/s/a/samsung_galaxy_z_flip8_256gb_5g_-_main_1__1.jpg?store=shop&image-type=image"",""label"":""Samsung Galaxy Z Flip8 256GB 5G  + Galaxy Watch 9 44mm LTE (Top Up)""},{""url"":""https://shop.vodacom.co.za/media/catalog/product/s/a/samsung_galaxy_z_flip8_256gb_5g_-_main_1__1.jpg?store=shop&image-type=small_image"",""label"":""Samsung Galaxy Z Flip8 256GB 5G  + Galaxy Watch 9 44mm LTE (Top Up)""}],""storage_options"":[""256GB""]}"
vodacom:DV6HD17845,vodacom,Vodacom,#E60000,DV6HD17845,Samsung Galaxy A57 256GB 5G,dv6hd17845,Samsung,smartphone,device_contract,2329,,,,,,,,,,in_stock,https://www.vodacom.co.za/shopping/deals,"Vodacom catalogue snapshot fetched on 2026-08-06; confirm partner pricing, stock, and terms before fulfilment.",2026-08-06T00:00:00Z,https://www.vodacom.co.za/shopping/deals,true,false,https://shop.vodacom.co.za/media/catalog/product/placeholder/stores/8/No_image.png,RED VIP 200GB,both,"{""package"":""RED VIP 200GB"",""tariff"":2329,""device_installment"":null,""source_sku"":""100024076"",""gallery"":[{""url"":""https://shop.vodacom.co.za/media/catalog/product/placeholder/stores/8/No_image.png"",""label"":""Samsung Galaxy A57 256GB 5G""},{""url"":""https://shop.vodacom.co.za/media/catalog/product/placeholder/stores/8/No_image_1.png"",""label"":""Samsung Galaxy A57 256GB 5G""}],""storage_options"":[""256GB""]}"
vodacom:DV6HD10609,vodacom,Vodacom,#E60000,DV6HD10609,HONOR Pad 10 256GB 5G  (Top Up),dv6hd10609,Honor,tablet,device_contract,479,,,,,,,,,,in_stock,https://www.vodacom.co.za/shopping/deals,"Vodacom catalogue snapshot fetched on 2026-08-06; confirm partner pricing, stock, and terms before fulfilment.",2026-08-06T00:00:00Z,https://www.vodacom.co.za/shopping/deals,true,false,https://shop.vodacom.co.za/media/catalog/product/placeholder/stores/8/No_image.png,40GB Data Top up,both,"{""package"":""40GB Data Top up"",""tariff"":179,""device_installment"":300,""source_sku"":""100023642"",""gallery"":[{""url"":""https://shop.vodacom.co.za/media/catalog/product/placeholder/stores/8/No_image.png"",""label"":""HONOR Pad 10 256GB 5G  (Top Up)""},{""url"":""https://shop.vodacom.co.za/media/catalog/product/placeholder/stores/8/No_image_1.png"",""label"":""HONOR Pad 10 256GB 5G  (Top Up)""}],""storage_options"":[""256GB""]}"
vodacom:DV6HD20353,vodacom,Vodacom,#E60000,DV6HD20353,Samsung Galaxy A37 256GB 5G + Samsung Galaxy Tab A11 64GB 4G,dv6hd20353,Samsung,smartphone,device_contract,788,,,,,,,,,,in_stock,https://www.vodacom.co.za/shopping/deals,"Vodacom catalogue snapshot fetched on 2026-08-06; confirm partner pricing, stock, and terms before fulfilment.",2026-08-06T00:00:00Z,https://www.vodacom.co.za/shopping/deals,true,false,https://shop.vodacom.co.za/media/catalog/product/placeholder/stores/8/No_image.png,RED Flexi 425,both,"{""package"":""RED Flexi 425"",""tariff"":425,""device_installment"":363,""source_sku"":""100024075"",""gallery"":[{""url"":""https://shop.vodacom.co.za/media/catalog/product/placeholder/stores/8/No_image.png"",""label"":""Samsung Galaxy A37 256GB 5G + Samsung Galaxy Tab A11 64GB 4G""},{""url"":""https://shop.vodacom.co.za/media/catalog/product/placeholder/stores/8/No_image_1.png"",""label"":""Samsung Galaxy A37 256GB 5G + Samsung Galaxy Tab A11 64GB 4G""}],""storage_options"":[""64GB"",""256GB""]}"
vodacom:DV6HD21443,vodacom,Vodacom,#E60000,DV6HD21443,Apple iPhone 17 Pro Max 1TB 5G,dv6hd21443,Apple,smartphone,device_contract,1729,,,,,,,,,,in_stock,https://www.vodacom.co.za/shopping/deals,"Vodacom catalogue snapshot fetched on 2026-08-06; confirm partner pricing, stock, and terms before fulfilment.",2026-08-06T00:00:00Z,https://www.vodacom.co.za/shopping/deals,true,false,https://shop.vodacom.co.za/media/catalog/product/placeholder/stores/8/No_image.png,Red Flexi 735,both,"{""package"":""Red Flexi 735"",""tariff"":735,""device_installment"":994,""source_sku"":""100023766"",""gallery"":[{""url"":""https://shop.vodacom.co.za/media/catalog/product/placeholder/stores/8/No_image.png"",""label"":""Apple iPhone 17 Pro Max 1TB 5G""},{""url"":""https://shop.vodacom.co.za/media/catalog/product/placeholder/stores/8/No_image_1.png"",""label"":""Apple iPhone 17 Pro Max 1TB 5G""}],""storage_options"":[]}"
vodacom:DV6HD21360,vodacom,Vodacom,#E60000,DV6HD21360,2x HONOR X9d 256GB 5G,dv6hd21360,Vodacom,smartphone,device_contract,919,,,,,,,,,,in_stock,https://www.vodacom.co.za/shopping/deals,"Vodacom catalogue snapshot fetched on 2026-08-06; confirm partner pricing, stock, and terms before fulfilment.",2026-08-06T00:00:00Z,https://www.vodacom.co.za/shopping/deals,true,false,https://shop.vodacom.co.za/media/catalog/product/placeholder/stores/8/No_image.png,RED Core 3GB 100min ,both,"{""package"":""RED Core 3GB 100min "",""tariff"":406,""device_installment"":513,""source_sku"":""100023726"",""gallery"":[{""url"":""https://shop.vodacom.co.za/media/catalog/product/placeholder/stores/8/No_image.png"",""label"":""2x HONOR X9d 256GB 5G""},{""url"":""https://shop.vodacom.co.za/media/catalog/product/placeholder/stores/8/No_image_1.png"",""label"":""2x HONOR X9d 256GB 5G""}],""storage_options"":[""256GB""]}"
vodacom:DV6HD10576,vodacom,Vodacom,#E60000,DV6HD10576,Dell Pro 15 Essential Core(TM) 3 8/512GB + HUAWEI E5783-230A CAT7 Mi-Fi Router  (Top Up),dv6hd10576,Dell,laptop,device_contract,729,,,,,,,,,,in_stock,https://www.vodacom.co.za/shopping/deals,"Vodacom catalogue snapshot fetched on 2026-08-06; confirm partner pricing, stock, and terms before fulfilment.",2026-08-06T00:00:00Z,https://www.vodacom.co.za/shopping/deals,true,false,https://shop.vodacom.co.za/media/catalog/product/placeholder/stores/8/No_image.png,40GB Data Top up,both,"{""package"":""40GB Data Top up"",""tariff"":179,""device_installment"":550,""source_sku"":""100024111"",""gallery"":[{""url"":""https://shop.vodacom.co.za/media/catalog/product/placeholder/stores/8/No_image.png"",""label"":""Dell Pro 15 Essential Core(TM) 3 8/512GB + HUAWEI E5783-230A CAT7 Mi-Fi Router  (Top Up)""},{""url"":""https://shop.vodacom.co.za/media/catalog/product/placeholder/stores/8/No_image_1.png"",""label"":""Dell Pro 15 Essential Core(TM) 3 8/512GB + HUAWEI E5783-230A CAT7 Mi-Fi Router  (Top Up)""}],""storage_options"":[""512GB""]}"
vodacom:DV6HD08892,vodacom,Vodacom,#E60000,DV6HD08892,2x HUAWEI nova 14i 256GB,dv6hd08892,Vodacom,smartphone,device_contract,1229,,,,,,,,,,in_stock,https://www.vodacom.co.za/shopping/deals,"Vodacom catalogue snapshot fetched on 2026-08-06; confirm partner pricing, stock, and terms before fulfilment.",2026-08-06T00:00:00Z,https://www.vodacom.co.za/shopping/deals,true,false,https://shop.vodacom.co.za/media/catalog/product/placeholder/stores/8/No_image.png,Red Flexi 735,both,"{""package"":""Red Flexi 735"",""tariff"":735,""device_installment"":494,""source_sku"":""100023536"",""gallery"":[{""url"":""https://shop.vodacom.co.za/media/catalog/product/placeholder/stores/8/No_image.png"",""label"":""2x HUAWEI nova 14i 256GB""},{""url"":""https://shop.vodacom.co.za/media/catalog/product/placeholder/stores/8/No_image_1.png"",""label"":""2x HUAWEI nova 14i 256GB""}],""storage_options"":[""256GB""]}"
vodacom:DV6HD14457,vodacom,Vodacom,#E60000,DV6HD14457,Samsung Galaxy Tab S11 Ultra 256GB 5G  (Top Up),dv6hd14457,Samsung,tablet,device_contract,1269,,,,,,,,,,in_stock,https://www.vodacom.co.za/shopping/deals,"Vodacom catalogue snapshot fetched on 2026-08-06; confirm partner pricing, stock, and terms before fulfilment.",2026-08-06T00:00:00Z,https://www.vodacom.co.za/shopping/deals,true,false,https://shop.vodacom.co.za/media/catalog/product/placeholder/stores/8/No_image.png,400GB Data Top up,both,"{""package"":""400GB Data Top up"",""tariff"":399,""device_installment"":870,""source_sku"":""100023450"",""gallery"":[{""url"":""https://shop.vodacom.co.za/media/catalog/product/placeholder/stores/8/No_image.png"",""label"":""Samsung Galaxy Tab S11 Ultra 256GB 5G  (Top Up)""},{""url"":""https://shop.vodacom.co.za/media/catalog/product/placeholder/stores/8/No_image_1.png"",""label"":""Samsung Galaxy Tab S11 Ultra 256GB 5G  (Top Up)""}],""storage_options"":[""256GB""]}"
vodacom:DV6HD13491,vodacom,Vodacom,#E60000,DV6HD13491,Samsung Galaxy S26+ 256GB 5G + Galaxy Watch8 LTE 44mm,dv6hd13491,Samsung,smartphone,device_contract,1128,,,,,,,,,,in_stock,https://www.vodacom.co.za/shopping/deals,"Vodacom catalogue snapshot fetched on 2026-08-06; confirm partner pricing, stock, and terms before fulfilment.",2026-08-06T00:00:00Z,https://www.vodacom.co.za/shopping/deals,true,false,https://shop.vodacom.co.za/media/catalog/product/placeholder/stores/8/No_image.png,Red Flexi 320,both,"{""package"":""Red Flexi 320"",""tariff"":320,""device_installment"":808,""source_sku"":""100023962"",""gallery"":[{""url"":""https://shop.vodacom.co.za/media/catalog/product/placeholder/stores/8/No_image.png"",""label"":""Samsung Galaxy S26+ 256GB 5G + Galaxy Watch8 LTE 44mm""},{""url"":""https://shop.vodacom.co.za/media/catalog/product/placeholder/stores/8/No_image_1.png"",""label"":""Samsung Galaxy S26+ 256GB 5G + Galaxy Watch8 LTE 44mm""}],""storage_options"":[""256GB""]}"
vodacom:DV6HD19213,vodacom,Vodacom,#E60000,DV6HD19213,vivo X300 512GB 5G,dv6hd19213,Vivo,smartphone,device_contract,1499,,,,,,,,,,in_stock,https://www.vodacom.co.za/shopping/deals,"Vodacom catalogue snapshot fetched on 2026-08-06; confirm partner pricing, stock, and terms before fulfilment.",2026-08-06T00:00:00Z,https://www.vodacom.co.za/shopping/deals,true,false,https://shop.vodacom.co.za/media/catalog/product/placeholder/stores/8/No_image.png,RED Core 12GB 750min ,both,"{""package"":""RED Core 12GB 750min "",""tariff"":1161,""device_installment"":338,""source_sku"":""100024099"",""gallery"":[{""url"":""https://shop.vodacom.co.za/media/catalog/product/placeholder/stores/8/No_image.png"",""label"":""vivo X300 512GB 5G""},{""url"":""https://shop.vodacom.co.za/media/catalog/product/placeholder/stores/8/No_image_1.png"",""label"":""vivo X300 512GB 5G""}],""storage_options"":[""512GB""]}"
vodacom:DV6HB00026,vodacom,Vodacom,#E60000,DV6HB00026,Samsung Galaxy A27 128GB 5G,dv6hb00026,Samsung,smartphone,device_contract,629,,,,,,,,,,in_stock,https://www.vodacom.co.za/shopping/deals,"Vodacom catalogue snapshot fetched on 2026-08-06; confirm partner pricing, stock, and terms before fulfilment.",2026-08-06T00:00:00Z,https://www.vodacom.co.za/shopping/deals,true,false,https://shop.vodacom.co.za/media/catalog/product/placeholder/stores/8/No_image.png,RED Core 6GB 250min ,both,"{""package"":""RED Core 6GB 250min "",""tariff"":629,""device_installment"":null,""source_sku"":""100024159"",""gallery"":[{""url"":""https://shop.vodacom.co.za/media/catalog/product/placeholder/stores/8/No_image.png"",""label"":""Samsung Galaxy A27 128GB 5G""},{""url"":""https://shop.vodacom.co.za/media/catalog/product/placeholder/stores/8/No_image_1.png"",""label"":""Samsung Galaxy A27 128GB 5G""}],""storage_options"":[""128GB""]}"
vodacom:DV6HD01857,vodacom,Vodacom,#E60000,DV6HD01857,TCL 60R 128GB 5G,dv6hd01857,TCL,smartphone,device_contract,269,,,,,,,,,,in_stock,https://www.vodacom.co.za/shopping/deals,"Vodacom catalogue snapshot fetched on 2026-08-06; confirm partner pricing, stock, and terms before fulfilment.",2026-08-06T00:00:00Z,https://www.vodacom.co.za/shopping/deals,true,false,https://shop.vodacom.co.za/media/catalog/product/placeholder/stores/8/No_image.png,Red Flexi 245,both,"{""package"":""Red Flexi 245"",""tariff"":245,""device_installment"":24,""source_sku"":""100022879"",""gallery"":[{""url"":""https://shop.vodacom.co.za/media/catalog/product/placeholder/stores/8/No_image.png"",""label"":""TCL 60R 128GB 5G""},{""url"":""https://shop.vodacom.co.za/media/catalog/product/placeholder/stores/8/No_image_1.png"",""label"":""TCL 60R 128GB 5G""}],""storage_options"":[""128GB""]}"
vodacom:DV6HD13536,vodacom,Vodacom,#E60000,DV6HD13536,Samsung Galaxy S25 256GB 5G,dv6hd13536,Samsung,smartphone,device_contract,849,,,,,,,,,,in_stock,https://www.vodacom.co.za/shopping/deals,"Vodacom catalogue snapshot fetched on 2026-08-06; confirm partner pricing, stock, and terms before fulfilment.",2026-08-06T00:00:00Z,https://www.vodacom.co.za/shopping/deals,true,false,https://shop.vodacom.co.za/media/catalog/product/placeholder/stores/8/No_image.png,Red Flexi 320,both,"{""package"":""Red Flexi 320"",""tariff"":320,""device_installment"":529,""source_sku"":""100022663"",""gallery"":[{""url"":""https://shop.vodacom.co.za/media/catalog/product/placeholder/stores/8/No_image.png"",""label"":""Samsung Galaxy S25 256GB 5G""},{""url"":""https://shop.vodacom.co.za/media/catalog/product/placeholder/stores/8/No_image_1.png"",""label"":""Samsung Galaxy S25 256GB 5G""}],""storage_options"":[""256GB""]}"
vodacom:DV6HD08069,vodacom,Vodacom,#E60000,DV6HD08069,vivo V70 512GB 5G,dv6hd08069,Vivo,smartphone,device_contract,2229,,,,,,,,,,in_stock,https://www.vodacom.co.za/shopping/deals,"Vodacom catalogue snapshot fetched on 2026-08-06; confirm partner pricing, stock, and terms before fulfilment.",2026-08-06T00:00:00Z,https://www.vodacom.co.za/shopping/deals,true,false,https://shop.vodacom.co.za/media/catalog/product/placeholder/stores/8/No_image.png,RED VIP 50GB,both,"{""package"":""RED VIP 50GB"",""tariff"":2229,""device_installment"":null,""source_sku"":""100024295"",""gallery"":[{""url"":""https://shop.vodacom.co.za/media/catalog/product/placeholder/stores/8/No_image.png"",""label"":""vivo V70 512GB 5G""},{""url"":""https://shop.vodacom.co.za/media/catalog/product/placeholder/stores/8/No_image_1.png"",""label"":""vivo V70 512GB 5G""}],""storage_options"":[""512GB""]}"
vodacom:DV6HD14554,vodacom,Vodacom,#E60000,DV6HD14554,Nubia A76 128GB 5G,dv6hd14554,Nubia,smartphone,device_contract,699,,,,,,,,,,in_stock,https://www.vodacom.co.za/shopping/deals,"Vodacom catalogue snapshot fetched on 2026-08-06; confirm partner pricing, stock, and terms before fulfilment.",2026-08-06T00:00:00Z,https://www.vodacom.co.za/shopping/deals,true,false,https://shop.vodacom.co.za/media/catalog/product/placeholder/stores/8/No_image.png,Red Flexi 735,both,"{""package"":""Red Flexi 735"",""tariff"":699,""device_installment"":null,""source_sku"":""100023403"",""gallery"":[{""url"":""https://shop.vodacom.co.za/media/catalog/product/placeholder/stores/8/No_image.png"",""label"":""Nubia A76 128GB 5G""},{""url"":""https://shop.vodacom.co.za/media/catalog/product/placeholder/stores/8/No_image_1.png"",""label"":""Nubia A76 128GB 5G""}],""storage_options"":[""128GB""]}"
vodacom:DV6HD06013,vodacom,Vodacom,#E60000,DV6HD06013,Redmi 17 256GB 4G,dv6hd06013,Redmi,smartphone,device_contract,659,,,,,,,,,,in_stock,https://www.vodacom.co.za/shopping/deals,"Vodacom catalogue snapshot fetched on 2026-08-06; confirm partner pricing, stock, and terms before fulfilment.",2026-08-06T00:00:00Z,https://www.vodacom.co.za/shopping/deals,true,false,https://shop.vodacom.co.za/media/catalog/product/placeholder/stores/8/No_image.png,RED Flexi 425,both,"{""package"":""RED Flexi 425"",""tariff"":425,""device_installment"":234,""source_sku"":""100024698"",""gallery"":[{""url"":""https://shop.vodacom.co.za/media/catalog/product/placeholder/stores/8/No_image.png"",""label"":""Redmi 17 256GB 4G""},{""url"":""https://shop.vodacom.co.za/media/catalog/product/placeholder/stores/8/No_image_1.png"",""label"":""Redmi 17 256GB 4G""}],""storage_options"":[""256GB""]}"
vodacom:DV6HD04650,vodacom,Vodacom,#E60000,DV6HD04650,HUAWEI Pura 80 256GB  (Top Up),dv6hd04650,Huawei,smartphone,device_contract,1119,,,,,,,,,,in_stock,https://www.vodacom.co.za/shopping/deals,"Vodacom catalogue snapshot fetched on 2026-08-06; confirm partner pricing, stock, and terms before fulfilment.",2026-08-06T00:00:00Z,https://www.vodacom.co.za/shopping/deals,true,false,https://shop.vodacom.co.za/media/catalog/product/placeholder/stores/8/No_image.png,RED Core 6GB 250min Top up ,both,"{""package"":""RED Core 6GB 250min Top up "",""tariff"":794,""device_installment"":325,""source_sku"":""100023339"",""gallery"":[{""url"":""https://shop.vodacom.co.za/media/catalog/product/placeholder/stores/8/No_image.png"",""label"":""HUAWEI Pura 80 256GB  (Top Up)""},{""url"":""https://shop.vodacom.co.za/media/catalog/product/placeholder/stores/8/No_image_1.png"",""label"":""HUAWEI Pura 80 256GB  (Top Up)""}],""storage_options"":[""256GB""]}"
vodacom:DV6HD14967,vodacom,Vodacom,#E60000,DV6HD14967,vivo V70 FE 512GB 5G  (Top Up),dv6hd14967,Vivo,smartphone,device_contract,949,,,,,,,,,,in_stock,https://www.vodacom.co.za/shopping/deals,"Vodacom catalogue snapshot fetched on 2026-08-06; confirm partner pricing, stock, and terms before fulfilment.",2026-08-06T00:00:00Z,https://www.vodacom.co.za/shopping/deals,true,false,https://shop.vodacom.co.za/media/catalog/product/placeholder/stores/8/No_image.png,RED Core 6GB 250min Top up ,both,"{""package"":""RED Core 6GB 250min Top up "",""tariff"":794,""device_installment"":155,""source_sku"":""100024392"",""gallery"":[{""url"":""https://shop.vodacom.co.za/media/catalog/product/placeholder/stores/8/No_image.png"",""label"":""vivo V70 FE 512GB 5G  (Top Up)""},{""url"":""https://shop.vodacom.co.za/media/catalog/product/placeholder/stores/8/No_image_1.png"",""label"":""vivo V70 FE 512GB 5G  (Top Up)""}],""storage_options"":[""512GB""]}"
vodacom:DV6HD07937,vodacom,Vodacom,#E60000,DV6HD07937,Redmi Note 15 Pro 256GB,dv6hd07937,Redmi,smartphone,device_contract,589,,,,,,,,,,in_stock,https://www.vodacom.co.za/shopping/deals,"Vodacom catalogue snapshot fetched on 2026-08-06; confirm partner pricing, stock, and terms before fulfilment.",2026-08-06T00:00:00Z,https://www.vodacom.co.za/shopping/deals,true,false,https://shop.vodacom.co.za/media/catalog/product/placeholder/stores/8/No_image.png,RED Core 3GB 100min ,both,"{""package"":""RED Core 3GB 100min "",""tariff"":406,""device_installment"":183,""source_sku"":""100024102"",""gallery"":[{""url"":""https://shop.vodacom.co.za/media/catalog/product/placeholder/stores/8/No_image.png"",""label"":""Redmi Note 15 Pro 256GB""},{""url"":""https://shop.vodacom.co.za/media/catalog/product/placeholder/stores/8/No_image_1.png"",""label"":""Redmi Note 15 Pro 256GB""}],""storage_options"":[""256GB""]}"
vodacom:DV6HD21422,vodacom,Vodacom,#E60000,DV6HD21422,Realme P4 Power 256GB 5G,dv6hd21422,Realme,smartphone,device_contract,909,,,,,,,,,,in_stock,https://www.vodacom.co.za/shopping/deals,"Vodacom catalogue snapshot fetched on 2026-08-06; confirm partner pricing, stock, and terms before fulfilment.",2026-08-06T00:00:00Z,https://www.vodacom.co.za/shopping/deals,true,false,https://shop.vodacom.co.za/media/catalog/product/placeholder/stores/8/No_image.png,Red Flexi 735,both,"{""package"":""Red Flexi 735"",""tariff"":735,""device_installment"":174,""source_sku"":""100024611"",""gallery"":[{""url"":""https://shop.vodacom.co.za/media/catalog/product/placeholder/stores/8/No_image.png"",""label"":""Realme P4 Power 256GB 5G""},{""url"":""https://shop.vodacom.co.za/media/catalog/product/placeholder/stores/8/No_image_1.png"",""label"":""Realme P4 Power 256GB 5G""}],""storage_options"":[""256GB""]}"
vodacom:DV6HD23168,vodacom,Vodacom,#E60000,DV6HD23168,Xiaomi 17T 512GB 5G  (Top Up),dv6hd23168,Xiaomi,smartphone,device_contract,1129,,,,,,,,,,in_stock,https://www.vodacom.co.za/shopping/deals,"Vodacom catalogue snapshot fetched on 2026-08-06; confirm partner pricing, stock, and terms before fulfilment.",2026-08-06T00:00:00Z,https://www.vodacom.co.za/shopping/deals,true,false,https://shop.vodacom.co.za/media/catalog/product/placeholder/stores/8/No_image.png,RED Core 12GB 750min Top up ,both,"{""package"":""RED Core 12GB 750min Top up "",""tariff"":1129,""device_installment"":null,""source_sku"":""100024477"",""gallery"":[{""url"":""https://shop.vodacom.co.za/media/catalog/product/placeholder/stores/8/No_image.png"",""label"":""Xiaomi 17T 512GB 5G  (Top Up)""},{""url"":""https://shop.vodacom.co.za/media/catalog/product/placeholder/stores/8/No_image_1.png"",""label"":""Xiaomi 17T 512GB 5G  (Top Up)""}],""storage_options"":[""512GB""]}"
vodacom:DV6GD22891,vodacom,Vodacom,#E60000,DV6GD22891,Samsung Galaxy Z Flip8 256GB 5G,dv6gd22891,Samsung,smartphone,device_contract,1379,,,,,,,,,,in_stock,https://www.vodacom.co.za/shopping/deals,"Vodacom catalogue snapshot fetched on 2026-08-06; confirm partner pricing, stock, and terms before fulfilment.",2026-08-06T00:00:00Z,https://www.vodacom.co.za/shopping/deals,true,false,https://shop.vodacom.co.za/media/catalog/product/s/a/samsung_galaxy_z_flip8_256gb_5g_-_main_1__1.jpg?store=shop&image-type=image,Red Flexi 320,both,"{""package"":""Red Flexi 320"",""tariff"":320,""device_installment"":1059,""source_sku"":""100024504"",""gallery"":[{""url"":""https://shop.vodacom.co.za/media/catalog/product/s/a/samsung_galaxy_z_flip8_256gb_5g_-_main_1__1.jpg?store=shop&image-type=image"",""label"":""Samsung Galaxy Z Flip8 256GB 5G ""},{""url"":""https://shop.vodacom.co.za/media/catalog/product/s/a/samsung_galaxy_z_flip8_256gb_5g_-_main_1__1.jpg?store=shop&image-type=small_image"",""label"":""Samsung Galaxy Z Flip8 256GB 5G""}],""storage_options"":[""256GB""]}"
vodacom:DV6HD01949,vodacom,Vodacom,#E60000,DV6HD01949,vivo V60 Lite 256GB 5G + Riro Watch W2SE,dv6hd01949,Vivo,smartphone,device_contract,679,,,,,,,,,,in_stock,https://www.vodacom.co.za/shopping/deals,"Vodacom catalogue snapshot fetched on 2026-08-06; confirm partner pricing, stock, and terms before fulfilment.",2026-08-06T00:00:00Z,https://www.vodacom.co.za/shopping/deals,true,false,https://shop.vodacom.co.za/media/catalog/product/placeholder/stores/8/No_image.png,Red Flexi 245,both,"{""package"":""Red Flexi 245"",""tariff"":245,""device_installment"":434,""source_sku"":""100023309"",""gallery"":[{""url"":""https://shop.vodacom.co.za/media/catalog/product/placeholder/stores/8/No_image.png"",""label"":""vivo V60 Lite 256GB 5G + Riro Watch W2SE""},{""url"":""https://shop.vodacom.co.za/media/catalog/product/placeholder/stores/8/No_image_1.png"",""label"":""vivo V60 Lite 256GB 5G + Riro Watch W2SE""}],""storage_options"":[""256GB""]}"
vodacom:DV6GD25072,vodacom,Vodacom,#E60000,DV6GD25072,Samsung Galaxy Z Fold8 256GB 5G  + Samsung 45w Charger  + FREE Wide Carbon Magnet Case (Top Up),dv6gd25072,Samsung,smartphone,device_contract,1849,,,,,,,,,,in_stock,https://www.vodacom.co.za/shopping/deals,"Vodacom catalogue snapshot fetched on 2026-08-06; confirm partner pricing, stock, and terms before fulfilment.",2026-08-06T00:00:00Z,https://www.vodacom.co.za/shopping/deals,true,false,https://shop.vodacom.co.za/media/catalog/product/s/a/samsung_galaxy_z_fold8_256gb_5g_-_main_1__1.jpg?store=shop&image-type=image,RED Core 12GB 750min Top up ,both,"{""package"":""RED Core 12GB 750min Top up "",""tariff"":1226,""device_installment"":623,""source_sku"":""100024509"",""gallery"":[{""url"":""https://shop.vodacom.co.za/media/catalog/product/s/a/samsung_galaxy_z_fold8_256gb_5g_-_main_1__1.jpg?store=shop&image-type=image"",""label"":""Samsung Galaxy Z Fold8 256GB 5G  + Samsung 45w Charger  + FREE Wide Carbon Magnet Case (Top Up)""},{""url"":""https://shop.vodacom.co.za/media/catalog/product/s/a/samsung_galaxy_z_fold8_256gb_5g_-_main_1__1.jpg?store=shop&image-type=small_image"",""label"":""Samsung Galaxy Z Fold8 256GB 5G  + Samsung 45w Charger  + FREE Wide Carbon Magnet Case (Top Up)""}],""storage_options"":[""256GB""]}"
vodacom:DV6HD14686,vodacom,Vodacom,#E60000,DV6HD14686,HUAWEI nova Y74 8/256GB,dv6hd14686,Huawei,smartphone,device_contract,779,,,,,,,,,,in_stock,https://www.vodacom.co.za/shopping/deals,"Vodacom catalogue snapshot fetched on 2026-08-06; confirm partner pricing, stock, and terms before fulfilment.",2026-08-06T00:00:00Z,https://www.vodacom.co.za/shopping/deals,true,false,https://shop.vodacom.co.za/media/catalog/product/placeholder/stores/8/No_image.png,Red Flexi 735,both,"{""package"":""Red Flexi 735"",""tariff"":735,""device_installment"":44,""source_sku"":""100024396"",""gallery"":[{""url"":""https://shop.vodacom.co.za/media/catalog/product/placeholder/stores/8/No_image.png"",""label"":""HUAWEI nova Y74 8/256GB""},{""url"":""https://shop.vodacom.co.za/media/catalog/product/placeholder/stores/8/No_image_1.png"",""label"":""HUAWEI nova Y74 8/256GB""}],""storage_options"":[""256GB""]}"
vodacom:DV6HD21716,vodacom,Vodacom,#E60000,DV6HD21716,OPPO Reno15 F 512GB 5G,dv6hd21716,Oppo,smartphone,device_contract,2349,,,,,,,,,,in_stock,https://www.vodacom.co.za/shopping/deals,"Vodacom catalogue snapshot fetched on 2026-08-06; confirm partner pricing, stock, and terms before fulfilment.",2026-08-06T00:00:00Z,https://www.vodacom.co.za/shopping/deals,true,false,https://shop.vodacom.co.za/media/catalog/product/placeholder/stores/8/No_image.png,RED VIP 200GB,both,"{""package"":""RED VIP 200GB"",""tariff"":2349,""device_installment"":null,""source_sku"":""100024095"",""gallery"":[{""url"":""https://shop.vodacom.co.za/media/catalog/product/placeholder/stores/8/No_image.png"",""label"":""OPPO Reno15 F 512GB 5G""},{""url"":""https://shop.vodacom.co.za/media/catalog/product/placeholder/stores/8/No_image_1.png"",""label"":""OPPO Reno15 F 512GB 5G""}],""storage_options"":[""512GB""]}"
vodacom:DV6HD20180,vodacom,Vodacom,#E60000,DV6HD20180,2x vivo Y11e 128GB 4G  (Top Up),dv6hd20180,Vodacom,smartphone,device_contract,899,,,,,,,,,,in_stock,https://www.vodacom.co.za/shopping/deals,"Vodacom catalogue snapshot fetched on 2026-08-06; confirm partner pricing, stock, and terms before fulfilment.",2026-08-06T00:00:00Z,https://www.vodacom.co.za/shopping/deals,true,false,https://shop.vodacom.co.za/media/catalog/product/placeholder/stores/8/No_image.png,RED Core 6GB 250min Top up ,both,"{""package"":""RED Core 6GB 250min Top up "",""tariff"":794,""device_installment"":105,""source_sku"":""100024467"",""gallery"":[{""url"":""https://shop.vodacom.co.za/media/catalog/product/placeholder/stores/8/No_image.png"",""label"":""2x vivo Y11e 128GB 4G  (Top Up)""},{""url"":""https://shop.vodacom.co.za/media/catalog/product/placeholder/stores/8/No_image_1.png"",""label"":""2x vivo Y11e 128GB 4G  (Top Up)""}],""storage_options"":[""128GB""]}"
vodacom:DV6GD23134,vodacom,Vodacom,#E60000,DV6GD23134,Samsung Galaxy Z Flip8 256GB 5G  + Samsung 45w Charger  + Galaxy Buds 4 + Galaxy Watch 9 44mm LTE + FREE Silicone Magnet Case,dv6gd23134,Samsung,smartphone,device_contract,1848,,,,,,,,,,in_stock,https://www.vodacom.co.za/shopping/deals,"Vodacom catalogue snapshot fetched on 2026-08-06; confirm partner pricing, stock, and terms before fulfilment.",2026-08-06T00:00:00Z,https://www.vodacom.co.za/shopping/deals,true,false,https://shop.vodacom.co.za/media/catalog/product/s/a/samsung_galaxy_z_flip8_256gb_5g_-_main_1__1.jpg?store=shop&image-type=image,RED Core 6GB 250min ,both,"{""package"":""RED Core 6GB 250min "",""tariff"":730,""device_installment"":1118,""source_sku"":""100024504"",""gallery"":[{""url"":""https://shop.vodacom.co.za/media/catalog/product/s/a/samsung_galaxy_z_flip8_256gb_5g_-_main_1__1.jpg?store=shop&image-type=image"",""label"":""Samsung Galaxy Z Flip8 256GB 5G  + Samsung 45w Charger  + Galaxy Buds 4 + Galaxy Watch 9 44mm LTE + FREE Silicone Magnet Case""},{""url"":""https://shop.vodacom.co.za/media/catalog/product/s/a/samsung_galaxy_z_flip8_256gb_5g_-_main_1__1.jpg?store=shop&image-type=small_image"",""label"":""Samsung Galaxy Z Flip8 256GB 5G  + Samsung 45w Charger  + Galaxy Buds 4 + Galaxy Watch 9 44mm LTE + FREE Silicone Magnet Case""}],""storage_options"":[""256GB""]}"
vodacom:DV6GD23146,vodacom,Vodacom,#E60000,DV6GD23146,Samsung Galaxy Z Fold8 Ultra 1TB 5G  + Samsung 45w Charger  + Galaxy Buds 4 + Galaxy Watch 9 44mm LTE + FREE Carbon Magnet Case,dv6gd23146,Samsung,smartphone,device_contract,4418,,,,,,,,,,in_stock,https://www.vodacom.co.za/shopping/deals,"Vodacom catalogue snapshot fetched on 2026-08-06; confirm partner pricing, stock, and terms before fulfilment.",2026-08-06T00:00:00Z,https://www.vodacom.co.za/shopping/deals,true,false,https://shop.vodacom.co.za/media/catalog/product/s/a/samsung_galaxy_z_fold8_ultra_512gb_5g_-_top_1__1_1.jpg?store=shop&image-type=image,RED VIP 100GB,both,"{""package"":""RED VIP 100GB"",""tariff"":3115,""device_installment"":1303,""source_sku"":""100024508"",""gallery"":[{""url"":""https://shop.vodacom.co.za/media/catalog/product/s/a/samsung_galaxy_z_fold8_ultra_512gb_5g_-_top_1__1_1.jpg?store=shop&image-type=image"",""label"":""Samsung Galaxy Z Fold8 Ultra 1TB 5G  + Samsung 45w Charger  + Galaxy Buds 4 + Galaxy Watch 9 44mm LTE + FREE Carbon Magnet Case""},{""url"":""https://shop.vodacom.co.za/media/catalog/product/s/a/samsung_galaxy_z_fold8_ultra_512gb_5g_-_top_1__1_1.jpg?store=shop&image-type=small_image"",""label"":""Samsung Galaxy Z Fold8 Ultra 1TB 5G  + Samsung 45w Charger  + Galaxy Buds 4 + Galaxy Watch 9 44mm LTE + FREE Carbon Magnet Case""}],""storage_options"":[]}"
vodacom:DV6HD19360,vodacom,Vodacom,#E60000,DV6HD19360,2x Apple iPhone 15 128GB 5G,dv6hd19360,Vodacom,smartphone,device_contract,1409,,,,,,,,,,in_stock,https://www.vodacom.co.za/shopping/deals,"Vodacom catalogue snapshot fetched on 2026-08-06; confirm partner pricing, stock, and terms before fulfilment.",2026-08-06T00:00:00Z,https://www.vodacom.co.za/shopping/deals,true,false,https://shop.vodacom.co.za/media/catalog/product/placeholder/stores/8/No_image.png,Red Flexi 545,both,"{""package"":""Red Flexi 545"",""tariff"":545,""device_installment"":864,""source_sku"":""100021503"",""gallery"":[{""url"":""https://shop.vodacom.co.za/media/catalog/product/placeholder/stores/8/No_image.png"",""label"":""2x Apple iPhone 15 128GB 5G""},{""url"":""https://shop.vodacom.co.za/media/catalog/product/placeholder/stores/8/No_image_1.png"",""label"":""2x Apple iPhone 15 128GB 5G""}],""storage_options"":[""128GB""]}"
vodacom:DV6GD24480,vodacom,Vodacom,#E60000,DV6GD24480,Samsung Galaxy Z Flip8 256GB 5G  + Galaxy Buds 4 + Galaxy Watch 9 40mm LTE,dv6gd24480,Samsung,smartphone,device_contract,1418,,,,,,,,,,in_stock,https://www.vodacom.co.za/shopping/deals,"Vodacom catalogue snapshot fetched on 2026-08-06; confirm partner pricing, stock, and terms before fulfilment.",2026-08-06T00:00:00Z,https://www.vodacom.co.za/shopping/deals,true,false,https://shop.vodacom.co.za/media/catalog/product/s/a/samsung_galaxy_z_flip8_256gb_5g_-_main_1__1.jpg?store=shop&image-type=image,Red Flexi 545,both,"{""package"":""Red Flexi 545"",""tariff"":545,""device_installment"":873,""source_sku"":""100024504"",""gallery"":[{""url"":""https://shop.vodacom.co.za/media/catalog/product/s/a/samsung_galaxy_z_flip8_256gb_5g_-_main_1__1.jpg?store=shop&image-type=image"",""label"":""Samsung Galaxy Z Flip8 256GB 5G  + Galaxy Buds 4 + Galaxy Watch 9 40mm LTE""},{""url"":""https://shop.vodacom.co.za/media/catalog/product/s/a/samsung_galaxy_z_flip8_256gb_5g_-_main_1__1.jpg?store=shop&image-type=small_image"",""label"":""Samsung Galaxy Z Flip8 256GB 5G  + Galaxy Buds 4 + Galaxy Watch 9 40mm LTE""}],""storage_options"":[""256GB""]}"
vodacom:DV6HD02260,vodacom,Vodacom,#E60000,DV6HD02260,Apple iPhone 17 Pro 256GB 5G  (Top Up),dv6hd02260,Apple,smartphone,device_contract,1799,,,,,,,,,,in_stock,https://www.vodacom.co.za/shopping/deals,"Vodacom catalogue snapshot fetched on 2026-08-06; confirm partner pricing, stock, and terms before fulfilment.",2026-08-06T00:00:00Z,https://www.vodacom.co.za/shopping/deals,true,false,https://shop.vodacom.co.za/media/catalog/product/placeholder/stores/8/No_image.png,RED Core 6GB 250min Top up ,both,"{""package"":""RED Core 6GB 250min Top up "",""tariff"":794,""device_installment"":1005,""source_sku"":""100023761"",""gallery"":[{""url"":""https://shop.vodacom.co.za/media/catalog/product/placeholder/stores/8/No_image.png"",""label"":""Apple iPhone 17 Pro 256GB 5G  (Top Up)""},{""url"":""https://shop.vodacom.co.za/media/catalog/product/placeholder/stores/8/No_image_1.png"",""label"":""Apple iPhone 17 Pro 256GB 5G  (Top Up)""}],""storage_options"":[""256GB""]}"
vodacom:DV6GD22774,vodacom,Vodacom,#E60000,DV6GD22774,Samsung Galaxy Z Fold8 512GB 5G + Samsung 45w Charger  + Galaxy Watch 9 40mm BT + FREE Wide Carbon Magnet Case,dv6gd22774,Samsung,smartphone,device_contract,2928,,,,,,,,,,in_stock,https://www.vodacom.co.za/shopping/deals,"Vodacom catalogue snapshot fetched on 2026-08-06; confirm partner pricing, stock, and terms before fulfilment.",2026-08-06T00:00:00Z,https://www.vodacom.co.za/shopping/deals,true,false,https://shop.vodacom.co.za/media/catalog/product/s/a/samsung_galaxy_z_fold8_512gb_5g_-_main_1__1.jpg?store=shop&image-type=image,Red Flexi 1110,both,"{""package"":""Red Flexi 1110"",""tariff"":1110,""device_installment"":1818,""source_sku"":""100024510"",""gallery"":[{""url"":""https://shop.vodacom.co.za/media/catalog/product/s/a/samsung_galaxy_z_fold8_512gb_5g_-_main_1__1.jpg?store=shop&image-type=image"",""label"":""Samsung Galaxy Z Fold8 512GB 5G + Samsung 45w Charger  + Galaxy Watch 9 40mm BT + FREE Wide Carbon Magnet Case""},{""url"":""https://shop.vodacom.co.za/media/catalog/product/s/a/samsung_galaxy_z_fold8_512gb_5g_-_main_1__1.jpg?store=shop&image-type=small_image"",""label"":""Samsung Galaxy Z Fold8 512GB 5G + Samsung 45w Charger  + Galaxy Watch 9 40mm BT + FREE Wide Carbon Magnet Case""}],""storage_options"":[""512GB""]}"
vodacom:DV6HD03281,vodacom,Vodacom,#E60000,DV6HD03281,Samsung Galaxy S26 256GB 5G + Galaxy Watch8 LTE 44mm,dv6hd03281,Samsung,smartphone,device_contract,1178,,,,,,,,,,in_stock,https://www.vodacom.co.za/shopping/deals,"Vodacom catalogue snapshot fetched on 2026-08-06; confirm partner pricing, stock, and terms before fulfilment.",2026-08-06T00:00:00Z,https://www.vodacom.co.za/shopping/deals,true,false,https://shop.vodacom.co.za/media/catalog/product/placeholder/stores/8/No_image.png,Red Flexi 320,both,"{""package"":""Red Flexi 320"",""tariff"":320,""device_installment"":858,""source_sku"":""100023958"",""gallery"":[{""url"":""https://shop.vodacom.co.za/media/catalog/product/placeholder/stores/8/No_image.png"",""label"":""Samsung Galaxy S26 256GB 5G + Galaxy Watch8 LTE 44mm""},{""url"":""https://shop.vodacom.co.za/media/catalog/product/placeholder/stores/8/No_image_1.png"",""label"":""Samsung Galaxy S26 256GB 5G + Galaxy Watch8 LTE 44mm""}],""storage_options"":[""256GB""]}"
vodacom:DV6GD22880,vodacom,Vodacom,#E60000,DV6GD22880,Samsung Galaxy Z Flip8 256GB 5G  + Galaxy Watch 9 40mm LTE,dv6gd22880,Samsung,smartphone,device_contract,2238,,,,,,,,,,in_stock,https://www.vodacom.co.za/shopping/deals,"Vodacom catalogue snapshot fetched on 2026-08-06; confirm partner pricing, stock, and terms before fulfilment.",2026-08-06T00:00:00Z,https://www.vodacom.co.za/shopping/deals,true,false,https://shop.vodacom.co.za/media/catalog/product/s/a/samsung_galaxy_z_flip8_256gb_5g_-_main_1__1.jpg?store=shop&image-type=image,Red Flexi 1110,both,"{""package"":""Red Flexi 1110"",""tariff"":1110,""device_installment"":1128,""source_sku"":""100024504"",""gallery"":[{""url"":""https://shop.vodacom.co.za/media/catalog/product/s/a/samsung_galaxy_z_flip8_256gb_5g_-_main_1__1.jpg?store=shop&image-type=image"",""label"":""Samsung Galaxy Z Flip8 256GB 5G  + Galaxy Watch 9 40mm LTE""},{""url"":""https://shop.vodacom.co.za/media/catalog/product/s/a/samsung_galaxy_z_flip8_256gb_5g_-_main_1__1.jpg?store=shop&image-type=small_image"",""label"":""Samsung Galaxy Z Flip8 256GB 5G  + Galaxy Watch 9 40mm LTE""}],""storage_options"":[""256GB""]}"
vodacom:DV6HD00982,vodacom,Vodacom,#E60000,DV6HD00982,Samsung Galaxy S26 Ultra 256GB 5G + Galaxy Watch 9 44mm LTE,dv6hd00982,Samsung,smartphone,device_contract,2408,,,,,,,,,,in_stock,https://www.vodacom.co.za/shopping/deals,"Vodacom catalogue snapshot fetched on 2026-08-06; confirm partner pricing, stock, and terms before fulfilment.",2026-08-06T00:00:00Z,https://www.vodacom.co.za/shopping/deals,true,false,https://shop.vodacom.co.za/media/catalog/product/placeholder/stores/8/No_image.png,Red Flexi 1110,both,"{""package"":""Red Flexi 1110"",""tariff"":1110,""device_installment"":1298,""source_sku"":""100023964"",""gallery"":[{""url"":""https://shop.vodacom.co.za/media/catalog/product/placeholder/stores/8/No_image.png"",""label"":""Samsung Galaxy S26 Ultra 256GB 5G + Galaxy Watch 9 44mm LTE""},{""url"":""https://shop.vodacom.co.za/media/catalog/product/placeholder/stores/8/No_image_1.png"",""label"":""Samsung Galaxy S26 Ultra 256GB 5G + Galaxy Watch 9 44mm LTE""}],""storage_options"":[""256GB""]}"
vodacom:DV6GD23799,vodacom,Vodacom,#E60000,DV6GD23799,Samsung Galaxy Z Fold8 Ultra 512GB 5G  + Samsung 45w Charger  + FREE Carbon Magnet Case + Galaxy Watch 9 40mm LTE,dv6gd23799,Samsung,smartphone,device_contract,2948,,,,,,,,,,in_stock,https://www.vodacom.co.za/shopping/deals,"Vodacom catalogue snapshot fetched on 2026-08-06; confirm partner pricing, stock, and terms before fulfilment.",2026-08-06T00:00:00Z,https://www.vodacom.co.za/shopping/deals,true,false,https://shop.vodacom.co.za/media/catalog/product/s/a/samsung_galaxy_z_fold8_ultra_512gb_5g_-_top_2__1.jpg?store=shop&image-type=image,RED VIP 50GB,both,"{""package"":""RED VIP 50GB"",""tariff"":2435,""device_installment"":513,""source_sku"":""100024507"",""gallery"":[{""url"":""https://shop.vodacom.co.za/media/catalog/product/s/a/samsung_galaxy_z_fold8_ultra_512gb_5g_-_top_2__1.jpg?store=shop&image-type=image"",""label"":""Samsung Galaxy Z Fold8 Ultra 512GB 5G  + Samsung 45w Charger  + FREE Carbon Magnet Case + Galaxy Watch 9 40mm LTE""},{""url"":""https://shop.vodacom.co.za/media/catalog/product/s/a/samsung_galaxy_z_fold8_ultra_512gb_5g_-_top_2__1.jpg?store=shop&image-type=small_image"",""label"":""Samsung Galaxy Z Fold8 Ultra 512GB 5G  + Samsung 45w Charger  + FREE Carbon Magnet Case + Galaxy Watch 9 40mm LTE""}],""storage_options"":[""512GB""]}"
vodacom:DV6HD13565,vodacom,Vodacom,#E60000,DV6HD13565,Samsung Galaxy S25FE 128GB 5G,dv6hd13565,Samsung,smartphone,device_contract,679,,,,,,,,,,in_stock,https://www.vodacom.co.za/shopping/deals,"Vodacom catalogue snapshot fetched on 2026-08-06; confirm partner pricing, stock, and terms before fulfilment.",2026-08-06T00:00:00Z,https://www.vodacom.co.za/shopping/deals,true,false,https://shop.vodacom.co.za/media/catalog/product/placeholder/stores/8/No_image.png,Red Flexi 320,both,"{""package"":""Red Flexi 320"",""tariff"":320,""device_installment"":359,""source_sku"":""100023372"",""gallery"":[{""url"":""https://shop.vodacom.co.za/media/catalog/product/placeholder/stores/8/No_image.png"",""label"":""Samsung Galaxy S25FE 128GB 5G""},{""url"":""https://shop.vodacom.co.za/media/catalog/product/placeholder/stores/8/No_image_1.png"",""label"":""Samsung Galaxy S25FE 128GB 5G""}],""storage_options"":[""128GB""]}"
vodacom:DV6GD22699,vodacom,Vodacom,#E60000,DV6GD22699,Samsung Galaxy Z Fold8 Ultra 1TB 5G  + Galaxy Watch 9 44mm LTE,dv6gd22699,Samsung,smartphone,device_contract,3428,,,,,,,,,,in_stock,https://www.vodacom.co.za/shopping/deals,"Vodacom catalogue snapshot fetched on 2026-08-06; confirm partner pricing, stock, and terms before fulfilment.",2026-08-06T00:00:00Z,https://www.vodacom.co.za/shopping/deals,true,false,https://shop.vodacom.co.za/media/catalog/product/s/a/samsung_galaxy_z_fold8_ultra_512gb_5g_-_top_1__1_1.jpg?store=shop&image-type=image,RED Core 12GB 750min ,both,"{""package"":""RED Core 12GB 750min "",""tariff"":1161,""device_installment"":2267,""source_sku"":""100024508"",""gallery"":[{""url"":""https://shop.vodacom.co.za/media/catalog/product/s/a/samsung_galaxy_z_fold8_ultra_512gb_5g_-_top_1__1_1.jpg?store=shop&image-type=image"",""label"":""Samsung Galaxy Z Fold8 Ultra 1TB 5G  + Galaxy Watch 9 44mm LTE""},{""url"":""https://shop.vodacom.co.za/media/catalog/product/s/a/samsung_galaxy_z_fold8_ultra_512gb_5g_-_top_1__1_1.jpg?store=shop&image-type=small_image"",""label"":""Samsung Galaxy Z Fold8 Ultra 1TB 5G  + Galaxy Watch 9 44mm LTE""}],""storage_options"":[]}"
vodacom:DV6HD18357,vodacom,Vodacom,#E60000,DV6HD18357,Samsung Galaxy A16 128GB DS,dv6hd18357,Samsung,smartphone,device_contract,349,,,,,,,,,,in_stock,https://www.vodacom.co.za/shopping/deals,"Vodacom catalogue snapshot fetched on 2026-08-06; confirm partner pricing, stock, and terms before fulfilment.",2026-08-06T00:00:00Z,https://www.vodacom.co.za/shopping/deals,true,false,https://shop.vodacom.co.za/media/catalog/product/placeholder/stores/8/No_image.png,RED Core 3GB 100min ,both,"{""package"":""RED Core 3GB 100min "",""tariff"":349,""device_installment"":null,""source_sku"":""100022483"",""gallery"":[{""url"":""https://shop.vodacom.co.za/media/catalog/product/placeholder/stores/8/No_image.png"",""label"":""Samsung Galaxy A16 128GB DS""},{""url"":""https://shop.vodacom.co.za/media/catalog/product/placeholder/stores/8/No_image_1.png"",""label"":""Samsung Galaxy A16 128GB DS""}],""storage_options"":[""128GB""]}"
vodacom:DV6HB00242,vodacom,Vodacom,#E60000,DV6HB00242,Apple iPad 11-inch Wi-Fi 128GB (A16 chip) + AirPods 4 + 80GB Data SIM + HUAWEI E5783-230A CAT7 Mi-Fi Router  (Top Up),dv6hb00242,Apple,sim_only,sim_only,599,,,,,,,,,,in_stock,https://www.vodacom.co.za/shopping/deals,"Vodacom catalogue snapshot fetched on 2026-08-06; confirm partner pricing, stock, and terms before fulfilment.",2026-08-06T00:00:00Z,https://www.vodacom.co.za/shopping/deals,true,false,https://shop.vodacom.co.za/media/catalog/product/placeholder/stores/8/No_image.png,40GB Data Top up,both,"{""package"":""40GB Data Top up"",""tariff"":179,""device_installment"":420,""source_sku"":""100023000"",""gallery"":[{""url"":""https://shop.vodacom.co.za/media/catalog/product/placeholder/stores/8/No_image.png"",""label"":""Apple iPad 11-inch Wi-Fi 128GB (A16 chip) + AirPods 4 + 80GB Data SIM + HUAWEI E5783-230A CAT7 Mi-Fi Router  (Top Up)""},{""url"":""https://shop.vodacom.co.za/media/catalog/product/placeholder/stores/8/No_image_1.png"",""label"":""Apple iPad 11-inch Wi-Fi 128GB (A16 chip) + AirPods 4 + 80GB Data SIM + HUAWEI E5783-230A CAT7 Mi-Fi Router  (Top Up)""}],""storage_options"":[""128GB""]}"
vodacom:DV6HD19723,vodacom,Vodacom,#E60000,DV6HD19723,Samsung Galaxy A36 128GB 5G DS + Samsung Galaxy Tab A11 64GB 4G,dv6hd19723,Samsung,smartphone,device_contract,768,,,,,,,,,,in_stock,https://www.vodacom.co.za/shopping/deals,"Vodacom catalogue snapshot fetched on 2026-08-06; confirm partner pricing, stock, and terms before fulfilment.",2026-08-06T00:00:00Z,https://www.vodacom.co.za/shopping/deals,true,false,https://shop.vodacom.co.za/media/catalog/product/placeholder/stores/8/No_image.png,Red Flexi 545,both,"{""package"":""Red Flexi 545"",""tariff"":545,""device_installment"":223,""source_sku"":""100022716"",""gallery"":[{""url"":""https://shop.vodacom.co.za/media/catalog/product/placeholder/stores/8/No_image.png"",""label"":""Samsung Galaxy A36 128GB 5G DS + Samsung Galaxy Tab A11 64GB 4G""},{""url"":""https://shop.vodacom.co.za/media/catalog/product/placeholder/stores/8/No_image_1.png"",""label"":""Samsung Galaxy A36 128GB 5G DS + Samsung Galaxy Tab A11 64GB 4G""}],""storage_options"":[""64GB"",""128GB""]}"
vodacom:DV6HD21983,vodacom,Vodacom,#E60000,DV6HD21983,OPPO Find X9 Pro 512GB 5G,dv6hd21983,Oppo,smartphone,device_contract,1449,,,,,,,,,,in_stock,https://www.vodacom.co.za/shopping/deals,"Vodacom catalogue snapshot fetched on 2026-08-06; confirm partner pricing, stock, and terms before fulfilment.",2026-08-06T00:00:00Z,https://www.vodacom.co.za/shopping/deals,true,false,https://shop.vodacom.co.za/media/catalog/product/placeholder/stores/8/No_image.png,RED Core 12GB 750min ,both,"{""package"":""RED Core 12GB 750min "",""tariff"":1161,""device_installment"":288,""source_sku"":""100023649"",""gallery"":[{""url"":""https://shop.vodacom.co.za/media/catalog/product/placeholder/stores/8/No_image.png"",""label"":""OPPO Find X9 Pro 512GB 5G""},{""url"":""https://shop.vodacom.co.za/media/catalog/product/placeholder/stores/8/No_image_1.png"",""label"":""OPPO Find X9 Pro 512GB 5G""}],""storage_options"":[""512GB""]}"
vodacom:DV6HD03567,vodacom,Vodacom,#E60000,DV6HD03567,HONOR X9d 256GB 5G,dv6hd03567,Honor,smartphone,device_contract,949,,,,,,,,,,in_stock,https://www.vodacom.co.za/shopping/deals,"Vodacom catalogue snapshot fetched on 2026-08-06; confirm partner pricing, stock, and terms before fulfilment.",2026-08-06T00:00:00Z,https://www.vodacom.co.za/shopping/deals,true,false,https://shop.vodacom.co.za/media/catalog/product/placeholder/stores/8/No_image.png,Red Flexi 545,both,"{""package"":""Red Flexi 545"",""tariff"":545,""device_installment"":404,""source_sku"":""100023726"",""gallery"":[{""url"":""https://shop.vodacom.co.za/media/catalog/product/placeholder/stores/8/No_image.png"",""label"":""HONOR X9d 256GB 5G""},{""url"":""https://shop.vodacom.co.za/media/catalog/product/placeholder/stores/8/No_image_1.png"",""label"":""HONOR X9d 256GB 5G""}],""storage_options"":[""256GB""]}"
vodacom:DV6HD08732,vodacom,Vodacom,#E60000,DV6HD08732,SIM Only,dv6hd08732,Vodacom,sim_only,sim_only,379,,,,,,,,,,in_stock,https://www.vodacom.co.za/shopping/deals,"Vodacom catalogue snapshot fetched on 2026-08-06; confirm partner pricing, stock, and terms before fulfilment.",2026-08-06T00:00:00Z,https://www.vodacom.co.za/shopping/deals,true,false,https://shop.vodacom.co.za/media/catalog/product/placeholder/stores/8/No_image.png,Red Flexi 545,both,"{""package"":""Red Flexi 545"",""tariff"":379,""device_installment"":null,""source_sku"":""103004940"",""gallery"":[{""url"":""https://shop.vodacom.co.za/media/catalog/product/placeholder/stores/8/No_image.png"",""label"":""SIM Only""},{""url"":""https://shop.vodacom.co.za/media/catalog/product/placeholder/stores/8/No_image_1.png"",""label"":""SIM Only""}],""storage_options"":[]}"
vodacom:DV6HD19307,vodacom,Vodacom,#E60000,DV6HD19307,2x HUAWEI nova 14i 256GB,dv6hd19307,Vodacom,smartphone,device_contract,729,,,,,,,,,,in_stock,https://www.vodacom.co.za/shopping/deals,"Vodacom catalogue snapshot fetched on 2026-08-06; confirm partner pricing, stock, and terms before fulfilment.",2026-08-06T00:00:00Z,https://www.vodacom.co.za/shopping/deals,true,false,https://shop.vodacom.co.za/media/catalog/product/placeholder/stores/8/No_image.png,Red Flexi 320,both,"{""package"":""Red Flexi 320"",""tariff"":320,""device_installment"":409,""source_sku"":""100023536"",""gallery"":[{""url"":""https://shop.vodacom.co.za/media/catalog/product/placeholder/stores/8/No_image.png"",""label"":""2x HUAWEI nova 14i 256GB""},{""url"":""https://shop.vodacom.co.za/media/catalog/product/placeholder/stores/8/No_image_1.png"",""label"":""2x HUAWEI nova 14i 256GB""}],""storage_options"":[""256GB""]}"
vodacom:DV6HD08293,vodacom,Vodacom,#E60000,DV6HD08293,Redmi A7 Pro 128GB  (Top Up),dv6hd08293,Redmi,smartphone,device_contract,269,,,,,,,,,,in_stock,https://www.vodacom.co.za/shopping/deals,"Vodacom catalogue snapshot fetched on 2026-08-06; confirm partner pricing, stock, and terms before fulfilment.",2026-08-06T00:00:00Z,https://www.vodacom.co.za/shopping/deals,true,false,https://shop.vodacom.co.za/media/catalog/product/placeholder/stores/8/No_image.png,RED Core 1GB 50min Top up,both,"{""package"":""RED Core 1GB 50min Top up"",""tariff"":269,""device_installment"":null,""source_sku"":""100024406"",""gallery"":[{""url"":""https://shop.vodacom.co.za/media/catalog/product/placeholder/stores/8/No_image.png"",""label"":""Redmi A7 Pro 128GB  (Top Up)""},{""url"":""https://shop.vodacom.co.za/media/catalog/product/placeholder/stores/8/No_image_1.png"",""label"":""Redmi A7 Pro 128GB  (Top Up)""}],""storage_options"":[""128GB""]}"
vodacom:DV6HD13226,vodacom,Vodacom,#E60000,DV6HD13226,Samsung Galaxy S26+ 256GB 5G + Galaxy Buds 4,dv6hd13226,Samsung,smartphone,device_contract,2498,,,,,,,,,,in_stock,https://www.vodacom.co.za/shopping/deals,"Vodacom catalogue snapshot fetched on 2026-08-06; confirm partner pricing, stock, and terms before fulfilment.",2026-08-06T00:00:00Z,https://www.vodacom.co.za/shopping/deals,true,false,https://shop.vodacom.co.za/media/catalog/product/placeholder/stores/8/No_image.png,RED VIP 100GB,both,"{""package"":""RED VIP 100GB"",""tariff"":2498,""device_installment"":null,""source_sku"":""100023962"",""gallery"":[{""url"":""https://shop.vodacom.co.za/media/catalog/product/placeholder/stores/8/No_image.png"",""label"":""Samsung Galaxy S26+ 256GB 5G + Galaxy Buds 4""},{""url"":""https://shop.vodacom.co.za/media/catalog/product/placeholder/stores/8/No_image_1.png"",""label"":""Samsung Galaxy S26+ 256GB 5G + Galaxy Buds 4""}],""storage_options"":[""256GB""]}"
vodacom:DV6HD17737,vodacom,Vodacom,#E60000,DV6HD17737,Samsung Galaxy S25 Edge 256GB 5G with PowerBank,dv6hd17737,Samsung,smartphone,device_contract,699,,,,,,,,,,in_stock,https://www.vodacom.co.za/shopping/deals,"Vodacom catalogue snapshot fetched on 2026-08-06; confirm partner pricing, stock, and terms before fulfilment.",2026-08-06T00:00:00Z,https://www.vodacom.co.za/shopping/deals,true,false,https://shop.vodacom.co.za/media/catalog/product/placeholder/stores/8/No_image.png,RED Core 1GB 50min ,both,"{""package"":""RED Core 1GB 50min "",""tariff"":276,""device_installment"":423,""source_sku"":""100022961"",""gallery"":[{""url"":""https://shop.vodacom.co.za/media/catalog/product/placeholder/stores/8/No_image.png"",""label"":""Samsung Galaxy S25 Edge 256GB 5G with PowerBank""},{""url"":""https://shop.vodacom.co.za/media/catalog/product/placeholder/stores/8/No_image_1.png"",""label"":""Samsung Galaxy S25 Edge 256GB 5G with PowerBank""}],""storage_options"":[""256GB""]}"
vodacom:DV6HD05341,vodacom,Vodacom,#E60000,DV6HD05341,Samsung Galaxy A27 128GB 5G   (Top Up),dv6hd05341,Samsung,smartphone,device_contract,449,,,,,,,,,,in_stock,https://www.vodacom.co.za/shopping/deals,"Vodacom catalogue snapshot fetched on 2026-08-06; confirm partner pricing, stock, and terms before fulfilment.",2026-08-06T00:00:00Z,https://www.vodacom.co.za/shopping/deals,true,false,https://shop.vodacom.co.za/media/catalog/product/placeholder/stores/8/No_image.png,RED Core 1GB 50min Top up,both,"{""package"":""RED Core 1GB 50min Top up"",""tariff"":292,""device_installment"":157,""source_sku"":""100024159"",""gallery"":[{""url"":""https://shop.vodacom.co.za/media/catalog/product/placeholder/stores/8/No_image.png"",""label"":""Samsung Galaxy A27 128GB 5G   (Top Up)""},{""url"":""https://shop.vodacom.co.za/media/catalog/product/placeholder/stores/8/No_image_1.png"",""label"":""Samsung Galaxy A27 128GB 5G   (Top Up)""}],""storage_options"":[""128GB""]}"
vodacom:DV6HD01863,vodacom,Vodacom,#E60000,DV6HD01863,Redmi A7 Pro 128GB,dv6hd01863,Redmi,smartphone,device_contract,289,,,,,,,,,,in_stock,https://www.vodacom.co.za/shopping/deals,"Vodacom catalogue snapshot fetched on 2026-08-06; confirm partner pricing, stock, and terms before fulfilment.",2026-08-06T00:00:00Z,https://www.vodacom.co.za/shopping/deals,true,false,https://shop.vodacom.co.za/media/catalog/product/placeholder/stores/8/No_image.png,Red Flexi 245,both,"{""package"":""Red Flexi 245"",""tariff"":245,""device_installment"":44,""source_sku"":""100024406"",""gallery"":[{""url"":""https://shop.vodacom.co.za/media/catalog/product/placeholder/stores/8/No_image.png"",""label"":""Redmi A7 Pro 128GB""},{""url"":""https://shop.vodacom.co.za/media/catalog/product/placeholder/stores/8/No_image_1.png"",""label"":""Redmi A7 Pro 128GB""}],""storage_options"":[""128GB""]}"
vodacom:DV6HD01978,vodacom,Vodacom,#E60000,DV6HD01978,2x HONOR 600 Pro 512GB 5G + 2x CHOICE Earbuds Clip,dv6hd01978,Vodacom,smartphone,device_contract,1899,,,,,,,,,,in_stock,https://www.vodacom.co.za/shopping/deals,"Vodacom catalogue snapshot fetched on 2026-08-06; confirm partner pricing, stock, and terms before fulfilment.",2026-08-06T00:00:00Z,https://www.vodacom.co.za/shopping/deals,true,false,https://shop.vodacom.co.za/media/catalog/product/placeholder/stores/8/No_image.png,Red Flexi 245,both,"{""package"":""Red Flexi 245"",""tariff"":245,""device_installment"":1654,""source_sku"":""100024019"",""gallery"":[{""url"":""https://shop.vodacom.co.za/media/catalog/product/placeholder/stores/8/No_image.png"",""label"":""2x HONOR 600 Pro 512GB 5G + 2x CHOICE Earbuds Clip""},{""url"":""https://shop.vodacom.co.za/media/catalog/product/placeholder/stores/8/No_image_1.png"",""label"":""2x HONOR 600 Pro 512GB 5G + 2x CHOICE Earbuds Clip""}],""storage_options"":[""512GB""]}"
vodacom:DV6HD03380,vodacom,Vodacom,#E60000,DV6HD03380,Realme P4 Power 256GB 5G,dv6hd03380,Realme,smartphone,device_contract,779,,,,,,,,,,in_stock,https://www.vodacom.co.za/shopping/deals,"Vodacom catalogue snapshot fetched on 2026-08-06; confirm partner pricing, stock, and terms before fulfilment.",2026-08-06T00:00:00Z,https://www.vodacom.co.za/shopping/deals,true,false,https://shop.vodacom.co.za/media/catalog/product/placeholder/stores/8/No_image.png,Red Flexi 320,both,"{""package"":""Red Flexi 320"",""tariff"":320,""device_installment"":459,""source_sku"":""100024611"",""gallery"":[{""url"":""https://shop.vodacom.co.za/media/catalog/product/placeholder/stores/8/No_image.png"",""label"":""Realme P4 Power 256GB 5G""},{""url"":""https://shop.vodacom.co.za/media/catalog/product/placeholder/stores/8/No_image_1.png"",""label"":""Realme P4 Power 256GB 5G""}],""storage_options"":[""256GB""]}"
vodacom:DV6HD23384,vodacom,Vodacom,#E60000,DV6HD23384,HUAWEI Pura 80 Pro 512GB  (Top Up),dv6hd23384,Huawei,smartphone,device_contract,599,,,,,,,,,,in_stock,https://www.vodacom.co.za/shopping/deals,"Vodacom catalogue snapshot fetched on 2026-08-06; confirm partner pricing, stock, and terms before fulfilment.",2026-08-06T00:00:00Z,https://www.vodacom.co.za/shopping/deals,true,false,https://shop.vodacom.co.za/media/catalog/product/placeholder/stores/8/No_image.png,RED Core 1GB 50min Top up,both,"{""package"":""RED Core 1GB 50min Top up"",""tariff"":292,""device_installment"":307,""source_sku"":""100023340"",""gallery"":[{""url"":""https://shop.vodacom.co.za/media/catalog/product/placeholder/stores/8/No_image.png"",""label"":""HUAWEI Pura 80 Pro 512GB  (Top Up)""},{""url"":""https://shop.vodacom.co.za/media/catalog/product/placeholder/stores/8/No_image_1.png"",""label"":""HUAWEI Pura 80 Pro 512GB  (Top Up)""}],""storage_options"":[""512GB""]}"
vodacom:DV6HD12879,vodacom,Vodacom,#E60000,DV6HD12879,OPPO A6 Pro 256GB 5G,dv6hd12879,Oppo,smartphone,device_contract,2349,,,,,,,,,,in_stock,https://www.vodacom.co.za/shopping/deals,"Vodacom catalogue snapshot fetched on 2026-08-06; confirm partner pricing, stock, and terms before fulfilment.",2026-08-06T00:00:00Z,https://www.vodacom.co.za/shopping/deals,true,false,https://shop.vodacom.co.za/media/catalog/product/placeholder/stores/8/No_image.png,RED VIP 200GB,both,"{""package"":""RED VIP 200GB"",""tariff"":2349,""device_installment"":null,""source_sku"":""100023429"",""gallery"":[{""url"":""https://shop.vodacom.co.za/media/catalog/product/placeholder/stores/8/No_image.png"",""label"":""OPPO A6 Pro 256GB 5G""},{""url"":""https://shop.vodacom.co.za/media/catalog/product/placeholder/stores/8/No_image_1.png"",""label"":""OPPO A6 Pro 256GB 5G""}],""storage_options"":[""256GB""]}"
vodacom:DV6HD18354,vodacom,Vodacom,#E60000,DV6HD18354,Samsung Galaxy A06 64GB DS,dv6hd18354,Samsung,smartphone,device_contract,339,,,,,,,,,,in_stock,https://www.vodacom.co.za/shopping/deals,"Vodacom catalogue snapshot fetched on 2026-08-06; confirm partner pricing, stock, and terms before fulfilment.",2026-08-06T00:00:00Z,https://www.vodacom.co.za/shopping/deals,true,false,https://shop.vodacom.co.za/media/catalog/product/placeholder/stores/8/No_image.png,RED Core 3GB 100min ,both,"{""package"":""RED Core 3GB 100min "",""tariff"":339,""device_installment"":null,""source_sku"":""100022478"",""gallery"":[{""url"":""https://shop.vodacom.co.za/media/catalog/product/placeholder/stores/8/No_image.png"",""label"":""Samsung Galaxy A06 64GB DS""},{""url"":""https://shop.vodacom.co.za/media/catalog/product/placeholder/stores/8/No_image_1.png"",""label"":""Samsung Galaxy A06 64GB DS""}],""storage_options"":[""64GB""]}"
vodacom:DV6HD17676,vodacom,Vodacom,#E60000,DV6HD17676,Redmi A7 Pro 128GB,dv6hd17676,Redmi,smartphone,device_contract,189,,,,,,,,,,in_stock,https://www.vodacom.co.za/shopping/deals,"Vodacom catalogue snapshot fetched on 2026-08-06; confirm partner pricing, stock, and terms before fulfilment.",2026-08-06T00:00:00Z,https://www.vodacom.co.za/shopping/deals,true,false,https://shop.vodacom.co.za/media/catalog/product/placeholder/stores/8/No_image.png,Red Flexi 170,both,"{""package"":""Red Flexi 170"",""tariff"":170,""device_installment"":19,""source_sku"":""100024406"",""gallery"":[{""url"":""https://shop.vodacom.co.za/media/catalog/product/placeholder/stores/8/No_image.png"",""label"":""Redmi A7 Pro 128GB""},{""url"":""https://shop.vodacom.co.za/media/catalog/product/placeholder/stores/8/No_image_1.png"",""label"":""Redmi A7 Pro 128GB""}],""storage_options"":[""128GB""]}"
vodacom:DV6HD18749,vodacom,Vodacom,#E60000,DV6HD18749,Redmi Note 15 Pro 256GB,dv6hd18749,Redmi,smartphone,device_contract,1639,,,,,,,,,,in_stock,https://www.vodacom.co.za/shopping/deals,"Vodacom catalogue snapshot fetched on 2026-08-06; confirm partner pricing, stock, and terms before fulfilment.",2026-08-06T00:00:00Z,https://www.vodacom.co.za/shopping/deals,true,false,https://shop.vodacom.co.za/media/catalog/product/placeholder/stores/8/No_image.png,RED VIP 50GB,both,"{""package"":""RED VIP 50GB"",""tariff"":1639,""device_installment"":null,""source_sku"":""100024102"",""gallery"":[{""url"":""https://shop.vodacom.co.za/media/catalog/product/placeholder/stores/8/No_image.png"",""label"":""Redmi Note 15 Pro 256GB""},{""url"":""https://shop.vodacom.co.za/media/catalog/product/placeholder/stores/8/No_image_1.png"",""label"":""Redmi Note 15 Pro 256GB""}],""storage_options"":[""256GB""]}"
vodacom:DV6HD21431,vodacom,Vodacom,#E60000,DV6HD21431,Samsung Galaxy S26 Ultra 512GB 5G,dv6hd21431,Samsung,smartphone,device_contract,1429,,,,,,,,,,in_stock,https://www.vodacom.co.za/shopping/deals,"Vodacom catalogue snapshot fetched on 2026-08-06; confirm partner pricing, stock, and terms before fulfilment.",2026-08-06T00:00:00Z,https://www.vodacom.co.za/shopping/deals,true,false,https://shop.vodacom.co.za/media/catalog/product/placeholder/stores/8/No_image.png,Red Flexi 735,both,"{""package"":""Red Flexi 735"",""tariff"":735,""device_installment"":694,""source_sku"":""100023966"",""gallery"":[{""url"":""https://shop.vodacom.co.za/media/catalog/product/placeholder/stores/8/No_image.png"",""label"":""Samsung Galaxy S26 Ultra 512GB 5G""},{""url"":""https://shop.vodacom.co.za/media/catalog/product/placeholder/stores/8/No_image_1.png"",""label"":""Samsung Galaxy S26 Ultra 512GB 5G""}],""storage_options"":[""512GB""]}"
vodacom:DV6HD22494,vodacom,Vodacom,#E60000,DV6HD22494,Xiaomi 17T 512GB 5G,dv6hd22494,Xiaomi,smartphone,device_contract,729,,,,,,,,,,in_stock,https://www.vodacom.co.za/shopping/deals,"Vodacom catalogue snapshot fetched on 2026-08-06; confirm partner pricing, stock, and terms before fulfilment.",2026-08-06T00:00:00Z,https://www.vodacom.co.za/shopping/deals,true,false,https://shop.vodacom.co.za/media/catalog/product/placeholder/stores/8/No_image.png,Red Flexi 320,both,"{""package"":""Red Flexi 320"",""tariff"":320,""device_installment"":409,""source_sku"":""100024477"",""gallery"":[{""url"":""https://shop.vodacom.co.za/media/catalog/product/placeholder/stores/8/No_image.png"",""label"":""Xiaomi 17T 512GB 5G""},{""url"":""https://shop.vodacom.co.za/media/catalog/product/placeholder/stores/8/No_image_1.png"",""label"":""Xiaomi 17T 512GB 5G""}],""storage_options"":[""512GB""]}"
vodacom:DV6GD22314,vodacom,Vodacom,#E60000,DV6GD22314,Samsung Galaxy Z Fold8 512GB 5G,dv6gd22314,Samsung,smartphone,device_contract,3949,,,,,,,,,,in_stock,https://www.vodacom.co.za/shopping/deals,"Vodacom catalogue snapshot fetched on 2026-08-06; confirm partner pricing, stock, and terms before fulfilment.",2026-08-06T00:00:00Z,https://www.vodacom.co.za/shopping/deals,true,false,https://shop.vodacom.co.za/media/catalog/product/s/a/samsung_galaxy_z_fold8_512gb_5g_-_main_1__1.jpg?store=shop&image-type=image,RED VIP 200GB,both,"{""package"":""RED VIP 200GB"",""tariff"":3923,""device_installment"":26,""source_sku"":""100024510"",""gallery"":[{""url"":""https://shop.vodacom.co.za/media/catalog/product/s/a/samsung_galaxy_z_fold8_512gb_5g_-_main_1__1.jpg?store=shop&image-type=image"",""label"":""Samsung Galaxy Z Fold8 512GB 5G""},{""url"":""https://shop.vodacom.co.za/media/catalog/product/s/a/samsung_galaxy_z_fold8_512gb_5g_-_main_1__1.jpg?store=shop&image-type=small_image"",""label"":""Samsung Galaxy Z Fold8 512GB 5G""}],""storage_options"":[""512GB""]}"
vodacom:DV6HD12903,vodacom,Vodacom,#E60000,DV6HD12903,vivo V60 Lite 256GB 5G + Riro Watch W2SE,dv6hd12903,Vivo,smartphone,device_contract,2349,,,,,,,,,,in_stock,https://www.vodacom.co.za/shopping/deals,"Vodacom catalogue snapshot fetched on 2026-08-06; confirm partner pricing, stock, and terms before fulfilment.",2026-08-06T00:00:00Z,https://www.vodacom.co.za/shopping/deals,true,false,https://shop.vodacom.co.za/media/catalog/product/placeholder/stores/8/No_image.png,RED VIP 200GB,both,"{""package"":""RED VIP 200GB"",""tariff"":2349,""device_installment"":null,""source_sku"":""100023309"",""gallery"":[{""url"":""https://shop.vodacom.co.za/media/catalog/product/placeholder/stores/8/No_image.png"",""label"":""vivo V60 Lite 256GB 5G + Riro Watch W2SE""},{""url"":""https://shop.vodacom.co.za/media/catalog/product/placeholder/stores/8/No_image_1.png"",""label"":""vivo V60 Lite 256GB 5G + Riro Watch W2SE""}],""storage_options"":[""256GB""]}"
vodacom:DV6GD23356,vodacom,Vodacom,#E60000,DV6GD23356,Samsung Galaxy Z Flip8 256GB 5G  + Samsung 45w Charger  + FREE Silicone Magnet Case,dv6gd23356,Samsung,smartphone,device_contract,2779,,,,,,,,,,in_stock,https://www.vodacom.co.za/shopping/deals,"Vodacom catalogue snapshot fetched on 2026-08-06; confirm partner pricing, stock, and terms before fulfilment.",2026-08-06T00:00:00Z,https://www.vodacom.co.za/shopping/deals,true,false,https://shop.vodacom.co.za/media/catalog/product/s/a/samsung_galaxy_z_flip8_256gb_5g_-_main_1__1.jpg?store=shop&image-type=image,RED VIP 100GB,both,"{""package"":""RED VIP 100GB"",""tariff"":2779,""device_installment"":null,""source_sku"":""100024504"",""gallery"":[{""url"":""https://shop.vodacom.co.za/media/catalog/product/s/a/samsung_galaxy_z_flip8_256gb_5g_-_main_1__1.jpg?store=shop&image-type=image"",""label"":""Samsung Galaxy Z Flip8 256GB 5G  + Samsung 45w Charger  + FREE Silicone Magnet Case""},{""url"":""https://shop.vodacom.co.za/media/catalog/product/s/a/samsung_galaxy_z_flip8_256gb_5g_-_main_1__1.jpg?store=shop&image-type=small_image"",""label"":""Samsung Galaxy Z Flip8 256GB 5G  + Samsung 45w Charger  + FREE Silicone Magnet Case""}],""storage_options"":[""256GB""]}"
vodacom:DV6HD23182,vodacom,Vodacom,#E60000,DV6HD23182,Motorola Razr 60 Flip 256GB  (Top Up),dv6hd23182,Motorola,smartphone,device_contract,979,,,,,,,,,,in_stock,https://www.vodacom.co.za/shopping/deals,"Vodacom catalogue snapshot fetched on 2026-08-06; confirm partner pricing, stock, and terms before fulfilment.",2026-08-06T00:00:00Z,https://www.vodacom.co.za/shopping/deals,true,false,https://shop.vodacom.co.za/media/catalog/product/placeholder/stores/8/No_image.png,RED Core 12GB 750min Top up ,both,"{""package"":""RED Core 12GB 750min Top up "",""tariff"":979,""device_installment"":null,""source_sku"":""100023883"",""gallery"":[{""url"":""https://shop.vodacom.co.za/media/catalog/product/placeholder/stores/8/No_image.png"",""label"":""Motorola Razr 60 Flip 256GB  (Top Up)""},{""url"":""https://shop.vodacom.co.za/media/catalog/product/placeholder/stores/8/No_image_1.png"",""label"":""Motorola Razr 60 Flip 256GB  (Top Up)""}],""storage_options"":[""256GB""]}"
vodacom:DV6HD08378,vodacom,Vodacom,#E60000,DV6HD08378,vivo Y31 256GB 5G + Riro Watch W2SE  (Top Up),dv6hd08378,Vivo,smartphone,device_contract,519,,,,,,,,,,in_stock,https://www.vodacom.co.za/shopping/deals,"Vodacom catalogue snapshot fetched on 2026-08-06; confirm partner pricing, stock, and terms before fulfilment.",2026-08-06T00:00:00Z,https://www.vodacom.co.za/shopping/deals,true,false,https://shop.vodacom.co.za/media/catalog/product/placeholder/stores/8/No_image.png,RED Core 1GB 50min Top up,both,"{""package"":""RED Core 1GB 50min Top up"",""tariff"":292,""device_installment"":227,""source_sku"":""100024097"",""gallery"":[{""url"":""https://shop.vodacom.co.za/media/catalog/product/placeholder/stores/8/No_image.png"",""label"":""vivo Y31 256GB 5G + Riro Watch W2SE  (Top Up)""},{""url"":""https://shop.vodacom.co.za/media/catalog/product/placeholder/stores/8/No_image_1.png"",""label"":""vivo Y31 256GB 5G + Riro Watch W2SE  (Top Up)""}],""storage_options"":[""256GB""]}"
vodacom:DV6HD01929,vodacom,Vodacom,#E60000,DV6HD01929,HUAWEI nova 14 Pro 512GB,dv6hd01929,Huawei,smartphone,device_contract,729,,,,,,,,,,in_stock,https://www.vodacom.co.za/shopping/deals,"Vodacom catalogue snapshot fetched on 2026-08-06; confirm partner pricing, stock, and terms before fulfilment.",2026-08-06T00:00:00Z,https://www.vodacom.co.za/shopping/deals,true,false,https://shop.vodacom.co.za/media/catalog/product/placeholder/stores/8/No_image.png,Red Flexi 245,both,"{""package"":""Red Flexi 245"",""tariff"":245,""device_installment"":484,""source_sku"":""100023643"",""gallery"":[{""url"":""https://shop.vodacom.co.za/media/catalog/product/placeholder/stores/8/No_image.png"",""label"":""HUAWEI nova 14 Pro 512GB""},{""url"":""https://shop.vodacom.co.za/media/catalog/product/placeholder/stores/8/No_image_1.png"",""label"":""HUAWEI nova 14 Pro 512GB""}],""storage_options"":[""512GB""]}"
vodacom:DV6GD23819,vodacom,Vodacom,#E60000,DV6GD23819,Samsung Galaxy Z Fold8 Ultra 1TB 5G  + Galaxy Buds 4 + Galaxy Watch 9 44mm LTE,dv6gd23819,Samsung,smartphone,device_contract,3618,,,,,,,,,,in_stock,https://www.vodacom.co.za/shopping/deals,"Vodacom catalogue snapshot fetched on 2026-08-06; confirm partner pricing, stock, and terms before fulfilment.",2026-08-06T00:00:00Z,https://www.vodacom.co.za/shopping/deals,true,false,https://shop.vodacom.co.za/media/catalog/product/s/a/samsung_galaxy_z_fold8_ultra_512gb_5g_-_top_1__1_1.jpg?store=shop&image-type=image,RED VIP 100GB,both,"{""package"":""RED VIP 100GB"",""tariff"":3115,""device_installment"":503,""source_sku"":""100024508"",""gallery"":[{""url"":""https://shop.vodacom.co.za/media/catalog/product/s/a/samsung_galaxy_z_fold8_ultra_512gb_5g_-_top_1__1_1.jpg?store=shop&image-type=image"",""label"":""Samsung Galaxy Z Fold8 Ultra 1TB 5G  + Galaxy Buds 4 + Galaxy Watch 9 44mm LTE""},{""url"":""https://shop.vodacom.co.za/media/catalog/product/s/a/samsung_galaxy_z_fold8_ultra_512gb_5g_-_top_1__1_1.jpg?store=shop&image-type=small_image"",""label"":""Samsung Galaxy Z Fold8 Ultra 1TB 5G  + Galaxy Buds 4 + Galaxy Watch 9 44mm LTE""}],""storage_options"":[]}"
vodacom:DV6GD23753,vodacom,Vodacom,#E60000,DV6GD23753,Samsung Galaxy Z Fold8 Ultra 1TB 5G  + Galaxy Buds 4 + Galaxy Watch 9 44mm LTE,dv6gd23753,Samsung,smartphone,device_contract,2848,,,,,,,,,,in_stock,https://www.vodacom.co.za/shopping/deals,"Vodacom catalogue snapshot fetched on 2026-08-06; confirm partner pricing, stock, and terms before fulfilment.",2026-08-06T00:00:00Z,https://www.vodacom.co.za/shopping/deals,true,false,https://shop.vodacom.co.za/media/catalog/product/s/a/samsung_galaxy_z_fold8_ultra_512gb_5g_-_top_1__1_1.jpg?store=shop&image-type=image,Red Flexi 1110,both,"{""package"":""Red Flexi 1110"",""tariff"":1110,""device_installment"":1738,""source_sku"":""100024508"",""gallery"":[{""url"":""https://shop.vodacom.co.za/media/catalog/product/s/a/samsung_galaxy_z_fold8_ultra_512gb_5g_-_top_1__1_1.jpg?store=shop&image-type=image"",""label"":""Samsung Galaxy Z Fold8 Ultra 1TB 5G  + Galaxy Buds 4 + Galaxy Watch 9 44mm LTE""},{""url"":""https://shop.vodacom.co.za/media/catalog/product/s/a/samsung_galaxy_z_fold8_ultra_512gb_5g_-_top_1__1_1.jpg?store=shop&image-type=small_image"",""label"":""Samsung Galaxy Z Fold8 Ultra 1TB 5G  + Galaxy Buds 4 + Galaxy Watch 9 44mm LTE""}],""storage_options"":[]}"
vodacom:DV6HD12885,vodacom,Vodacom,#E60000,DV6HD12885,Apple iPhone 14 128GB 5G (Pre-owned),dv6hd12885,Apple,smartphone,device_contract,2249,,,,,,,,,,in_stock,https://www.vodacom.co.za/shopping/deals,"Vodacom catalogue snapshot fetched on 2026-08-06; confirm partner pricing, stock, and terms before fulfilment.",2026-08-06T00:00:00Z,https://www.vodacom.co.za/shopping/deals,true,false,https://shop.vodacom.co.za/media/catalog/product/placeholder/stores/8/No_image.png,RED VIP 200GB,both,"{""package"":""RED VIP 200GB"",""tariff"":2249,""device_installment"":null,""source_sku"":""100022883"",""gallery"":[{""url"":""https://shop.vodacom.co.za/media/catalog/product/placeholder/stores/8/No_image.png"",""label"":""Apple iPhone 14 128GB 5G (Pre-owned)""},{""url"":""https://shop.vodacom.co.za/media/catalog/product/placeholder/stores/8/No_image_1.png"",""label"":""Apple iPhone 14 128GB 5G (Pre-owned)""}],""storage_options"":[""128GB""]}"
vodacom:DV6GD24351,vodacom,Vodacom,#E60000,DV6GD24351,Samsung Galaxy Z Flip8 256GB 5G  + Galaxy Buds 4 + Galaxy Watch 9 44mm LTE (Top Up),dv6gd24351,Samsung,smartphone,device_contract,1398,,,,,,,,,,in_stock,https://www.vodacom.co.za/shopping/deals,"Vodacom catalogue snapshot fetched on 2026-08-06; confirm partner pricing, stock, and terms before fulfilment.",2026-08-06T00:00:00Z,https://www.vodacom.co.za/shopping/deals,true,false,https://shop.vodacom.co.za/media/catalog/product/1/0/104081516_front_back_1.png?store=shop&image-type=image,RED 4GB 250min Top up,both,"{""package"":""RED 4GB 250min Top up"",""tariff"":659,""device_installment"":739,""source_sku"":""100024504"",""gallery"":[{""url"":""https://shop.vodacom.co.za/media/catalog/product/1/0/104081516_front_back_1.png?store=shop&image-type=image"",""label"":""Samsung Galaxy Z Flip8 256GB 5G  + Galaxy Buds 4 + Galaxy Watch 9 44mm LTE (Top Up)""},{""url"":""https://shop.vodacom.co.za/media/catalog/product/1/0/104081516_front_back_1.png?store=shop&image-type=small_image"",""label"":""Samsung Galaxy Z Flip8 256GB 5G  + Galaxy Buds 4 + Galaxy Watch 9 44mm LTE (Top Up)""}],""storage_options"":[""256GB""]}"
vodacom:DV6HB00191,vodacom,Vodacom,#E60000,DV6HB00191,Apple iPhone 16 128GB 5G  (Top Up),dv6hb00191,Apple,smartphone,device_contract,799,,,,,,,,,,in_stock,https://www.vodacom.co.za/shopping/deals,"Vodacom catalogue snapshot fetched on 2026-08-06; confirm partner pricing, stock, and terms before fulfilment.",2026-08-06T00:00:00Z,https://www.vodacom.co.za/shopping/deals,true,false,https://shop.vodacom.co.za/media/catalog/product/placeholder/stores/8/No_image.png,RED Core 3GB 100min Top up ,both,"{""package"":""RED Core 3GB 100min Top up "",""tariff"":443,""device_installment"":356,""source_sku"":""100022538"",""gallery"":[{""url"":""https://shop.vodacom.co.za/media/catalog/product/placeholder/stores/8/No_image.png"",""label"":""Apple iPhone 16 128GB 5G  (Top Up)""},{""url"":""https://shop.vodacom.co.za/media/catalog/product/placeholder/stores/8/No_image_1.png"",""label"":""Apple iPhone 16 128GB 5G  (Top Up)""}],""storage_options"":[""128GB""]}"
vodacom:DV6HD10416,vodacom,Vodacom,#E60000,DV6HD10416,HONOR Pad X7 Wi-Fi 128GB with Cover + HUAWEI E5783-230A CAT7 Mi-Fi Router  (Top Up),dv6hd10416,Honor,tablet,device_contract,329,,,,,,,,,,in_stock,https://www.vodacom.co.za/shopping/deals,"Vodacom catalogue snapshot fetched on 2026-08-06; confirm partner pricing, stock, and terms before fulfilment.",2026-08-06T00:00:00Z,https://www.vodacom.co.za/shopping/deals,true,false,https://shop.vodacom.co.za/media/catalog/product/placeholder/stores/8/No_image.png,80GB Data Top up,both,"{""package"":""80GB Data Top up"",""tariff"":229,""device_installment"":100,""source_sku"":""100023566"",""gallery"":[{""url"":""https://shop.vodacom.co.za/media/catalog/product/placeholder/stores/8/No_image.png"",""label"":""HONOR Pad X7 Wi-Fi 128GB with Cover + HUAWEI E5783-230A CAT7 Mi-Fi Router  (Top Up)""},{""url"":""https://shop.vodacom.co.za/media/catalog/product/placeholder/stores/8/No_image_1.png"",""label"":""HONOR Pad X7 Wi-Fi 128GB with Cover + HUAWEI E5783-230A CAT7 Mi-Fi Router  (Top Up)""}],""storage_options"":[""128GB""]}"
vodacom:DV6HD08940,vodacom,Vodacom,#E60000,DV6HD08940,2x Samsung Galaxy S26 256GB 5G,dv6hd08940,Vodacom,smartphone,device_contract,2029,,,,,,,,,,in_stock,https://www.vodacom.co.za/shopping/deals,"Vodacom catalogue snapshot fetched on 2026-08-06; confirm partner pricing, stock, and terms before fulfilment.",2026-08-06T00:00:00Z,https://www.vodacom.co.za/shopping/deals,true,false,https://shop.vodacom.co.za/media/catalog/product/placeholder/stores/8/No_image.png,Red Flexi 320,both,"{""package"":""Red Flexi 320"",""tariff"":320,""device_installment"":1709,""source_sku"":""100023958"",""gallery"":[{""url"":""https://shop.vodacom.co.za/media/catalog/product/placeholder/stores/8/No_image.png"",""label"":""2x Samsung Galaxy S26 256GB 5G""},{""url"":""https://shop.vodacom.co.za/media/catalog/product/placeholder/stores/8/No_image_1.png"",""label"":""2x Samsung Galaxy S26 256GB 5G""}],""storage_options"":[""256GB""]}"
vodacom:DV6GD22480,vodacom,Vodacom,#E60000,DV6GD22480,Samsung Galaxy Z Fold8 Ultra 1TB 5G  + Galaxy Watch 9 40mm LTE (Top Up),dv6gd22480,Samsung,smartphone,device_contract,3278,,,,,,,,,,in_stock,https://www.vodacom.co.za/shopping/deals,"Vodacom catalogue snapshot fetched on 2026-08-06; confirm partner pricing, stock, and terms before fulfilment.",2026-08-06T00:00:00Z,https://www.vodacom.co.za/shopping/deals,true,false,https://shop.vodacom.co.za/media/catalog/product/s/a/samsung_galaxy_z_fold8_ultra_512gb_5g_-_top_1__1_1.jpg?store=shop&image-type=image,RED Core 6GB 250min Top up ,both,"{""package"":""RED Core 6GB 250min Top up "",""tariff"":794,""device_installment"":2484,""source_sku"":""100024508"",""gallery"":[{""url"":""https://shop.vodacom.co.za/media/catalog/product/s/a/samsung_galaxy_z_fold8_ultra_512gb_5g_-_top_1__1_1.jpg?store=shop&image-type=image"",""label"":""Samsung Galaxy Z Fold8 Ultra 1TB 5G  + Galaxy Watch 9 40mm LTE (Top Up)""},{""url"":""https://shop.vodacom.co.za/media/catalog/product/s/a/samsung_galaxy_z_fold8_ultra_512gb_5g_-_top_1__1_1.jpg?store=shop&image-type=small_image"",""label"":""Samsung Galaxy Z Fold8 Ultra 1TB 5G  + Galaxy Watch 9 40mm LTE (Top Up)""}],""storage_options"":[]}"
vodacom:DV6HD03182,vodacom,Vodacom,#E60000,DV6HD03182,Samsung Galaxy S26 Ultra 256GB 5G + Galaxy Buds 4 Pro,dv6hd03182,Samsung,smartphone,device_contract,3098,,,,,,,,,,in_stock,https://www.vodacom.co.za/shopping/deals,"Vodacom catalogue snapshot fetched on 2026-08-06; confirm partner pricing, stock, and terms before fulfilment.",2026-08-06T00:00:00Z,https://www.vodacom.co.za/shopping/deals,true,false,https://shop.vodacom.co.za/media/catalog/product/placeholder/stores/8/No_image.png,RED VIP 100GB,both,"{""package"":""RED VIP 100GB"",""tariff"":3098,""device_installment"":null,""source_sku"":""100023964"",""gallery"":[{""url"":""https://shop.vodacom.co.za/media/catalog/product/placeholder/stores/8/No_image.png"",""label"":""Samsung Galaxy S26 Ultra 256GB 5G + Galaxy Buds 4 Pro""},{""url"":""https://shop.vodacom.co.za/media/catalog/product/placeholder/stores/8/No_image_1.png"",""label"":""Samsung Galaxy S26 Ultra 256GB 5G + Galaxy Buds 4 Pro""}],""storage_options"":[""256GB""]}"
vodacom:DV6GD24826,vodacom,Vodacom,#E60000,DV6GD24826,Samsung Galaxy Z Fold8 512GB 5G + FREE Wide Carbon Magnet Case + Galaxy Watch 9 40mm LTE + Samsung 45w Charger  (Top Up),dv6gd24826,Samsung,smartphone,device_contract,1848,,,,,,,,,,in_stock,https://www.vodacom.co.za/shopping/deals,"Vodacom catalogue snapshot fetched on 2026-08-06; confirm partner pricing, stock, and terms before fulfilment.",2026-08-06T00:00:00Z,https://www.vodacom.co.za/shopping/deals,true,false,https://shop.vodacom.co.za/media/catalog/product/s/a/samsung_galaxy_z_fold8_512gb_5g_-_main_1__1.jpg?store=shop&image-type=image,RED Core 6GB 250min Top up ,both,"{""package"":""RED Core 6GB 250min Top up "",""tariff"":794,""device_installment"":1054,""source_sku"":""100024510"",""gallery"":[{""url"":""https://shop.vodacom.co.za/media/catalog/product/s/a/samsung_galaxy_z_fold8_512gb_5g_-_main_1__1.jpg?store=shop&image-type=image"",""label"":""Samsung Galaxy Z Fold8 512GB 5G + FREE Wide Carbon Magnet Case + Galaxy Watch 9 40mm LTE + Samsung 45w Charger  (Top Up)""},{""url"":""https://shop.vodacom.co.za/media/catalog/product/s/a/samsung_galaxy_z_fold8_512gb_5g_-_main_1__1.jpg?store=shop&image-type=small_image"",""label"":""Samsung Galaxy Z Fold8 512GB 5G + FREE Wide Carbon Magnet Case + Galaxy Watch 9 40mm LTE + Samsung 45w Charger  (Top Up)""}],""storage_options"":[""512GB""]}"
vodacom:DV6HD17125,vodacom,Vodacom,#E60000,DV6HD17125,HONOR 400 512GB 5G,dv6hd17125,Honor,smartphone,device_contract,899,,,,,,,,,,in_stock,https://www.vodacom.co.za/shopping/deals,"Vodacom catalogue snapshot fetched on 2026-08-06; confirm partner pricing, stock, and terms before fulfilment.",2026-08-06T00:00:00Z,https://www.vodacom.co.za/shopping/deals,true,false,https://shop.vodacom.co.za/media/catalog/product/placeholder/stores/8/No_image.png,RED Core 12GB 750min ,both,"{""package"":""RED Core 12GB 750min "",""tariff"":899,""device_installment"":null,""source_sku"":""100022865"",""gallery"":[{""url"":""https://shop.vodacom.co.za/media/catalog/product/placeholder/stores/8/No_image.png"",""label"":""HONOR 400 512GB 5G""},{""url"":""https://shop.vodacom.co.za/media/catalog/product/placeholder/stores/8/No_image_1.png"",""label"":""HONOR 400 512GB 5G""}],""storage_options"":[""512GB""]}"
vodacom:DV6GD24575,vodacom,Vodacom,#E60000,DV6GD24575,Samsung Galaxy Z Fold8 256GB 5G  + Galaxy Watch 9 44mm LTE,dv6gd24575,Samsung,smartphone,device_contract,3298,,,,,,,,,,in_stock,https://www.vodacom.co.za/shopping/deals,"Vodacom catalogue snapshot fetched on 2026-08-06; confirm partner pricing, stock, and terms before fulfilment.",2026-08-06T00:00:00Z,https://www.vodacom.co.za/shopping/deals,true,false,https://shop.vodacom.co.za/media/catalog/product/s/a/samsung_galaxy_z_fold8_256gb_5g_-_main_1__1.jpg?store=shop&image-type=image,RED VIP 200GB,both,"{""package"":""RED VIP 200GB"",""tariff"":3298,""device_installment"":null,""source_sku"":""100024509"",""gallery"":[{""url"":""https://shop.vodacom.co.za/media/catalog/product/s/a/samsung_galaxy_z_fold8_256gb_5g_-_main_1__1.jpg?store=shop&image-type=image"",""label"":""Samsung Galaxy Z Fold8 256GB 5G  + Galaxy Watch 9 44mm LTE""},{""url"":""https://shop.vodacom.co.za/media/catalog/product/s/a/samsung_galaxy_z_fold8_256gb_5g_-_main_1__1.jpg?store=shop&image-type=small_image"",""label"":""Samsung Galaxy Z Fold8 256GB 5G  + Galaxy Watch 9 44mm LTE""}],""storage_options"":[""256GB""]}"
vodacom:DV6HD07949,vodacom,Vodacom,#E60000,DV6HD07949,Samsung Galaxy A37 256GB 5G,dv6hd07949,Samsung,smartphone,device_contract,619,,,,,,,,,,in_stock,https://www.vodacom.co.za/shopping/deals,"Vodacom catalogue snapshot fetched on 2026-08-06; confirm partner pricing, stock, and terms before fulfilment.",2026-08-06T00:00:00Z,https://www.vodacom.co.za/shopping/deals,true,false,https://shop.vodacom.co.za/media/catalog/product/placeholder/stores/8/No_image.png,RED Core 3GB 100min ,both,"{""package"":""RED Core 3GB 100min "",""tariff"":406,""device_installment"":213,""source_sku"":""100024075"",""gallery"":[{""url"":""https://shop.vodacom.co.za/media/catalog/product/placeholder/stores/8/No_image.png"",""label"":""Samsung Galaxy A37 256GB 5G""},{""url"":""https://shop.vodacom.co.za/media/catalog/product/placeholder/stores/8/No_image_1.png"",""label"":""Samsung Galaxy A37 256GB 5G""}],""storage_options"":[""256GB""]}"
vodacom:DV6HD21921,vodacom,Vodacom,#E60000,DV6HD21921,Apple iPhone 17 Pro Max 2TB 5G  (Top Up),dv6hd21921,Apple,smartphone,device_contract,2099,,,,,,,,,,in_stock,https://www.vodacom.co.za/shopping/deals,"Vodacom catalogue snapshot fetched on 2026-08-06; confirm partner pricing, stock, and terms before fulfilment.",2026-08-06T00:00:00Z,https://www.vodacom.co.za/shopping/deals,true,false,https://shop.vodacom.co.za/media/catalog/product/placeholder/stores/8/No_image.png,RED Core 12GB 750min Top up ,both,"{""package"":""RED Core 12GB 750min Top up "",""tariff"":1226,""device_installment"":873,""source_sku"":""100023767"",""gallery"":[{""url"":""https://shop.vodacom.co.za/media/catalog/product/placeholder/stores/8/No_image.png"",""label"":""Apple iPhone 17 Pro Max 2TB 5G  (Top Up)""},{""url"":""https://shop.vodacom.co.za/media/catalog/product/placeholder/stores/8/No_image_1.png"",""label"":""Apple iPhone 17 Pro Max 2TB 5G  (Top Up)""}],""storage_options"":[]}"
vodacom:DV6HD08405,vodacom,Vodacom,#E60000,DV6HD08405,HONOR X7e 128GB + Watch 2i + Buds X8i  (Top Up),dv6hd08405,Honor,smartphone,device_contract,429,,,,,,,,,,in_stock,https://www.vodacom.co.za/shopping/deals,"Vodacom catalogue snapshot fetched on 2026-08-06; confirm partner pricing, stock, and terms before fulfilment.",2026-08-06T00:00:00Z,https://www.vodacom.co.za/shopping/deals,true,false,https://shop.vodacom.co.za/media/catalog/product/placeholder/stores/8/No_image.png,RED Core 1GB 50min Top up,both,"{""package"":""RED Core 1GB 50min Top up"",""tariff"":292,""device_installment"":137,""source_sku"":""100024272"",""gallery"":[{""url"":""https://shop.vodacom.co.za/media/catalog/product/placeholder/stores/8/No_image.png"",""label"":""HONOR X7e 128GB + Watch 2i + Buds X8i  (Top Up)""},{""url"":""https://shop.vodacom.co.za/media/catalog/product/placeholder/stores/8/No_image_1.png"",""label"":""HONOR X7e 128GB + Watch 2i + Buds X8i  (Top Up)""}],""storage_options"":[""128GB""]}"
vodacom:DV6HD04151,vodacom,Vodacom,#E60000,DV6HD04151,HONOR Magicbook X14 i3 8/512GB Bundle + HUAWEI E5783-230A CAT7 Mi-Fi Router  (Top Up),dv6hd04151,Honor,laptop,device_contract,1049,,,,,,,,,,in_stock,https://www.vodacom.co.za/shopping/deals,"Vodacom catalogue snapshot fetched on 2026-08-06; confirm partner pricing, stock, and terms before fulfilment.",2026-08-06T00:00:00Z,https://www.vodacom.co.za/shopping/deals,true,false,https://shop.vodacom.co.za/media/catalog/product/placeholder/stores/8/No_image.png,400GB Data Top up,both,"{""package"":""400GB Data Top up"",""tariff"":399,""device_installment"":650,""source_sku"":""100022732"",""gallery"":[{""url"":""https://shop.vodacom.co.za/media/catalog/product/placeholder/stores/8/No_image.png"",""label"":""HONOR Magicbook X14 i3 8/512GB Bundle + HUAWEI E5783-230A CAT7 Mi-Fi Router  (Top Up)""},{""url"":""https://shop.vodacom.co.za/media/catalog/product/placeholder/stores/8/No_image_1.png"",""label"":""HONOR Magicbook X14 i3 8/512GB Bundle + HUAWEI E5783-230A CAT7 Mi-Fi Router  (Top Up)""}],""storage_options"":[""512GB""]}"
vodacom:DV6HD19470,vodacom,Vodacom,#E60000,DV6HD19470,2x HONOR X9d 256GB 5G,dv6hd19470,Vodacom,smartphone,device_contract,849,,,,,,,,,,in_stock,https://www.vodacom.co.za/shopping/deals,"Vodacom catalogue snapshot fetched on 2026-08-06; confirm partner pricing, stock, and terms before fulfilment.",2026-08-06T00:00:00Z,https://www.vodacom.co.za/shopping/deals,true,false,https://shop.vodacom.co.za/media/catalog/product/placeholder/stores/8/No_image.png,Red Flexi 245,both,"{""package"":""Red Flexi 245"",""tariff"":245,""device_installment"":604,""source_sku"":""100023726"",""gallery"":[{""url"":""https://shop.vodacom.co.za/media/catalog/product/placeholder/stores/8/No_image.png"",""label"":""2x HONOR X9d 256GB 5G""},{""url"":""https://shop.vodacom.co.za/media/catalog/product/placeholder/stores/8/No_image_1.png"",""label"":""2x HONOR X9d 256GB 5G""}],""storage_options"":[""256GB""]}"
vodacom:DV6H50DAAF,vodacom,Vodacom,#E60000,DV6H50DAAF,Home Internet 10Mbps + HUAWEI H153-381 5G Router,dv6h50daaf,Vodacom,router,internet,399,,,,,,,,,,in_stock,https://www.vodacom.co.za/shopping/deals,"Vodacom catalogue snapshot fetched on 2026-08-06; confirm partner pricing, stock, and terms before fulfilment.",2026-08-06T00:00:00Z,https://www.vodacom.co.za/shopping/deals,true,false,https://shop.vodacom.co.za/media/catalog/product/placeholder/stores/8/No_image.png,Home Internet 10MBps Fair Usage Policy of 200GB*,both,"{""package"":""Home Internet 10MBps Fair Usage Policy of 200GB*"",""tariff"":399,""device_installment"":null,""source_sku"":""100024121"",""gallery"":[{""url"":""https://shop.vodacom.co.za/media/catalog/product/placeholder/stores/8/No_image.png"",""label"":""Home Internet 10Mbps + HUAWEI H153-381 5G Router""},{""url"":""https://shop.vodacom.co.za/media/catalog/product/placeholder/stores/8/No_image_1.png"",""label"":""Home Internet 10Mbps + HUAWEI H153-381 5G Router""}],""storage_options"":[]}"
vodacom:DV6HD08473,vodacom,Vodacom,#E60000,DV6HD08473,Samsung Galaxy S26+ 256GB 5G + Galaxy Watch8 LTE 44mm,dv6hd08473,Samsung,smartphone,device_contract,1878,,,,,,,,,,in_stock,https://www.vodacom.co.za/shopping/deals,"Vodacom catalogue snapshot fetched on 2026-08-06; confirm partner pricing, stock, and terms before fulfilment.",2026-08-06T00:00:00Z,https://www.vodacom.co.za/shopping/deals,true,false,https://shop.vodacom.co.za/media/catalog/product/placeholder/stores/8/No_image.png,RED Core 12GB 750min ,both,"{""package"":""RED Core 12GB 750min "",""tariff"":1161,""device_installment"":717,""source_sku"":""100023962"",""gallery"":[{""url"":""https://shop.vodacom.co.za/media/catalog/product/placeholder/stores/8/No_image.png"",""label"":""Samsung Galaxy S26+ 256GB 5G + Galaxy Watch8 LTE 44mm""},{""url"":""https://shop.vodacom.co.za/media/catalog/product/placeholder/stores/8/No_image_1.png"",""label"":""Samsung Galaxy S26+ 256GB 5G + Galaxy Watch8 LTE 44mm""}],""storage_options"":[""256GB""]}"
vodacom:DV6HD07410,vodacom,Vodacom,#E60000,DV6HD07410,HONOR 400 Pro 512GB 5G  (Top Up),dv6hd07410,Honor,smartphone,device_contract,749,,,,,,,,,,in_stock,https://www.vodacom.co.za/shopping/deals,"Vodacom catalogue snapshot fetched on 2026-08-06; confirm partner pricing, stock, and terms before fulfilment.",2026-08-06T00:00:00Z,https://www.vodacom.co.za/shopping/deals,true,false,https://shop.vodacom.co.za/media/catalog/product/placeholder/stores/8/No_image.png,RED Core 3GB 100min Top up ,both,"{""package"":""RED Core 3GB 100min Top up "",""tariff"":443,""device_installment"":306,""source_sku"":""100022864"",""gallery"":[{""url"":""https://shop.vodacom.co.za/media/catalog/product/placeholder/stores/8/No_image.png"",""label"":""HONOR 400 Pro 512GB 5G  (Top Up)""},{""url"":""https://shop.vodacom.co.za/media/catalog/product/placeholder/stores/8/No_image_1.png"",""label"":""HONOR 400 Pro 512GB 5G  (Top Up)""}],""storage_options"":[""512GB""]}"
vodacom:DV6HD18646,vodacom,Vodacom,#E60000,DV6HD18646,Samsung Galaxy S26+ 256GB 5G + Galaxy Watch8 LTE 40mm,dv6hd18646,Samsung,smartphone,device_contract,2228,,,,,,,,,,in_stock,https://www.vodacom.co.za/shopping/deals,"Vodacom catalogue snapshot fetched on 2026-08-06; confirm partner pricing, stock, and terms before fulfilment.",2026-08-06T00:00:00Z,https://www.vodacom.co.za/shopping/deals,true,false,https://shop.vodacom.co.za/media/catalog/product/placeholder/stores/8/No_image.png,RED VIP 50GB,both,"{""package"":""RED VIP 50GB"",""tariff"":2228,""device_installment"":null,""source_sku"":""100023962"",""gallery"":[{""url"":""https://shop.vodacom.co.za/media/catalog/product/placeholder/stores/8/No_image.png"",""label"":""Samsung Galaxy S26+ 256GB 5G + Galaxy Watch8 LTE 40mm""},{""url"":""https://shop.vodacom.co.za/media/catalog/product/placeholder/stores/8/No_image_1.png"",""label"":""Samsung Galaxy S26+ 256GB 5G + Galaxy Watch8 LTE 40mm""}],""storage_options"":[""256GB""]}"
vodacom:DV6HD23183,vodacom,Vodacom,#E60000,DV6HD23183,Motorola Razr 60 Swarovski 256GB  (Top Up),dv6hd23183,Motorola,smartphone,device_contract,1099,,,,,,,,,,in_stock,https://www.vodacom.co.za/shopping/deals,"Vodacom catalogue snapshot fetched on 2026-08-06; confirm partner pricing, stock, and terms before fulfilment.",2026-08-06T00:00:00Z,https://www.vodacom.co.za/shopping/deals,true,false,https://shop.vodacom.co.za/media/catalog/product/placeholder/stores/8/No_image.png,RED Core 12GB 750min Top up ,both,"{""package"":""RED Core 12GB 750min Top up "",""tariff"":1099,""device_installment"":null,""source_sku"":""100023884"",""gallery"":[{""url"":""https://shop.vodacom.co.za/media/catalog/product/placeholder/stores/8/No_image.png"",""label"":""Motorola Razr 60 Swarovski 256GB  (Top Up)""},{""url"":""https://shop.vodacom.co.za/media/catalog/product/placeholder/stores/8/No_image_1.png"",""label"":""Motorola Razr 60 Swarovski 256GB  (Top Up)""}],""storage_options"":[""256GB""]}"
vodacom:DV6HD15037,vodacom,Vodacom,#E60000,DV6HD15037,Samsung Galaxy A27 128GB 5G   (Top Up),dv6hd15037,Samsung,smartphone,device_contract,499,,,,,,,,,,in_stock,https://www.vodacom.co.za/shopping/deals,"Vodacom catalogue snapshot fetched on 2026-08-06; confirm partner pricing, stock, and terms before fulfilment.",2026-08-06T00:00:00Z,https://www.vodacom.co.za/shopping/deals,true,false,https://shop.vodacom.co.za/media/catalog/product/placeholder/stores/8/No_image.png,RED Core 3GB 100min Top up ,both,"{""package"":""RED Core 3GB 100min Top up "",""tariff"":443,""device_installment"":56,""source_sku"":""100024159"",""gallery"":[{""url"":""https://shop.vodacom.co.za/media/catalog/product/placeholder/stores/8/No_image.png"",""label"":""Samsung Galaxy A27 128GB 5G   (Top Up)""},{""url"":""https://shop.vodacom.co.za/media/catalog/product/placeholder/stores/8/No_image_1.png"",""label"":""Samsung Galaxy A27 128GB 5G   (Top Up)""}],""storage_options"":[""128GB""]}"
vodacom:DV6HD03385,vodacom,Vodacom,#E60000,DV6HD03385,Redmi 17 256GB 4G,dv6hd03385,Redmi,smartphone,device_contract,569,,,,,,,,,,in_stock,https://www.vodacom.co.za/shopping/deals,"Vodacom catalogue snapshot fetched on 2026-08-06; confirm partner pricing, stock, and terms before fulfilment.",2026-08-06T00:00:00Z,https://www.vodacom.co.za/shopping/deals,true,false,https://shop.vodacom.co.za/media/catalog/product/placeholder/stores/8/No_image.png,Red Flexi 320,both,"{""package"":""Red Flexi 320"",""tariff"":320,""device_installment"":249,""source_sku"":""100024698"",""gallery"":[{""url"":""https://shop.vodacom.co.za/media/catalog/product/placeholder/stores/8/No_image.png"",""label"":""Redmi 17 256GB 4G""},{""url"":""https://shop.vodacom.co.za/media/catalog/product/placeholder/stores/8/No_image_1.png"",""label"":""Redmi 17 256GB 4G""}],""storage_options"":[""256GB""]}"
vodacom:DV6HD16271,vodacom,Vodacom,#E60000,DV6HD16271,HONOR 600 Pro 512GB 5G,dv6hd16271,Honor,smartphone,device_contract,919,,,,,,,,,,in_stock,https://www.vodacom.co.za/shopping/deals,"Vodacom catalogue snapshot fetched on 2026-08-06; confirm partner pricing, stock, and terms before fulfilment.",2026-08-06T00:00:00Z,https://www.vodacom.co.za/shopping/deals,true,false,https://shop.vodacom.co.za/media/catalog/product/placeholder/stores/8/No_image.png,RED Flexi 425,both,"{""package"":""RED Flexi 425"",""tariff"":425,""device_installment"":494,""source_sku"":""100024019"",""gallery"":[{""url"":""https://shop.vodacom.co.za/media/catalog/product/placeholder/stores/8/No_image.png"",""label"":""HONOR 600 Pro 512GB 5G""},{""url"":""https://shop.vodacom.co.za/media/catalog/product/placeholder/stores/8/No_image_1.png"",""label"":""HONOR 600 Pro 512GB 5G""}],""storage_options"":[""512GB""]}"
vodacom:DV6HD02989,vodacom,Vodacom,#E60000,DV6HD02989,Redmi A7 64GB 4G,dv6hd02989,Redmi,smartphone,device_contract,1769,,,,,,,,,,in_stock,https://www.vodacom.co.za/shopping/deals,"Vodacom catalogue snapshot fetched on 2026-08-06; confirm partner pricing, stock, and terms before fulfilment.",2026-08-06T00:00:00Z,https://www.vodacom.co.za/shopping/deals,true,false,https://shop.vodacom.co.za/media/catalog/product/placeholder/stores/8/No_image.png,RED VIP 100GB,both,"{""package"":""RED VIP 100GB"",""tariff"":1769,""device_installment"":null,""source_sku"":""100024469"",""gallery"":[{""url"":""https://shop.vodacom.co.za/media/catalog/product/placeholder/stores/8/No_image.png"",""label"":""Redmi A7 64GB 4G""},{""url"":""https://shop.vodacom.co.za/media/catalog/product/placeholder/stores/8/No_image_1.png"",""label"":""Redmi A7 64GB 4G""}],""storage_options"":[""64GB""]}"
vodacom:DV6HD21607,vodacom,Vodacom,#E60000,DV6HD21607,HUAWEI Pura 80 Pro 512GB,dv6hd21607,Huawei,smartphone,device_contract,1819,,,,,,,,,,in_stock,https://www.vodacom.co.za/shopping/deals,"Vodacom catalogue snapshot fetched on 2026-08-06; confirm partner pricing, stock, and terms before fulfilment.",2026-08-06T00:00:00Z,https://www.vodacom.co.za/shopping/deals,true,false,https://shop.vodacom.co.za/media/catalog/product/placeholder/stores/8/No_image.png,RED VIP 50GB,both,"{""package"":""RED VIP 50GB"",""tariff"":1819,""device_installment"":null,""source_sku"":""100023340"",""gallery"":[{""url"":""https://shop.vodacom.co.za/media/catalog/product/placeholder/stores/8/No_image.png"",""label"":""HUAWEI Pura 80 Pro 512GB""},{""url"":""https://shop.vodacom.co.za/media/catalog/product/placeholder/stores/8/No_image_1.png"",""label"":""HUAWEI Pura 80 Pro 512GB""}],""storage_options"":[""512GB""]}"
vodacom:DV6HD12932,vodacom,Vodacom,#E60000,DV6HD12932,Samsung Galaxy S26 Ultra 1TB 5G + Galaxy Watch8 LTE 40mm,dv6hd12932,Samsung,smartphone,device_contract,3328,,,,,,,,,,in_stock,https://www.vodacom.co.za/shopping/deals,"Vodacom catalogue snapshot fetched on 2026-08-06; confirm partner pricing, stock, and terms before fulfilment.",2026-08-06T00:00:00Z,https://www.vodacom.co.za/shopping/deals,true,false,https://shop.vodacom.co.za/media/catalog/product/placeholder/stores/8/No_image.png,RED VIP 200GB,both,"{""package"":""RED VIP 200GB"",""tariff"":3328,""device_installment"":null,""source_sku"":""100023968"",""gallery"":[{""url"":""https://shop.vodacom.co.za/media/catalog/product/placeholder/stores/8/No_image.png"",""label"":""Samsung Galaxy S26 Ultra 1TB 5G + Galaxy Watch8 LTE 40mm""},{""url"":""https://shop.vodacom.co.za/media/catalog/product/placeholder/stores/8/No_image_1.png"",""label"":""Samsung Galaxy S26 Ultra 1TB 5G + Galaxy Watch8 LTE 40mm""}],""storage_options"":[]}"
vodacom:DV6HD03696,vodacom,Vodacom,#E60000,DV6HD03696,HONOR Magic8 Pro 512GB 5G,dv6hd03696,Honor,smartphone,device_contract,1479,,,,,,,,,,in_stock,https://www.vodacom.co.za/shopping/deals,"Vodacom catalogue snapshot fetched on 2026-08-06; confirm partner pricing, stock, and terms before fulfilment.",2026-08-06T00:00:00Z,https://www.vodacom.co.za/shopping/deals,true,false,https://shop.vodacom.co.za/media/catalog/product/placeholder/stores/8/No_image.png,RED Core 6GB 250min ,both,"{""package"":""RED Core 6GB 250min "",""tariff"":730,""device_installment"":749,""source_sku"":""100024002"",""gallery"":[{""url"":""https://shop.vodacom.co.za/media/catalog/product/placeholder/stores/8/No_image.png"",""label"":""HONOR Magic8 Pro 512GB 5G""},{""url"":""https://shop.vodacom.co.za/media/catalog/product/placeholder/stores/8/No_image_1.png"",""label"":""HONOR Magic8 Pro 512GB 5G""}],""storage_options"":[""512GB""]}"
vodacom:DV6HD14123,vodacom,Vodacom,#E60000,DV6HD14123,Samsung Galaxy S26 Ultra 1TB 5G + Galaxy Watch8 LTE 40mm,dv6hd14123,Samsung,smartphone,device_contract,1778,,,,,,,,,,in_stock,https://www.vodacom.co.za/shopping/deals,"Vodacom catalogue snapshot fetched on 2026-08-06; confirm partner pricing, stock, and terms before fulfilment.",2026-08-06T00:00:00Z,https://www.vodacom.co.za/shopping/deals,true,false,https://shop.vodacom.co.za/media/catalog/product/placeholder/stores/8/No_image.png,RED Core 6GB 250min ,both,"{""package"":""RED Core 6GB 250min "",""tariff"":730,""device_installment"":1048,""source_sku"":""100023968"",""gallery"":[{""url"":""https://shop.vodacom.co.za/media/catalog/product/placeholder/stores/8/No_image.png"",""label"":""Samsung Galaxy S26 Ultra 1TB 5G + Galaxy Watch8 LTE 40mm""},{""url"":""https://shop.vodacom.co.za/media/catalog/product/placeholder/stores/8/No_image_1.png"",""label"":""Samsung Galaxy S26 Ultra 1TB 5G + Galaxy Watch8 LTE 40mm""}],""storage_options"":[]}"
vodacom:DV6HD18986,vodacom,Vodacom,#E60000,DV6HD18986,HUAWEI nova Y74S 8/128GB   (Top Up),dv6hd18986,Huawei,smartphone,device_contract,279,,,,,,,,,,in_stock,https://www.vodacom.co.za/shopping/deals,"Vodacom catalogue snapshot fetched on 2026-08-06; confirm partner pricing, stock, and terms before fulfilment.",2026-08-06T00:00:00Z,https://www.vodacom.co.za/shopping/deals,true,false,https://shop.vodacom.co.za/media/catalog/product/placeholder/stores/8/No_image.png,RED Core 1GB 50min Top up,both,"{""package"":""RED Core 1GB 50min Top up"",""tariff"":279,""device_installment"":null,""source_sku"":""100024397"",""gallery"":[{""url"":""https://shop.vodacom.co.za/media/catalog/product/placeholder/stores/8/No_image.png"",""label"":""HUAWEI nova Y74S 8/128GB   (Top Up)""},{""url"":""https://shop.vodacom.co.za/media/catalog/product/placeholder/stores/8/No_image_1.png"",""label"":""HUAWEI nova Y74S 8/128GB   (Top Up)""}],""storage_options"":[""128GB""]}"
vodacom:DV6HD21633,vodacom,Vodacom,#E60000,DV6HD21633,HONOR Magic V5 512GB 5G,dv6hd21633,Honor,smartphone,device_contract,2249,,,,,,,,,,in_stock,https://www.vodacom.co.za/shopping/deals,"Vodacom catalogue snapshot fetched on 2026-08-06; confirm partner pricing, stock, and terms before fulfilment.",2026-08-06T00:00:00Z,https://www.vodacom.co.za/shopping/deals,true,false,https://shop.vodacom.co.za/media/catalog/product/placeholder/stores/8/No_image.png,RED VIP 50GB,both,"{""package"":""RED VIP 50GB"",""tariff"":2249,""device_installment"":null,""source_sku"":""100023250"",""gallery"":[{""url"":""https://shop.vodacom.co.za/media/catalog/product/placeholder/stores/8/No_image.png"",""label"":""HONOR Magic V5 512GB 5G""},{""url"":""https://shop.vodacom.co.za/media/catalog/product/placeholder/stores/8/No_image_1.png"",""label"":""HONOR Magic V5 512GB 5G""}],""storage_options"":[""512GB""]}"
vodacom:DV6HD05974,vodacom,Vodacom,#E60000,DV6HD05974,Redmi Note 15 Pro+ 256GB 5G,dv6hd05974,Redmi,smartphone,device_contract,869,,,,,,,,,,in_stock,https://www.vodacom.co.za/shopping/deals,"Vodacom catalogue snapshot fetched on 2026-08-06; confirm partner pricing, stock, and terms before fulfilment.",2026-08-06T00:00:00Z,https://www.vodacom.co.za/shopping/deals,true,false,https://shop.vodacom.co.za/media/catalog/product/placeholder/stores/8/No_image.png,RED Flexi 425,both,"{""package"":""RED Flexi 425"",""tariff"":425,""device_installment"":444,""source_sku"":""100024103"",""gallery"":[{""url"":""https://shop.vodacom.co.za/media/catalog/product/placeholder/stores/8/No_image.png"",""label"":""Redmi Note 15 Pro+ 256GB 5G""},{""url"":""https://shop.vodacom.co.za/media/catalog/product/placeholder/stores/8/No_image_1.png"",""label"":""Redmi Note 15 Pro+ 256GB 5G""}],""storage_options"":[""256GB""]}"
vodacom:DV6GD23052,vodacom,Vodacom,#E60000,DV6GD23052,Samsung Galaxy Z Flip8 256GB 5G  + Samsung 45w Charger  + FREE Silicone Magnet Case (Top Up),dv6gd23052,Samsung,smartphone,device_contract,1379,,,,,,,,,,in_stock,https://www.vodacom.co.za/shopping/deals,"Vodacom catalogue snapshot fetched on 2026-08-06; confirm partner pricing, stock, and terms before fulfilment.",2026-08-06T00:00:00Z,https://www.vodacom.co.za/shopping/deals,true,false,https://shop.vodacom.co.za/media/catalog/product/s/a/samsung_galaxy_z_flip8_256gb_5g_-_main_1__1.jpg?store=shop&image-type=image,RED Core 3GB 100min Top up ,both,"{""package"":""RED Core 3GB 100min Top up "",""tariff"":443,""device_installment"":936,""source_sku"":""100024504"",""gallery"":[{""url"":""https://shop.vodacom.co.za/media/catalog/product/s/a/samsung_galaxy_z_flip8_256gb_5g_-_main_1__1.jpg?store=shop&image-type=image"",""label"":""Samsung Galaxy Z Flip8 256GB 5G  + Samsung 45w Charger  + FREE Silicone Magnet Case (Top Up)""},{""url"":""https://shop.vodacom.co.za/media/catalog/product/s/a/samsung_galaxy_z_flip8_256gb_5g_-_main_1__1.jpg?store=shop&image-type=small_image"",""label"":""Samsung Galaxy Z Flip8 256GB 5G  + Samsung 45w Charger  + FREE Silicone Magnet Case (Top Up)""}],""storage_options"":[""256GB""]}"
vodacom:DV6HD16347,vodacom,Vodacom,#E60000,DV6HD16347,vivo V60 Lite 256GB 5G,dv6hd16347,Vivo,smartphone,device_contract,739,,,,,,,,,,in_stock,https://www.vodacom.co.za/shopping/deals,"Vodacom catalogue snapshot fetched on 2026-08-06; confirm partner pricing, stock, and terms before fulfilment.",2026-08-06T00:00:00Z,https://www.vodacom.co.za/shopping/deals,true,false,https://shop.vodacom.co.za/media/catalog/product/placeholder/stores/8/No_image.png,RED Flexi 425,both,"{""package"":""RED Flexi 425"",""tariff"":425,""device_installment"":314,""source_sku"":""100023309"",""gallery"":[{""url"":""https://shop.vodacom.co.za/media/catalog/product/placeholder/stores/8/No_image.png"",""label"":""vivo V60 Lite 256GB 5G""},{""url"":""https://shop.vodacom.co.za/media/catalog/product/placeholder/stores/8/No_image_1.png"",""label"":""vivo V60 Lite 256GB 5G""}],""storage_options"":[""256GB""]}"
vodacom:DV6GD22590,vodacom,Vodacom,#E60000,DV6GD22590,Samsung Galaxy Z Fold8 Ultra 512GB 5G  + Samsung 45w Charger  + FREE Carbon Magnet Case (Top Up),dv6gd22590,Samsung,smartphone,device_contract,2849,,,,,,,,,,in_stock,https://www.vodacom.co.za/shopping/deals,"Vodacom catalogue snapshot fetched on 2026-08-06; confirm partner pricing, stock, and terms before fulfilment.",2026-08-06T00:00:00Z,https://www.vodacom.co.za/shopping/deals,true,false,https://shop.vodacom.co.za/media/catalog/product/s/a/samsung_galaxy_z_fold8_ultra_512gb_5g_-_top_2__1.jpg?store=shop&image-type=image,RED Core 12GB 750min Top up ,both,"{""package"":""RED Core 12GB 750min Top up "",""tariff"":1226,""device_installment"":1623,""source_sku"":""100024507"",""gallery"":[{""url"":""https://shop.vodacom.co.za/media/catalog/product/s/a/samsung_galaxy_z_fold8_ultra_512gb_5g_-_top_2__1.jpg?store=shop&image-type=image"",""label"":""Samsung Galaxy Z Fold8 Ultra 512GB 5G  + Samsung 45w Charger  + FREE Carbon Magnet Case (Top Up)""},{""url"":""https://shop.vodacom.co.za/media/catalog/product/s/a/samsung_galaxy_z_fold8_ultra_512gb_5g_-_top_2__1.jpg?store=shop&image-type=small_image"",""label"":""Samsung Galaxy Z Fold8 Ultra 512GB 5G  + Samsung 45w Charger  + FREE Carbon Magnet Case (Top Up)""}],""storage_options"":[""512GB""]}"
vodacom:DV6HD21662,vodacom,Vodacom,#E60000,DV6HD21662,Motorola Razr 60 Flip 256GB,dv6hd21662,Motorola,smartphone,device_contract,1979,,,,,,,,,,in_stock,https://www.vodacom.co.za/shopping/deals,"Vodacom catalogue snapshot fetched on 2026-08-06; confirm partner pricing, stock, and terms before fulfilment.",2026-08-06T00:00:00Z,https://www.vodacom.co.za/shopping/deals,true,false,https://shop.vodacom.co.za/media/catalog/product/placeholder/stores/8/No_image.png,RED VIP 100GB,both,"{""package"":""RED VIP 100GB"",""tariff"":1979,""device_installment"":null,""source_sku"":""100023883"",""gallery"":[{""url"":""https://shop.vodacom.co.za/media/catalog/product/placeholder/stores/8/No_image.png"",""label"":""Motorola Razr 60 Flip 256GB""},{""url"":""https://shop.vodacom.co.za/media/catalog/product/placeholder/stores/8/No_image_1.png"",""label"":""Motorola Razr 60 Flip 256GB""}],""storage_options"":[""256GB""]}"
vodacom:DV6HD03116,vodacom,Vodacom,#E60000,DV6HD03116,vivo Y31 256GB 5G,dv6hd03116,Vivo,smartphone,device_contract,2039,,,,,,,,,,in_stock,https://www.vodacom.co.za/shopping/deals,"Vodacom catalogue snapshot fetched on 2026-08-06; confirm partner pricing, stock, and terms before fulfilment.",2026-08-06T00:00:00Z,https://www.vodacom.co.za/shopping/deals,true,false,https://shop.vodacom.co.za/media/catalog/product/placeholder/stores/8/No_image.png,RED VIP 100GB,both,"{""package"":""RED VIP 100GB"",""tariff"":2039,""device_installment"":null,""source_sku"":""100024097"",""gallery"":[{""url"":""https://shop.vodacom.co.za/media/catalog/product/placeholder/stores/8/No_image.png"",""label"":""vivo Y31 256GB 5G""},{""url"":""https://shop.vodacom.co.za/media/catalog/product/placeholder/stores/8/No_image_1.png"",""label"":""vivo Y31 256GB 5G""}],""storage_options"":[""256GB""]}"
vodacom:DV6HD09919,vodacom,Vodacom,#E60000,DV6HD09919,2x Samsung Galaxy S25FE 256GB 5G,dv6hd09919,Vodacom,smartphone,device_contract,1399,,,,,,,,,,in_stock,https://www.vodacom.co.za/shopping/deals,"Vodacom catalogue snapshot fetched on 2026-08-06; confirm partner pricing, stock, and terms before fulfilment.",2026-08-06T00:00:00Z,https://www.vodacom.co.za/shopping/deals,true,false,https://shop.vodacom.co.za/media/catalog/product/placeholder/stores/8/No_image.png,RED Core 1GB 50min ,both,"{""package"":""RED Core 1GB 50min "",""tariff"":276,""device_installment"":1123,""source_sku"":""100023373"",""gallery"":[{""url"":""https://shop.vodacom.co.za/media/catalog/product/placeholder/stores/8/No_image.png"",""label"":""2x Samsung Galaxy S25FE 256GB 5G""},{""url"":""https://shop.vodacom.co.za/media/catalog/product/placeholder/stores/8/No_image_1.png"",""label"":""2x Samsung Galaxy S25FE 256GB 5G""}],""storage_options"":[""256GB""]}"
vodacom:DV6GD22235,vodacom,Vodacom,#E60000,DV6GD22235,Samsung Galaxy Z Fold8 512GB 5G + Galaxy Buds 4 + Galaxy Watch 9 40mm LTE,dv6gd22235,Samsung,smartphone,device_contract,3198,,,,,,,,,,in_stock,https://www.vodacom.co.za/shopping/deals,"Vodacom catalogue snapshot fetched on 2026-08-06; confirm partner pricing, stock, and terms before fulfilment.",2026-08-06T00:00:00Z,https://www.vodacom.co.za/shopping/deals,true,false,https://shop.vodacom.co.za/media/catalog/product/s/a/samsung_galaxy_z_fold8_512gb_5g_-_main_1__1.jpg?store=shop&image-type=image,Red Flexi 1110,both,"{""package"":""Red Flexi 1110"",""tariff"":1110,""device_installment"":2088,""source_sku"":""100024510"",""gallery"":[{""url"":""https://shop.vodacom.co.za/media/catalog/product/s/a/samsung_galaxy_z_fold8_512gb_5g_-_main_1__1.jpg?store=shop&image-type=image"",""label"":""Samsung Galaxy Z Fold8 512GB 5G + Galaxy Buds 4 + Galaxy Watch 9 40mm LTE""},{""url"":""https://shop.vodacom.co.za/media/catalog/product/s/a/samsung_galaxy_z_fold8_512gb_5g_-_main_1__1.jpg?store=shop&image-type=small_image"",""label"":""Samsung Galaxy Z Fold8 512GB 5G + Galaxy Buds 4 + Galaxy Watch 9 40mm LTE""}],""storage_options"":[""512GB""]}"
vodacom:DV6GD22484,vodacom,Vodacom,#E60000,DV6GD22484,Samsung Galaxy Z Fold8 Ultra 1TB 5G  + Galaxy Buds 4 + Galaxy Watch 9 40mm LTE (Top Up),dv6gd22484,Samsung,smartphone,device_contract,3368,,,,,,,,,,in_stock,https://www.vodacom.co.za/shopping/deals,"Vodacom catalogue snapshot fetched on 2026-08-06; confirm partner pricing, stock, and terms before fulfilment.",2026-08-06T00:00:00Z,https://www.vodacom.co.za/shopping/deals,true,false,https://shop.vodacom.co.za/media/catalog/product/s/a/samsung_galaxy_z_fold8_ultra_512gb_5g_-_top_1__1_1.jpg?store=shop&image-type=image,RED Core 6GB 250min Top up ,both,"{""package"":""RED Core 6GB 250min Top up "",""tariff"":794,""device_installment"":2574,""source_sku"":""100024508"",""gallery"":[{""url"":""https://shop.vodacom.co.za/media/catalog/product/s/a/samsung_galaxy_z_fold8_ultra_512gb_5g_-_top_1__1_1.jpg?store=shop&image-type=image"",""label"":""Samsung Galaxy Z Fold8 Ultra 1TB 5G  + Galaxy Buds 4 + Galaxy Watch 9 40mm LTE (Top Up)""},{""url"":""https://shop.vodacom.co.za/media/catalog/product/s/a/samsung_galaxy_z_fold8_ultra_512gb_5g_-_top_1__1_1.jpg?store=shop&image-type=small_image"",""label"":""Samsung Galaxy Z Fold8 Ultra 1TB 5G  + Galaxy Buds 4 + Galaxy Watch 9 40mm LTE (Top Up)""}],""storage_options"":[]}"
vodacom:DV6HD05908,vodacom,Vodacom,#E60000,DV6HD05908,Apple iPhone 13 128GB 5G (Pre-Owned),dv6hd05908,Apple,smartphone,device_contract,719,,,,,,,,,,in_stock,https://www.vodacom.co.za/shopping/deals,"Vodacom catalogue snapshot fetched on 2026-08-06; confirm partner pricing, stock, and terms before fulfilment.",2026-08-06T00:00:00Z,https://www.vodacom.co.za/shopping/deals,true,false,https://shop.vodacom.co.za/media/catalog/product/placeholder/stores/8/No_image.png,RED Flexi 425,both,"{""package"":""RED Flexi 425"",""tariff"":425,""device_installment"":294,""source_sku"":""100022408"",""gallery"":[{""url"":""https://shop.vodacom.co.za/media/catalog/product/placeholder/stores/8/No_image.png"",""label"":""Apple iPhone 13 128GB 5G (Pre-Owned)""},{""url"":""https://shop.vodacom.co.za/media/catalog/product/placeholder/stores/8/No_image_1.png"",""label"":""Apple iPhone 13 128GB 5G (Pre-Owned)""}],""storage_options"":[""128GB""]}"
vodacom:DV6HD19224,vodacom,Vodacom,#E60000,DV6HD19224,Samsung Galaxy S26 Ultra 512GB 5G + Galaxy Buds 4 Pro,dv6hd19224,Samsung,smartphone,device_contract,1748,,,,,,,,,,in_stock,https://www.vodacom.co.za/shopping/deals,"Vodacom catalogue snapshot fetched on 2026-08-06; confirm partner pricing, stock, and terms before fulfilment.",2026-08-06T00:00:00Z,https://www.vodacom.co.za/shopping/deals,true,false,https://shop.vodacom.co.za/media/catalog/product/placeholder/stores/8/No_image.png,RED Core 12GB 750min ,both,"{""package"":""RED Core 12GB 750min "",""tariff"":1161,""device_installment"":587,""source_sku"":""100023966"",""gallery"":[{""url"":""https://shop.vodacom.co.za/media/catalog/product/placeholder/stores/8/No_image.png"",""label"":""Samsung Galaxy S26 Ultra 512GB 5G + Galaxy Buds 4 Pro""},{""url"":""https://shop.vodacom.co.za/media/catalog/product/placeholder/stores/8/No_image_1.png"",""label"":""Samsung Galaxy S26 Ultra 512GB 5G + Galaxy Buds 4 Pro""}],""storage_options"":[""512GB""]}"
vodacom:DV6HD03057,vodacom,Vodacom,#E60000,DV6HD03057,Apple iPhone 16 128GB 5G,dv6hd03057,Apple,smartphone,device_contract,2479,,,,,,,,,,in_stock,https://www.vodacom.co.za/shopping/deals,"Vodacom catalogue snapshot fetched on 2026-08-06; confirm partner pricing, stock, and terms before fulfilment.",2026-08-06T00:00:00Z,https://www.vodacom.co.za/shopping/deals,true,false,https://shop.vodacom.co.za/media/catalog/product/placeholder/stores/8/No_image.png,RED VIP 100GB,both,"{""package"":""RED VIP 100GB"",""tariff"":2479,""device_installment"":null,""source_sku"":""100022538"",""gallery"":[{""url"":""https://shop.vodacom.co.za/media/catalog/product/placeholder/stores/8/No_image.png"",""label"":""Apple iPhone 16 128GB 5G""},{""url"":""https://shop.vodacom.co.za/media/catalog/product/placeholder/stores/8/No_image_1.png"",""label"":""Apple iPhone 16 128GB 5G""}],""storage_options"":[""128GB""]}"
vodacom:DV6HD14873,vodacom,Vodacom,#E60000,DV6HD14873,Samsung Galaxy S26 256GB 5G + Galaxy Watch 9 44mm LTE  (Top Up),dv6hd14873,Samsung,smartphone,device_contract,1128,,,,,,,,,,in_stock,https://www.vodacom.co.za/shopping/deals,"Vodacom catalogue snapshot fetched on 2026-08-06; confirm partner pricing, stock, and terms before fulfilment.",2026-08-06T00:00:00Z,https://www.vodacom.co.za/shopping/deals,true,false,https://shop.vodacom.co.za/media/catalog/product/placeholder/stores/8/No_image.png,RED Core 6GB 250min Top up ,both,"{""package"":""RED Core 6GB 250min Top up "",""tariff"":794,""device_installment"":334,""source_sku"":""100023958"",""gallery"":[{""url"":""https://shop.vodacom.co.za/media/catalog/product/placeholder/stores/8/No_image.png"",""label"":""Samsung Galaxy S26 256GB 5G + Galaxy Watch 9 44mm LTE  (Top Up)""},{""url"":""https://shop.vodacom.co.za/media/catalog/product/placeholder/stores/8/No_image_1.png"",""label"":""Samsung Galaxy S26 256GB 5G + Galaxy Watch 9 44mm LTE  (Top Up)""}],""storage_options"":[""256GB""]}"
vodacom:DV6GD22228,vodacom,Vodacom,#E60000,DV6GD22228,Samsung Galaxy Z Fold8 Ultra 512GB 5G  + Galaxy Watch 9 40mm LTE,dv6gd22228,Samsung,smartphone,device_contract,3308,,,,,,,,,,in_stock,https://www.vodacom.co.za/shopping/deals,"Vodacom catalogue snapshot fetched on 2026-08-06; confirm partner pricing, stock, and terms before fulfilment.",2026-08-06T00:00:00Z,https://www.vodacom.co.za/shopping/deals,true,false,https://shop.vodacom.co.za/media/catalog/product/s/a/samsung_galaxy_z_fold8_ultra_512gb_5g_-_top_2__1.jpg?store=shop&image-type=image,Red Flexi 1110,both,"{""package"":""Red Flexi 1110"",""tariff"":1110,""device_installment"":2198,""source_sku"":""100024507"",""gallery"":[{""url"":""https://shop.vodacom.co.za/media/catalog/product/s/a/samsung_galaxy_z_fold8_ultra_512gb_5g_-_top_2__1.jpg?store=shop&image-type=image"",""label"":""Samsung Galaxy Z Fold8 Ultra 512GB 5G  + Galaxy Watch 9 40mm LTE""},{""url"":""https://shop.vodacom.co.za/media/catalog/product/s/a/samsung_galaxy_z_fold8_ultra_512gb_5g_-_top_2__1.jpg?store=shop&image-type=small_image"",""label"":""Samsung Galaxy Z Fold8 Ultra 512GB 5G  + Galaxy Watch 9 40mm LTE""}],""storage_options"":[""512GB""]}"
vodacom:DV6HD13396,vodacom,Vodacom,#E60000,DV6HD13396,Samsung Galaxy S26 Ultra 256GB 5G + Galaxy Buds 4 Pro,dv6hd13396,Samsung,smartphone,device_contract,2598,,,,,,,,,,in_stock,https://www.vodacom.co.za/shopping/deals,"Vodacom catalogue snapshot fetched on 2026-08-06; confirm partner pricing, stock, and terms before fulfilment.",2026-08-06T00:00:00Z,https://www.vodacom.co.za/shopping/deals,true,false,https://shop.vodacom.co.za/media/catalog/product/placeholder/stores/8/No_image.png,RED VIP 100GB,both,"{""package"":""RED VIP 100GB"",""tariff"":2598,""device_installment"":null,""source_sku"":""100023964"",""gallery"":[{""url"":""https://shop.vodacom.co.za/media/catalog/product/placeholder/stores/8/No_image.png"",""label"":""Samsung Galaxy S26 Ultra 256GB 5G + Galaxy Buds 4 Pro""},{""url"":""https://shop.vodacom.co.za/media/catalog/product/placeholder/stores/8/No_image_1.png"",""label"":""Samsung Galaxy S26 Ultra 256GB 5G + Galaxy Buds 4 Pro""}],""storage_options"":[""256GB""]}"
vodacom:DV6HD14774,vodacom,Vodacom,#E60000,DV6HD14774,Samsung Galaxy S26 Ultra 1TB 5G + Galaxy Watch 9 44mm LTE,dv6hd14774,Samsung,smartphone,device_contract,2008,,,,,,,,,,in_stock,https://www.vodacom.co.za/shopping/deals,"Vodacom catalogue snapshot fetched on 2026-08-06; confirm partner pricing, stock, and terms before fulfilment.",2026-08-06T00:00:00Z,https://www.vodacom.co.za/shopping/deals,true,false,https://shop.vodacom.co.za/media/catalog/product/placeholder/stores/8/No_image.png,Red Flexi 735,both,"{""package"":""Red Flexi 735"",""tariff"":735,""device_installment"":1273,""source_sku"":""100023968"",""gallery"":[{""url"":""https://shop.vodacom.co.za/media/catalog/product/placeholder/stores/8/No_image.png"",""label"":""Samsung Galaxy S26 Ultra 1TB 5G + Galaxy Watch 9 44mm LTE""},{""url"":""https://shop.vodacom.co.za/media/catalog/product/placeholder/stores/8/No_image_1.png"",""label"":""Samsung Galaxy S26 Ultra 1TB 5G + Galaxy Watch 9 44mm LTE""}],""storage_options"":[]}"
vodacom:DV6HD22607,vodacom,Vodacom,#E60000,DV6HD22607,HONOR 400 512GB 5G  (Top Up),dv6hd22607,Honor,smartphone,device_contract,679,,,,,,,,,,in_stock,https://www.vodacom.co.za/shopping/deals,"Vodacom catalogue snapshot fetched on 2026-08-06; confirm partner pricing, stock, and terms before fulfilment.",2026-08-06T00:00:00Z,https://www.vodacom.co.za/shopping/deals,true,false,https://shop.vodacom.co.za/media/catalog/product/placeholder/stores/8/No_image.png,RED Core 6GB 250min Top up ,both,"{""package"":""RED Core 6GB 250min Top up "",""tariff"":679,""device_installment"":null,""source_sku"":""100022865"",""gallery"":[{""url"":""https://shop.vodacom.co.za/media/catalog/product/placeholder/stores/8/No_image.png"",""label"":""HONOR 400 512GB 5G  (Top Up)""},{""url"":""https://shop.vodacom.co.za/media/catalog/product/placeholder/stores/8/No_image_1.png"",""label"":""HONOR 400 512GB 5G  (Top Up)""}],""storage_options"":[""512GB""]}"
vodacom:DV6GD24287,vodacom,Vodacom,#E60000,DV6GD24287,Samsung Galaxy Z Fold8 512GB 5G + Galaxy Watch 9 44mm LTE + Samsung 45w Charger  + FREE Wide Carbon Magnet Case,dv6gd24287,Samsung,smartphone,device_contract,2278,,,,,,,,,,in_stock,https://www.vodacom.co.za/shopping/deals,"Vodacom catalogue snapshot fetched on 2026-08-06; confirm partner pricing, stock, and terms before fulfilment.",2026-08-06T00:00:00Z,https://www.vodacom.co.za/shopping/deals,true,false,https://shop.vodacom.co.za/media/catalog/product/s/a/samsung_galaxy_z_fold8_512gb_5g_-_main_1__1.jpg?store=shop&image-type=image,Red Flexi 1110,both,"{""package"":""Red Flexi 1110"",""tariff"":1110,""device_installment"":1168,""source_sku"":""100024510"",""gallery"":[{""url"":""https://shop.vodacom.co.za/media/catalog/product/s/a/samsung_galaxy_z_fold8_512gb_5g_-_main_1__1.jpg?store=shop&image-type=image"",""label"":""Samsung Galaxy Z Fold8 512GB 5G + Galaxy Watch 9 44mm LTE + Samsung 45w Charger  + FREE Wide Carbon Magnet Case""},{""url"":""https://shop.vodacom.co.za/media/catalog/product/s/a/samsung_galaxy_z_fold8_512gb_5g_-_main_1__1.jpg?store=shop&image-type=small_image"",""label"":""Samsung Galaxy Z Fold8 512GB 5G + Galaxy Watch 9 44mm LTE + Samsung 45w Charger  + FREE Wide Carbon Magnet Case""}],""storage_options"":[""512GB""]}"
vodacom:DV6HD20002,vodacom,Vodacom,#E60000,DV6HD20002,2x Samsung Galaxy A37 256GB 5G  (Top Up),dv6hd20002,Vodacom,smartphone,device_contract,729,,,,,,,,,,in_stock,https://www.vodacom.co.za/shopping/deals,"Vodacom catalogue snapshot fetched on 2026-08-06; confirm partner pricing, stock, and terms before fulfilment.",2026-08-06T00:00:00Z,https://www.vodacom.co.za/shopping/deals,true,false,https://shop.vodacom.co.za/media/catalog/product/placeholder/stores/8/No_image.png,RED Core 1GB 50min Top up,both,"{""package"":""RED Core 1GB 50min Top up"",""tariff"":292,""device_installment"":437,""source_sku"":""100024075"",""gallery"":[{""url"":""https://shop.vodacom.co.za/media/catalog/product/placeholder/stores/8/No_image.png"",""label"":""2x Samsung Galaxy A37 256GB 5G  (Top Up)""},{""url"":""https://shop.vodacom.co.za/media/catalog/product/placeholder/stores/8/No_image_1.png"",""label"":""2x Samsung Galaxy A37 256GB 5G  (Top Up)""}],""storage_options"":[""256GB""]}"
vodacom:DV6HD07393,vodacom,Vodacom,#E60000,DV6HD07393,Apple iPhone 17 Pro 1TB 5G,dv6hd07393,Apple,smartphone,device_contract,2679,,,,,,,,,,in_stock,https://www.vodacom.co.za/shopping/deals,"Vodacom catalogue snapshot fetched on 2026-08-06; confirm partner pricing, stock, and terms before fulfilment.",2026-08-06T00:00:00Z,https://www.vodacom.co.za/shopping/deals,true,false,https://shop.vodacom.co.za/media/catalog/product/placeholder/stores/8/No_image.png,Red Flexi 1110,both,"{""package"":""Red Flexi 1110"",""tariff"":1110,""device_installment"":1569,""source_sku"":""100023763"",""gallery"":[{""url"":""https://shop.vodacom.co.za/media/catalog/product/placeholder/stores/8/No_image.png"",""label"":""Apple iPhone 17 Pro 1TB 5G""},{""url"":""https://shop.vodacom.co.za/media/catalog/product/placeholder/stores/8/No_image_1.png"",""label"":""Apple iPhone 17 Pro 1TB 5G""}],""storage_options"":[]}"
vodacom:DV6HD06007,vodacom,Vodacom,#E60000,DV6HD06007,HONOR X7e 128GB + Watch 2i + Buds X8i,dv6hd06007,Honor,smartphone,device_contract,639,,,,,,,,,,in_stock,https://www.vodacom.co.za/shopping/deals,"Vodacom catalogue snapshot fetched on 2026-08-06; confirm partner pricing, stock, and terms before fulfilment.",2026-08-06T00:00:00Z,https://www.vodacom.co.za/shopping/deals,true,false,https://shop.vodacom.co.za/media/catalog/product/placeholder/stores/8/No_image.png,RED Flexi 425,both,"{""package"":""RED Flexi 425"",""tariff"":425,""device_installment"":214,""source_sku"":""100024272"",""gallery"":[{""url"":""https://shop.vodacom.co.za/media/catalog/product/placeholder/stores/8/No_image.png"",""label"":""HONOR X7e 128GB + Watch 2i + Buds X8i""},{""url"":""https://shop.vodacom.co.za/media/catalog/product/placeholder/stores/8/No_image_1.png"",""label"":""HONOR X7e 128GB + Watch 2i + Buds X8i""}],""storage_options"":[""128GB""]}"
vodacom:DV6HD10469,vodacom,Vodacom,#E60000,DV6HD10469,Dell Pro 15 Essential Core(TM) 3 8/512GB + HUAWEI E5783-230A CAT7 Mi-Fi Router  (Top Up),dv6hd10469,Dell,laptop,device_contract,879,,,,,,,,,,in_stock,https://www.vodacom.co.za/shopping/deals,"Vodacom catalogue snapshot fetched on 2026-08-06; confirm partner pricing, stock, and terms before fulfilment.",2026-08-06T00:00:00Z,https://www.vodacom.co.za/shopping/deals,true,false,https://shop.vodacom.co.za/media/catalog/product/placeholder/stores/8/No_image.png,200GB Data Top up,both,"{""package"":""200GB Data Top up"",""tariff"":329,""device_installment"":550,""source_sku"":""100024111"",""gallery"":[{""url"":""https://shop.vodacom.co.za/media/catalog/product/placeholder/stores/8/No_image.png"",""label"":""Dell Pro 15 Essential Core(TM) 3 8/512GB + HUAWEI E5783-230A CAT7 Mi-Fi Router  (Top Up)""},{""url"":""https://shop.vodacom.co.za/media/catalog/product/placeholder/stores/8/No_image_1.png"",""label"":""Dell Pro 15 Essential Core(TM) 3 8/512GB + HUAWEI E5783-230A CAT7 Mi-Fi Router  (Top Up)""}],""storage_options"":[""512GB""]}"
vodacom:DV6HD07148,vodacom,Vodacom,#E60000,DV6HD07148,HONOR 600 Lite 256GB 5G  (Top Up),dv6hd07148,Honor,smartphone,device_contract,1049,,,,,,,,,,in_stock,https://www.vodacom.co.za/shopping/deals,"Vodacom catalogue snapshot fetched on 2026-08-06; confirm partner pricing, stock, and terms before fulfilment.",2026-08-06T00:00:00Z,https://www.vodacom.co.za/shopping/deals,true,false,https://shop.vodacom.co.za/media/catalog/product/placeholder/stores/8/No_image.png,RED Core 12GB 750min Top up ,both,"{""package"":""RED Core 12GB 750min Top up "",""tariff"":1049,""device_installment"":null,""source_sku"":""100024017"",""gallery"":[{""url"":""https://shop.vodacom.co.za/media/catalog/product/placeholder/stores/8/No_image.png"",""label"":""HONOR 600 Lite 256GB 5G  (Top Up)""},{""url"":""https://shop.vodacom.co.za/media/catalog/product/placeholder/stores/8/No_image_1.png"",""label"":""HONOR 600 Lite 256GB 5G  (Top Up)""}],""storage_options"":[""256GB""]}"
vodacom:DV6HD07972,vodacom,Vodacom,#E60000,DV6HD07972,Realme P4 Power 256GB 5G,dv6hd07972,Realme,smartphone,device_contract,749,,,,,,,,,,in_stock,https://www.vodacom.co.za/shopping/deals,"Vodacom catalogue snapshot fetched on 2026-08-06; confirm partner pricing, stock, and terms before fulfilment.",2026-08-06T00:00:00Z,https://www.vodacom.co.za/shopping/deals,true,false,https://shop.vodacom.co.za/media/catalog/product/placeholder/stores/8/No_image.png,RED Core 3GB 100min ,both,"{""package"":""RED Core 3GB 100min "",""tariff"":406,""device_installment"":343,""source_sku"":""100024611"",""gallery"":[{""url"":""https://shop.vodacom.co.za/media/catalog/product/placeholder/stores/8/No_image.png"",""label"":""Realme P4 Power 256GB 5G""},{""url"":""https://shop.vodacom.co.za/media/catalog/product/placeholder/stores/8/No_image_1.png"",""label"":""Realme P4 Power 256GB 5G""}],""storage_options"":[""256GB""]}"
vodacom:DV6HD19067,vodacom,Vodacom,#E60000,DV6HD19067,Samsung Galaxy S26+ 256GB 5G + Samsung 65-inch Smart TV (Voucher),dv6hd19067,Samsung,smartphone,device_contract,1608,,,,,,,,,,in_stock,https://www.vodacom.co.za/shopping/deals,"Vodacom catalogue snapshot fetched on 2026-08-06; confirm partner pricing, stock, and terms before fulfilment.",2026-08-06T00:00:00Z,https://www.vodacom.co.za/shopping/deals,true,false,https://shop.vodacom.co.za/media/catalog/product/placeholder/stores/8/No_image.png,RED Core 12GB 750min ,both,"{""package"":""RED Core 12GB 750min "",""tariff"":1161,""device_installment"":447,""source_sku"":""100023962"",""gallery"":[{""url"":""https://shop.vodacom.co.za/media/catalog/product/placeholder/stores/8/No_image.png"",""label"":""Samsung Galaxy S26+ 256GB 5G + Samsung 65-inch Smart TV (Voucher)""},{""url"":""https://shop.vodacom.co.za/media/catalog/product/placeholder/stores/8/No_image_1.png"",""label"":""Samsung Galaxy S26+ 256GB 5G + Samsung 65-inch Smart TV (Voucher)""}],""storage_options"":[""256GB""]}"
vodacom:DV6HD17589,vodacom,Vodacom,#E60000,DV6HD17589,Samsung Galaxy S25 Edge 256GB 5G with PowerBank  (Top Up),dv6hd17589,Samsung,smartphone,device_contract,1249,,,,,,,,,,in_stock,https://www.vodacom.co.za/shopping/deals,"Vodacom catalogue snapshot fetched on 2026-08-06; confirm partner pricing, stock, and terms before fulfilment.",2026-08-06T00:00:00Z,https://www.vodacom.co.za/shopping/deals,true,false,https://shop.vodacom.co.za/media/catalog/product/placeholder/stores/8/No_image.png,RED Core 12GB 750min Top up ,both,"{""package"":""RED Core 12GB 750min Top up "",""tariff"":1226,""device_installment"":23,""source_sku"":""100022961"",""gallery"":[{""url"":""https://shop.vodacom.co.za/media/catalog/product/placeholder/stores/8/No_image.png"",""label"":""Samsung Galaxy S25 Edge 256GB 5G with PowerBank  (Top Up)""},{""url"":""https://shop.vodacom.co.za/media/catalog/product/placeholder/stores/8/No_image_1.png"",""label"":""Samsung Galaxy S25 Edge 256GB 5G with PowerBank  (Top Up)""}],""storage_options"":[""256GB""]}"
vodacom:DV6HD19922,vodacom,Vodacom,#E60000,DV6HD19922,Samsung Galaxy S26+ 256GB 5G + Samsung Galaxy S26+ 256GB 5G  (Top Up),dv6hd19922,Samsung,smartphone,device_contract,2029,,,,,,,,,,in_stock,https://www.vodacom.co.za/shopping/deals,"Vodacom catalogue snapshot fetched on 2026-08-06; confirm partner pricing, stock, and terms before fulfilment.",2026-08-06T00:00:00Z,https://www.vodacom.co.za/shopping/deals,true,false,https://shop.vodacom.co.za/media/catalog/product/placeholder/stores/8/No_image.png,RED Core 6GB 250min Top up ,both,"{""package"":""RED Core 6GB 250min Top up "",""tariff"":794,""device_installment"":1235,""source_sku"":""100023962"",""gallery"":[{""url"":""https://shop.vodacom.co.za/media/catalog/product/placeholder/stores/8/No_image.png"",""label"":""Samsung Galaxy S26+ 256GB 5G + Samsung Galaxy S26+ 256GB 5G  (Top Up)""},{""url"":""https://shop.vodacom.co.za/media/catalog/product/placeholder/stores/8/No_image_1.png"",""label"":""Samsung Galaxy S26+ 256GB 5G + Samsung Galaxy S26+ 256GB 5G  (Top Up)""}],""storage_options"":[""256GB""]}"
vodacom:DV6HD18530,vodacom,Vodacom,#E60000,DV6HD18530,HUAWEI Mate 80 Pro 512GB,dv6hd18530,Huawei,smartphone,device_contract,819,,,,,,,,,,in_stock,https://www.vodacom.co.za/shopping/deals,"Vodacom catalogue snapshot fetched on 2026-08-06; confirm partner pricing, stock, and terms before fulfilment.",2026-08-06T00:00:00Z,https://www.vodacom.co.za/shopping/deals,true,false,https://shop.vodacom.co.za/media/catalog/product/placeholder/stores/8/No_image.png,RED Core 3GB 100min ,both,"{""package"":""RED Core 3GB 100min "",""tariff"":406,""device_installment"":413,""source_sku"":""100024394"",""gallery"":[{""url"":""https://shop.vodacom.co.za/media/catalog/product/placeholder/stores/8/No_image.png"",""label"":""HUAWEI Mate 80 Pro 512GB""},{""url"":""https://shop.vodacom.co.za/media/catalog/product/placeholder/stores/8/No_image_1.png"",""label"":""HUAWEI Mate 80 Pro 512GB""}],""storage_options"":[""512GB""]}"
vodacom:DV6HD08968,vodacom,Vodacom,#E60000,DV6HD08968,Samsung Galaxy A27 128GB 5G  + Samsung Galaxy Tab A11 64GB 4G,dv6hd08968,Samsung,smartphone,device_contract,1898,,,,,,,,,,in_stock,https://www.vodacom.co.za/shopping/deals,"Vodacom catalogue snapshot fetched on 2026-08-06; confirm partner pricing, stock, and terms before fulfilment.",2026-08-06T00:00:00Z,https://www.vodacom.co.za/shopping/deals,true,false,https://shop.vodacom.co.za/media/catalog/product/placeholder/stores/8/No_image.png,RED VIP 50GB,both,"{""package"":""RED VIP 50GB"",""tariff"":1898,""device_installment"":null,""source_sku"":""100024159"",""gallery"":[{""url"":""https://shop.vodacom.co.za/media/catalog/product/placeholder/stores/8/No_image.png"",""label"":""Samsung Galaxy A27 128GB 5G  + Samsung Galaxy Tab A11 64GB 4G""},{""url"":""https://shop.vodacom.co.za/media/catalog/product/placeholder/stores/8/No_image_1.png"",""label"":""Samsung Galaxy A27 128GB 5G  + Samsung Galaxy Tab A11 64GB 4G""}],""storage_options"":[""64GB"",""128GB""]}"
vodacom:DV6HD03342,vodacom,Vodacom,#E60000,DV6HD03342,OPPO Reno15 Pro 512GB 5G,dv6hd03342,Oppo,smartphone,device_contract,1249,,,,,,,,,,in_stock,https://www.vodacom.co.za/shopping/deals,"Vodacom catalogue snapshot fetched on 2026-08-06; confirm partner pricing, stock, and terms before fulfilment.",2026-08-06T00:00:00Z,https://www.vodacom.co.za/shopping/deals,true,false,https://shop.vodacom.co.za/media/catalog/product/placeholder/stores/8/No_image.png,Red Flexi 320,both,"{""package"":""Red Flexi 320"",""tariff"":320,""device_installment"":929,""source_sku"":""100024096"",""gallery"":[{""url"":""https://shop.vodacom.co.za/media/catalog/product/placeholder/stores/8/No_image.png"",""label"":""OPPO Reno15 Pro 512GB 5G""},{""url"":""https://shop.vodacom.co.za/media/catalog/product/placeholder/stores/8/No_image_1.png"",""label"":""OPPO Reno15 Pro 512GB 5G""}],""storage_options"":[""512GB""]}"
vodacom:DV6HD23336,vodacom,Vodacom,#E60000,DV6HD23336,HONOR 600 256GB 5G,dv6hd23336,Honor,smartphone,device_contract,619,,,,,,,,,,in_stock,https://www.vodacom.co.za/shopping/deals,"Vodacom catalogue snapshot fetched on 2026-08-06; confirm partner pricing, stock, and terms before fulfilment.",2026-08-06T00:00:00Z,https://www.vodacom.co.za/shopping/deals,true,false,https://shop.vodacom.co.za/media/catalog/product/placeholder/stores/8/No_image.png,RED Core 3GB 100min ,both,"{""package"":""RED Core 3GB 100min "",""tariff"":406,""device_installment"":213,""source_sku"":""100024233"",""gallery"":[{""url"":""https://shop.vodacom.co.za/media/catalog/product/placeholder/stores/8/No_image.png"",""label"":""HONOR 600 256GB 5G""},{""url"":""https://shop.vodacom.co.za/media/catalog/product/placeholder/stores/8/No_image_1.png"",""label"":""HONOR 600 256GB 5G""}],""storage_options"":[""256GB""]}"
vodacom:DV6HD10397,vodacom,Vodacom,#E60000,DV6HD10397,Samsung Galaxy Tab S11 Ultra 256GB 5G  (Top Up),dv6hd10397,Samsung,tablet,device_contract,1099,,,,,,,,,,in_stock,https://www.vodacom.co.za/shopping/deals,"Vodacom catalogue snapshot fetched on 2026-08-06; confirm partner pricing, stock, and terms before fulfilment.",2026-08-06T00:00:00Z,https://www.vodacom.co.za/shopping/deals,true,false,https://shop.vodacom.co.za/media/catalog/product/placeholder/stores/8/No_image.png,80GB Data Top up,both,"{""package"":""80GB Data Top up"",""tariff"":229,""device_installment"":870,""source_sku"":""100023450"",""gallery"":[{""url"":""https://shop.vodacom.co.za/media/catalog/product/placeholder/stores/8/No_image.png"",""label"":""Samsung Galaxy Tab S11 Ultra 256GB 5G  (Top Up)""},{""url"":""https://shop.vodacom.co.za/media/catalog/product/placeholder/stores/8/No_image_1.png"",""label"":""Samsung Galaxy Tab S11 Ultra 256GB 5G  (Top Up)""}],""storage_options"":[""256GB""]}"
vodacom:DV6HD12910,vodacom,Vodacom,#E60000,DV6HD12910,Apple iPhone 17e 256GB,dv6hd12910,Apple,smartphone,device_contract,2449,,,,,,,,,,in_stock,https://www.vodacom.co.za/shopping/deals,"Vodacom catalogue snapshot fetched on 2026-08-06; confirm partner pricing, stock, and terms before fulfilment.",2026-08-06T00:00:00Z,https://www.vodacom.co.za/shopping/deals,true,false,https://shop.vodacom.co.za/media/catalog/product/placeholder/stores/8/No_image.png,RED VIP 200GB,both,"{""package"":""RED VIP 200GB"",""tariff"":2449,""device_installment"":null,""source_sku"":""100024340"",""gallery"":[{""url"":""https://shop.vodacom.co.za/media/catalog/product/placeholder/stores/8/No_image.png"",""label"":""Apple iPhone 17e 256GB""},{""url"":""https://shop.vodacom.co.za/media/catalog/product/placeholder/stores/8/No_image_1.png"",""label"":""Apple iPhone 17e 256GB""}],""storage_options"":[""256GB""]}"
vodacom:DV6HD12153,vodacom,Vodacom,#E60000,DV6HD12153,Realme P4 Power 256GB 5G  + Realme Watch S2,dv6hd12153,Realme,smartphone,device_contract,598,,,,,,,,,,in_stock,https://www.vodacom.co.za/shopping/deals,"Vodacom catalogue snapshot fetched on 2026-08-06; confirm partner pricing, stock, and terms before fulfilment.",2026-08-06T00:00:00Z,https://www.vodacom.co.za/shopping/deals,true,false,https://shop.vodacom.co.za/media/catalog/product/placeholder/stores/8/No_image.png,Red Flexi 245,both,"{""package"":""Red Flexi 245"",""tariff"":245,""device_installment"":353,""source_sku"":""100024611"",""gallery"":[{""url"":""https://shop.vodacom.co.za/media/catalog/product/placeholder/stores/8/No_image.png"",""label"":""Realme P4 Power 256GB 5G  + Realme Watch S2""},{""url"":""https://shop.vodacom.co.za/media/catalog/product/placeholder/stores/8/No_image_1.png"",""label"":""Realme P4 Power 256GB 5G  + Realme Watch S2""}],""storage_options"":[""256GB""]}"
vodacom:DV6HD16250,vodacom,Vodacom,#E60000,DV6HD16250,HONOR Magic8 Pro 512GB 5G,dv6hd16250,Honor,smartphone,device_contract,1119,,,,,,,,,,in_stock,https://www.vodacom.co.za/shopping/deals,"Vodacom catalogue snapshot fetched on 2026-08-06; confirm partner pricing, stock, and terms before fulfilment.",2026-08-06T00:00:00Z,https://www.vodacom.co.za/shopping/deals,true,false,https://shop.vodacom.co.za/media/catalog/product/placeholder/stores/8/No_image.png,RED Flexi 425,both,"{""package"":""RED Flexi 425"",""tariff"":425,""device_installment"":694,""source_sku"":""100024002"",""gallery"":[{""url"":""https://shop.vodacom.co.za/media/catalog/product/placeholder/stores/8/No_image.png"",""label"":""HONOR Magic8 Pro 512GB 5G""},{""url"":""https://shop.vodacom.co.za/media/catalog/product/placeholder/stores/8/No_image_1.png"",""label"":""HONOR Magic8 Pro 512GB 5G""}],""storage_options"":[""512GB""]}"
vodacom:DV6HD18609,vodacom,Vodacom,#E60000,DV6HD18609,TCL 60R 128GB 5G,dv6hd18609,TCL,smartphone,device_contract,1469,,,,,,,,,,in_stock,https://www.vodacom.co.za/shopping/deals,"Vodacom catalogue snapshot fetched on 2026-08-06; confirm partner pricing, stock, and terms before fulfilment.",2026-08-06T00:00:00Z,https://www.vodacom.co.za/shopping/deals,true,false,https://shop.vodacom.co.za/media/catalog/product/placeholder/stores/8/No_image.png,RED VIP 50GB,both,"{""package"":""RED VIP 50GB"",""tariff"":1469,""device_installment"":null,""source_sku"":""100022879"",""gallery"":[{""url"":""https://shop.vodacom.co.za/media/catalog/product/placeholder/stores/8/No_image.png"",""label"":""TCL 60R 128GB 5G""},{""url"":""https://shop.vodacom.co.za/media/catalog/product/placeholder/stores/8/No_image_1.png"",""label"":""TCL 60R 128GB 5G""}],""storage_options"":[""128GB""]}"
vodacom:DV6HD09802,vodacom,Vodacom,#E60000,DV6HD09802,2x HUAWEI nova Y74S 8/128GB,dv6hd09802,Vodacom,smartphone,device_contract,889,,,,,,,,,,in_stock,https://www.vodacom.co.za/shopping/deals,"Vodacom catalogue snapshot fetched on 2026-08-06; confirm partner pricing, stock, and terms before fulfilment.",2026-08-06T00:00:00Z,https://www.vodacom.co.za/shopping/deals,true,false,https://shop.vodacom.co.za/media/catalog/product/placeholder/stores/8/No_image.png,RED Flexi 425,both,"{""package"":""RED Flexi 425"",""tariff"":425,""device_installment"":464,""source_sku"":""100024397"",""gallery"":[{""url"":""https://shop.vodacom.co.za/media/catalog/product/placeholder/stores/8/No_image.png"",""label"":""2x HUAWEI nova Y74S 8/128GB""},{""url"":""https://shop.vodacom.co.za/media/catalog/product/placeholder/stores/8/No_image_1.png"",""label"":""2x HUAWEI nova Y74S 8/128GB""}],""storage_options"":[""128GB""]}"
vodacom:DV6HD19638,vodacom,Vodacom,#E60000,DV6HD19638,Samsung Galaxy S26 Ultra 512GB 5G + Samsung Galaxy Tab S10 Lite 128GB 5G,dv6hd19638,Samsung,smartphone,device_contract,3198,,,,,,,,,,in_stock,https://www.vodacom.co.za/shopping/deals,"Vodacom catalogue snapshot fetched on 2026-08-06; confirm partner pricing, stock, and terms before fulfilment.",2026-08-06T00:00:00Z,https://www.vodacom.co.za/shopping/deals,true,false,https://shop.vodacom.co.za/media/catalog/product/placeholder/stores/8/No_image.png,RED VIP 200GB,both,"{""package"":""RED VIP 200GB"",""tariff"":3198,""device_installment"":null,""source_sku"":""100023966"",""gallery"":[{""url"":""https://shop.vodacom.co.za/media/catalog/product/placeholder/stores/8/No_image.png"",""label"":""Samsung Galaxy S26 Ultra 512GB 5G + Samsung Galaxy Tab S10 Lite 128GB 5G""},{""url"":""https://shop.vodacom.co.za/media/catalog/product/placeholder/stores/8/No_image_1.png"",""label"":""Samsung Galaxy S26 Ultra 512GB 5G + Samsung Galaxy Tab S10 Lite 128GB 5G""}],""storage_options"":[""128GB"",""512GB""]}"
vodacom:DV6HD08578,vodacom,Vodacom,#E60000,DV6HD08578,Nubia Neo 3 GT 256GB 5G,dv6hd08578,Nubia,smartphone,device_contract,1129,,,,,,,,,,in_stock,https://www.vodacom.co.za/shopping/deals,"Vodacom catalogue snapshot fetched on 2026-08-06; confirm partner pricing, stock, and terms before fulfilment.",2026-08-06T00:00:00Z,https://www.vodacom.co.za/shopping/deals,true,false,https://shop.vodacom.co.za/media/catalog/product/placeholder/stores/8/No_image.png,RED Core 12GB 750min ,both,"{""package"":""RED Core 12GB 750min "",""tariff"":1129,""device_installment"":null,""source_sku"":""100024105"",""gallery"":[{""url"":""https://shop.vodacom.co.za/media/catalog/product/placeholder/stores/8/No_image.png"",""label"":""Nubia Neo 3 GT 256GB 5G""},{""url"":""https://shop.vodacom.co.za/media/catalog/product/placeholder/stores/8/No_image_1.png"",""label"":""Nubia Neo 3 GT 256GB 5G""}],""storage_options"":[""256GB""]}"
vodacom:DV6GD23266,vodacom,Vodacom,#E60000,DV6GD23266,Samsung Galaxy Z Flip8 256GB 5G  + Samsung 45w Charger  + FREE Silicone Magnet Case,dv6gd23266,Samsung,smartphone,device_contract,3079,,,,,,,,,,in_stock,https://www.vodacom.co.za/shopping/deals,"Vodacom catalogue snapshot fetched on 2026-08-06; confirm partner pricing, stock, and terms before fulfilment.",2026-08-06T00:00:00Z,https://www.vodacom.co.za/shopping/deals,true,false,https://shop.vodacom.co.za/media/catalog/product/s/a/samsung_galaxy_z_flip8_256gb_5g_-_main_1__1.jpg?store=shop&image-type=image,RED VIP 200GB,both,"{""package"":""RED VIP 200GB"",""tariff"":3079,""device_installment"":null,""source_sku"":""100024504"",""gallery"":[{""url"":""https://shop.vodacom.co.za/media/catalog/product/s/a/samsung_galaxy_z_flip8_256gb_5g_-_main_1__1.jpg?store=shop&image-type=image"",""label"":""Samsung Galaxy Z Flip8 256GB 5G  + Samsung 45w Charger  + FREE Silicone Magnet Case""},{""url"":""https://shop.vodacom.co.za/media/catalog/product/s/a/samsung_galaxy_z_flip8_256gb_5g_-_main_1__1.jpg?store=shop&image-type=small_image"",""label"":""Samsung Galaxy Z Flip8 256GB 5G  + Samsung 45w Charger  + FREE Silicone Magnet Case""}],""storage_options"":[""256GB""]}"
vodacom:DV6HD20964,vodacom,Vodacom,#E60000,DV6HD20964,2x HONOR X6d 256GB 5G,dv6hd20964,Vodacom,smartphone,device_contract,479,,,,,,,,,,in_stock,https://www.vodacom.co.za/shopping/deals,"Vodacom catalogue snapshot fetched on 2026-08-06; confirm partner pricing, stock, and terms before fulfilment.",2026-08-06T00:00:00Z,https://www.vodacom.co.za/shopping/deals,true,false,https://shop.vodacom.co.za/media/catalog/product/placeholder/stores/8/No_image.png,RED Core 1GB 50min ,both,"{""package"":""RED Core 1GB 50min "",""tariff"":276,""device_installment"":203,""source_sku"":""100024016"",""gallery"":[{""url"":""https://shop.vodacom.co.za/media/catalog/product/placeholder/stores/8/No_image.png"",""label"":""2x HONOR X6d 256GB 5G""},{""url"":""https://shop.vodacom.co.za/media/catalog/product/placeholder/stores/8/No_image_1.png"",""label"":""2x HONOR X6d 256GB 5G""}],""storage_options"":[""256GB""]}"
vodacom:DV6HD23004,vodacom,Vodacom,#E60000,DV6HD23004,Nubia Neo 3 GT 256GB 5G  (Top Up),dv6hd23004,Nubia,smartphone,device_contract,579,,,,,,,,,,in_stock,https://www.vodacom.co.za/shopping/deals,"Vodacom catalogue snapshot fetched on 2026-08-06; confirm partner pricing, stock, and terms before fulfilment.",2026-08-06T00:00:00Z,https://www.vodacom.co.za/shopping/deals,true,false,https://shop.vodacom.co.za/media/catalog/product/placeholder/stores/8/No_image.png,RED Core 3GB 100min Top up ,both,"{""package"":""RED Core 3GB 100min Top up "",""tariff"":443,""device_installment"":136,""source_sku"":""100024105"",""gallery"":[{""url"":""https://shop.vodacom.co.za/media/catalog/product/placeholder/stores/8/No_image.png"",""label"":""Nubia Neo 3 GT 256GB 5G  (Top Up)""},{""url"":""https://shop.vodacom.co.za/media/catalog/product/placeholder/stores/8/No_image_1.png"",""label"":""Nubia Neo 3 GT 256GB 5G  (Top Up)""}],""storage_options"":[""256GB""]}"
vodacom:DV6GD22218,vodacom,Vodacom,#E60000,DV6GD22218,Samsung Galaxy Z Fold8 Ultra 512GB 5G  + Samsung 45w Charger  + FREE Carbon Magnet Case,dv6gd22218,Samsung,smartphone,device_contract,2779,,,,,,,,,,in_stock,https://www.vodacom.co.za/shopping/deals,"Vodacom catalogue snapshot fetched on 2026-08-06; confirm partner pricing, stock, and terms before fulfilment.",2026-08-06T00:00:00Z,https://www.vodacom.co.za/shopping/deals,true,false,https://shop.vodacom.co.za/media/catalog/product/s/a/samsung_galaxy_z_fold8_ultra_512gb_5g_-_top_2__1.jpg?store=shop&image-type=image,Red Flexi 735,both,"{""package"":""Red Flexi 735"",""tariff"":735,""device_installment"":2044,""source_sku"":""100024507"",""gallery"":[{""url"":""https://shop.vodacom.co.za/media/catalog/product/s/a/samsung_galaxy_z_fold8_ultra_512gb_5g_-_top_2__1.jpg?store=shop&image-type=image"",""label"":""Samsung Galaxy Z Fold8 Ultra 512GB 5G  + Samsung 45w Charger  + FREE Carbon Magnet Case""},{""url"":""https://shop.vodacom.co.za/media/catalog/product/s/a/samsung_galaxy_z_fold8_ultra_512gb_5g_-_top_2__1.jpg?store=shop&image-type=small_image"",""label"":""Samsung Galaxy Z Fold8 Ultra 512GB 5G  + Samsung 45w Charger  + FREE Carbon Magnet Case""}],""storage_options"":[""512GB""]}"
vodacom:DV6HD21355,vodacom,Vodacom,#E60000,DV6HD21355,2x HONOR X6d 256GB 5G,dv6hd21355,Vodacom,smartphone,device_contract,599,,,,,,,,,,in_stock,https://www.vodacom.co.za/shopping/deals,"Vodacom catalogue snapshot fetched on 2026-08-06; confirm partner pricing, stock, and terms before fulfilment.",2026-08-06T00:00:00Z,https://www.vodacom.co.za/shopping/deals,true,false,https://shop.vodacom.co.za/media/catalog/product/placeholder/stores/8/No_image.png,RED Core 3GB 100min ,both,"{""package"":""RED Core 3GB 100min "",""tariff"":406,""device_installment"":193,""source_sku"":""100024016"",""gallery"":[{""url"":""https://shop.vodacom.co.za/media/catalog/product/placeholder/stores/8/No_image.png"",""label"":""2x HONOR X6d 256GB 5G""},{""url"":""https://shop.vodacom.co.za/media/catalog/product/placeholder/stores/8/No_image_1.png"",""label"":""2x HONOR X6d 256GB 5G""}],""storage_options"":[""256GB""]}"
vodacom:DV6HD13315,vodacom,Vodacom,#E60000,DV6HD13315,HUAWEI nova 14 256GB,dv6hd13315,Huawei,smartphone,device_contract,1929,,,,,,,,,,in_stock,https://www.vodacom.co.za/shopping/deals,"Vodacom catalogue snapshot fetched on 2026-08-06; confirm partner pricing, stock, and terms before fulfilment.",2026-08-06T00:00:00Z,https://www.vodacom.co.za/shopping/deals,true,false,https://shop.vodacom.co.za/media/catalog/product/placeholder/stores/8/No_image.png,RED VIP 100GB,both,"{""package"":""RED VIP 100GB"",""tariff"":1929,""device_installment"":null,""source_sku"":""100023651"",""gallery"":[{""url"":""https://shop.vodacom.co.za/media/catalog/product/placeholder/stores/8/No_image.png"",""label"":""HUAWEI nova 14 256GB""},{""url"":""https://shop.vodacom.co.za/media/catalog/product/placeholder/stores/8/No_image_1.png"",""label"":""HUAWEI nova 14 256GB""}],""storage_options"":[""256GB""]}"
vodacom:DV6HD09808,vodacom,Vodacom,#E60000,DV6HD09808,2x vivo Y31 256GB 5G,dv6hd09808,Vodacom,smartphone,device_contract,1189,,,,,,,,,,in_stock,https://www.vodacom.co.za/shopping/deals,"Vodacom catalogue snapshot fetched on 2026-08-06; confirm partner pricing, stock, and terms before fulfilment.",2026-08-06T00:00:00Z,https://www.vodacom.co.za/shopping/deals,true,false,https://shop.vodacom.co.za/media/catalog/product/placeholder/stores/8/No_image.png,RED Flexi 425,both,"{""package"":""RED Flexi 425"",""tariff"":425,""device_installment"":764,""source_sku"":""100024097"",""gallery"":[{""url"":""https://shop.vodacom.co.za/media/catalog/product/placeholder/stores/8/No_image.png"",""label"":""2x vivo Y31 256GB 5G""},{""url"":""https://shop.vodacom.co.za/media/catalog/product/placeholder/stores/8/No_image_1.png"",""label"":""2x vivo Y31 256GB 5G""}],""storage_options"":[""256GB""]}"
vodacom:DV6HD09785,vodacom,Vodacom,#E60000,DV6HD09785,2x Samsung Galaxy S25FE 256GB 5G,dv6hd09785,Vodacom,smartphone,device_contract,1699,,,,,,,,,,in_stock,https://www.vodacom.co.za/shopping/deals,"Vodacom catalogue snapshot fetched on 2026-08-06; confirm partner pricing, stock, and terms before fulfilment.",2026-08-06T00:00:00Z,https://www.vodacom.co.za/shopping/deals,true,false,https://shop.vodacom.co.za/media/catalog/product/placeholder/stores/8/No_image.png,RED Core 6GB 250min ,both,"{""package"":""RED Core 6GB 250min "",""tariff"":730,""device_installment"":969,""source_sku"":""100023373"",""gallery"":[{""url"":""https://shop.vodacom.co.za/media/catalog/product/placeholder/stores/8/No_image.png"",""label"":""2x Samsung Galaxy S25FE 256GB 5G""},{""url"":""https://shop.vodacom.co.za/media/catalog/product/placeholder/stores/8/No_image_1.png"",""label"":""2x Samsung Galaxy S25FE 256GB 5G""}],""storage_options"":[""256GB""]}"
vodacom:DV6GD24849,vodacom,Vodacom,#E60000,DV6GD24849,Samsung Galaxy Z Fold8 Ultra 1TB 5G  + FREE Carbon Magnet Case + Galaxy Watch 9 40mm LTE + Samsung 45w Charger  + Galaxy Buds 4 (Top Up),dv6gd24849,Samsung,smartphone,device_contract,2418,,,,,,,,,,in_stock,https://www.vodacom.co.za/shopping/deals,"Vodacom catalogue snapshot fetched on 2026-08-06; confirm partner pricing, stock, and terms before fulfilment.",2026-08-06T00:00:00Z,https://www.vodacom.co.za/shopping/deals,true,false,https://shop.vodacom.co.za/media/catalog/product/placeholder/stores/8/No_image.png,RED Core 12GB 250min Top up ,both,"{""package"":""RED Core 12GB 250min Top up "",""tariff"":1010,""device_installment"":1408,""source_sku"":""100024508"",""gallery"":[{""url"":""https://shop.vodacom.co.za/media/catalog/product/placeholder/stores/8/No_image.png"",""label"":""Samsung Galaxy Z Fold8 Ultra 1TB 5G  + FREE Carbon Magnet Case + Galaxy Watch 9 40mm LTE + Samsung 45w Charger  + Galaxy Buds 4 (Top Up)""},{""url"":""https://shop.vodacom.co.za/media/catalog/product/placeholder/stores/8/No_image_1.png"",""label"":""Samsung Galaxy Z Fold8 Ultra 1TB 5G  + FREE Carbon Magnet Case + Galaxy Watch 9 40mm LTE + Samsung 45w Charger  + Galaxy Buds 4 (Top Up)""}],""storage_options"":[]}"
vodacom:DV6HB00244,vodacom,Vodacom,#E60000,DV6HB00244,Apple iPhone 15 128GB 5G + Apple iPad 11-inch Wi-Fi 128GB (A16 chip),dv6hb00244,Apple,smartphone,device_contract,1429,,,,,,,,,,in_stock,https://www.vodacom.co.za/shopping/deals,"Vodacom catalogue snapshot fetched on 2026-08-06; confirm partner pricing, stock, and terms before fulfilment.",2026-08-06T00:00:00Z,https://www.vodacom.co.za/shopping/deals,true,false,https://shop.vodacom.co.za/media/catalog/product/placeholder/stores/8/No_image.png,Red Flexi 735,both,"{""package"":""Red Flexi 735"",""tariff"":735,""device_installment"":694,""source_sku"":""100021503"",""gallery"":[{""url"":""https://shop.vodacom.co.za/media/catalog/product/placeholder/stores/8/No_image.png"",""label"":""Apple iPhone 15 128GB\u00a05G + Apple iPad 11-inch Wi-Fi 128GB (A16 chip)""},{""url"":""https://shop.vodacom.co.za/media/catalog/product/placeholder/stores/8/No_image_1.png"",""label"":""Apple iPhone 15 128GB\u00a05G + Apple iPad 11-inch Wi-Fi 128GB (A16 chip)""}],""storage_options"":[""128GB""]}"
vodacom:DV6GD24837,vodacom,Vodacom,#E60000,DV6GD24837,Samsung Galaxy Z Fold8 256GB 5G  + Galaxy Buds 4 + Galaxy Watch 9 40mm LTE + FREE Wide Carbon Magnet Case + Samsung 45w Charger  (Top Up),dv6gd24837,Samsung,smartphone,device_contract,1868,,,,,,,,,,in_stock,https://www.vodacom.co.za/shopping/deals,"Vodacom catalogue snapshot fetched on 2026-08-06; confirm partner pricing, stock, and terms before fulfilment.",2026-08-06T00:00:00Z,https://www.vodacom.co.za/shopping/deals,true,false,https://shop.vodacom.co.za/media/catalog/product/s/a/samsung_galaxy_z_fold8_256gb_5g_-_main_1__1.jpg?store=shop&image-type=image,RED Core 6GB 250min Top up ,both,"{""package"":""RED Core 6GB 250min Top up "",""tariff"":794,""device_installment"":1074,""source_sku"":""100024509"",""gallery"":[{""url"":""https://shop.vodacom.co.za/media/catalog/product/s/a/samsung_galaxy_z_fold8_256gb_5g_-_main_1__1.jpg?store=shop&image-type=image"",""label"":""Samsung Galaxy Z Fold8 256GB 5G  + Galaxy Buds 4 + Galaxy Watch 9 40mm LTE + FREE Wide Carbon Magnet Case + Samsung 45w Charger  (Top Up)""},{""url"":""https://shop.vodacom.co.za/media/catalog/product/s/a/samsung_galaxy_z_fold8_256gb_5g_-_main_1__1.jpg?store=shop&image-type=small_image"",""label"":""Samsung Galaxy Z Fold8 256GB 5G  + Galaxy Buds 4 + Galaxy Watch 9 40mm LTE + FREE Wide Carbon Magnet Case + Samsung 45w Charger  (Top Up)""}],""storage_options"":[""256GB""]}"
vodacom:DV6HD23382,vodacom,Vodacom,#E60000,DV6HD23382,Apple iPhone 16e 128GB   (Top Up),dv6hd23382,Apple,smartphone,device_contract,479,,,,,,,,,,in_stock,https://www.vodacom.co.za/shopping/deals,"Vodacom catalogue snapshot fetched on 2026-08-06; confirm partner pricing, stock, and terms before fulfilment.",2026-08-06T00:00:00Z,https://www.vodacom.co.za/shopping/deals,true,false,https://shop.vodacom.co.za/media/catalog/product/placeholder/stores/8/No_image.png,RED Core 1GB 50min Top up,both,"{""package"":""RED Core 1GB 50min Top up"",""tariff"":292,""device_installment"":187,""source_sku"":""100022907"",""gallery"":[{""url"":""https://shop.vodacom.co.za/media/catalog/product/placeholder/stores/8/No_image.png"",""label"":""Apple iPhone 16e 128GB   (Top Up)""},{""url"":""https://shop.vodacom.co.za/media/catalog/product/placeholder/stores/8/No_image_1.png"",""label"":""Apple iPhone 16e 128GB   (Top Up)""}],""storage_options"":[""128GB""]}"
vodacom:DV6GD22887,vodacom,Vodacom,#E60000,DV6GD22887,Samsung Galaxy Z Flip8 256GB 5G  + Samsung 45w Charger  + Galaxy Watch 9 40mm BT + FREE Silicone Magnet Case,dv6gd22887,Samsung,smartphone,device_contract,2208,,,,,,,,,,in_stock,https://www.vodacom.co.za/shopping/deals,"Vodacom catalogue snapshot fetched on 2026-08-06; confirm partner pricing, stock, and terms before fulfilment.",2026-08-06T00:00:00Z,https://www.vodacom.co.za/shopping/deals,true,false,https://shop.vodacom.co.za/media/catalog/product/s/a/samsung_galaxy_z_flip8_256gb_5g_-_main_1__1.jpg?store=shop&image-type=image,Red Flexi 1110,both,"{""package"":""Red Flexi 1110"",""tariff"":1110,""device_installment"":1098,""source_sku"":""100024504"",""gallery"":[{""url"":""https://shop.vodacom.co.za/media/catalog/product/s/a/samsung_galaxy_z_flip8_256gb_5g_-_main_1__1.jpg?store=shop&image-type=image"",""label"":""Samsung Galaxy Z Flip8 256GB 5G  + Samsung 45w Charger  + Galaxy Watch 9 40mm BT + FREE Silicone Magnet Case""},{""url"":""https://shop.vodacom.co.za/media/catalog/product/s/a/samsung_galaxy_z_flip8_256gb_5g_-_main_1__1.jpg?store=shop&image-type=small_image"",""label"":""Samsung Galaxy Z Flip8 256GB 5G  + Samsung 45w Charger  + Galaxy Watch 9 40mm BT + FREE Silicone Magnet Case""}],""storage_options"":[""256GB""]}"
vodacom:DV6HD09661,vodacom,Vodacom,#E60000,DV6HD09661,Samsung Galaxy S26 256GB 5G + Samsung Galaxy Tab S10 Lite 128GB 5G  (Top Up),dv6hd09661,Samsung,smartphone,device_contract,1308,,,,,,,,,,in_stock,https://www.vodacom.co.za/shopping/deals,"Vodacom catalogue snapshot fetched on 2026-08-06; confirm partner pricing, stock, and terms before fulfilment.",2026-08-06T00:00:00Z,https://www.vodacom.co.za/shopping/deals,true,false,https://shop.vodacom.co.za/media/catalog/product/placeholder/stores/8/No_image.png,RED Core 3GB 100min Top up ,both,"{""package"":""RED Core 3GB 100min Top up "",""tariff"":443,""device_installment"":865,""source_sku"":""100023958"",""gallery"":[{""url"":""https://shop.vodacom.co.za/media/catalog/product/placeholder/stores/8/No_image.png"",""label"":""Samsung Galaxy S26 256GB 5G + Samsung Galaxy Tab S10 Lite 128GB 5G  (Top Up)""},{""url"":""https://shop.vodacom.co.za/media/catalog/product/placeholder/stores/8/No_image_1.png"",""label"":""Samsung Galaxy S26 256GB 5G + Samsung Galaxy Tab S10 Lite 128GB 5G  (Top Up)""}],""storage_options"":[""128GB"",""256GB""]}"
vodacom:DV6GD24589,vodacom,Vodacom,#E60000,DV6GD24589,Samsung Galaxy Z Fold8 512GB 5G + FREE Wide Carbon Magnet Case + Galaxy Watch 9 44mm BT + Samsung 45w Charger,dv6gd24589,Samsung,smartphone,device_contract,3328,,,,,,,,,,in_stock,https://www.vodacom.co.za/shopping/deals,"Vodacom catalogue snapshot fetched on 2026-08-06; confirm partner pricing, stock, and terms before fulfilment.",2026-08-06T00:00:00Z,https://www.vodacom.co.za/shopping/deals,true,false,https://shop.vodacom.co.za/media/catalog/product/s/a/samsung_galaxy_z_fold8_512gb_5g_-_main_1__1.jpg?store=shop&image-type=image,RED VIP 200GB,both,"{""package"":""RED VIP 200GB"",""tariff"":3328,""device_installment"":null,""source_sku"":""100024510"",""gallery"":[{""url"":""https://shop.vodacom.co.za/media/catalog/product/s/a/samsung_galaxy_z_fold8_512gb_5g_-_main_1__1.jpg?store=shop&image-type=image"",""label"":""Samsung Galaxy Z Fold8 512GB 5G + FREE Wide Carbon Magnet Case + Galaxy Watch 9 44mm BT + Samsung 45w Charger ""},{""url"":""https://shop.vodacom.co.za/media/catalog/product/s/a/samsung_galaxy_z_fold8_512gb_5g_-_main_1__1.jpg?store=shop&image-type=small_image"",""label"":""Samsung Galaxy Z Fold8 512GB 5G + FREE Wide Carbon Magnet Case + Galaxy Watch 9 44mm BT + Samsung 45w Charger""}],""storage_options"":[""512GB""]}"
vodacom:DV6HD13687,vodacom,Vodacom,#E60000,DV6HD13687,Samsung Galaxy S26 256GB 5G,dv6hd13687,Samsung,smartphone,device_contract,949,,,,,,,,,,in_stock,https://www.vodacom.co.za/shopping/deals,"Vodacom catalogue snapshot fetched on 2026-08-06; confirm partner pricing, stock, and terms before fulfilment.",2026-08-06T00:00:00Z,https://www.vodacom.co.za/shopping/deals,true,false,https://shop.vodacom.co.za/media/catalog/product/placeholder/stores/8/No_image.png,Red Flexi 545,both,"{""package"":""Red Flexi 545"",""tariff"":545,""device_installment"":404,""source_sku"":""100023958"",""gallery"":[{""url"":""https://shop.vodacom.co.za/media/catalog/product/placeholder/stores/8/No_image.png"",""label"":""Samsung Galaxy S26 256GB 5G""},{""url"":""https://shop.vodacom.co.za/media/catalog/product/placeholder/stores/8/No_image_1.png"",""label"":""Samsung Galaxy S26 256GB 5G""}],""storage_options"":[""256GB""]}"
vodacom:DV6GD22219,vodacom,Vodacom,#E60000,DV6GD22219,Samsung Galaxy Z Fold8 Ultra 512GB 5G  + Samsung 45w Charger  + FREE Carbon Magnet Case + Galaxy Watch 9 40mm LTE,dv6gd22219,Samsung,smartphone,device_contract,3008,,,,,,,,,,in_stock,https://www.vodacom.co.za/shopping/deals,"Vodacom catalogue snapshot fetched on 2026-08-06; confirm partner pricing, stock, and terms before fulfilment.",2026-08-06T00:00:00Z,https://www.vodacom.co.za/shopping/deals,true,false,https://shop.vodacom.co.za/media/catalog/product/s/a/samsung_galaxy_z_fold8_ultra_512gb_5g_-_top_2__1.jpg?store=shop&image-type=image,Red Flexi 735,both,"{""package"":""Red Flexi 735"",""tariff"":735,""device_installment"":2273,""source_sku"":""100024507"",""gallery"":[{""url"":""https://shop.vodacom.co.za/media/catalog/product/s/a/samsung_galaxy_z_fold8_ultra_512gb_5g_-_top_2__1.jpg?store=shop&image-type=image"",""label"":""Samsung Galaxy Z Fold8 Ultra 512GB 5G  + Samsung 45w Charger  + FREE Carbon Magnet Case + Galaxy Watch 9 40mm LTE""},{""url"":""https://shop.vodacom.co.za/media/catalog/product/s/a/samsung_galaxy_z_fold8_ultra_512gb_5g_-_top_2__1.jpg?store=shop&image-type=small_image"",""label"":""Samsung Galaxy Z Fold8 Ultra 512GB 5G  + Samsung 45w Charger  + FREE Carbon Magnet Case + Galaxy Watch 9 40mm LTE""}],""storage_options"":[""512GB""]}"
vodacom:DV6HD12943,vodacom,Vodacom,#E60000,DV6HD12943,Samsung Galaxy S26 Ultra 256GB 5G + Samsung 65-inch AI TV (Voucher),dv6hd12943,Samsung,smartphone,device_contract,3098,,,,,,,,,,in_stock,https://www.vodacom.co.za/shopping/deals,"Vodacom catalogue snapshot fetched on 2026-08-06; confirm partner pricing, stock, and terms before fulfilment.",2026-08-06T00:00:00Z,https://www.vodacom.co.za/shopping/deals,true,false,https://shop.vodacom.co.za/media/catalog/product/placeholder/stores/8/No_image.png,RED VIP 200GB,both,"{""package"":""RED VIP 200GB"",""tariff"":3098,""device_installment"":null,""source_sku"":""100023964"",""gallery"":[{""url"":""https://shop.vodacom.co.za/media/catalog/product/placeholder/stores/8/No_image.png"",""label"":""Samsung Galaxy S26 Ultra 256GB 5G + Samsung 65-inch AI TV (Voucher)""},{""url"":""https://shop.vodacom.co.za/media/catalog/product/placeholder/stores/8/No_image_1.png"",""label"":""Samsung Galaxy S26 Ultra 256GB 5G + Samsung 65-inch AI TV (Voucher)""}],""storage_options"":[""256GB""]}"
vodacom:DV6GD23168,vodacom,Vodacom,#E60000,DV6GD23168,Samsung Galaxy Z Fold8 Ultra 1TB 5G  + Samsung 45w Charger  + Galaxy Watch 9 44mm LTE + FREE Carbon Magnet Case,dv6gd23168,Samsung,smartphone,device_contract,3098,,,,,,,,,,in_stock,https://www.vodacom.co.za/shopping/deals,"Vodacom catalogue snapshot fetched on 2026-08-06; confirm partner pricing, stock, and terms before fulfilment.",2026-08-06T00:00:00Z,https://www.vodacom.co.za/shopping/deals,true,false,https://shop.vodacom.co.za/media/catalog/product/s/a/samsung_galaxy_z_fold8_ultra_512gb_5g_-_top_1__1_1.jpg?store=shop&image-type=image,Red Flexi 545,both,"{""package"":""Red Flexi 545"",""tariff"":545,""device_installment"":2553,""source_sku"":""100024508"",""gallery"":[{""url"":""https://shop.vodacom.co.za/media/catalog/product/s/a/samsung_galaxy_z_fold8_ultra_512gb_5g_-_top_1__1_1.jpg?store=shop&image-type=image"",""label"":""Samsung Galaxy Z Fold8 Ultra 1TB 5G  + Samsung 45w Charger  + Galaxy Watch 9 44mm LTE + FREE Carbon Magnet Case""},{""url"":""https://shop.vodacom.co.za/media/catalog/product/s/a/samsung_galaxy_z_fold8_ultra_512gb_5g_-_top_1__1_1.jpg?store=shop&image-type=small_image"",""label"":""Samsung Galaxy Z Fold8 Ultra 1TB 5G  + Samsung 45w Charger  + Galaxy Watch 9 44mm LTE + FREE Carbon Magnet Case""}],""storage_options"":[]}"
vodacom:DV6HD17131,vodacom,Vodacom,#E60000,DV6HD17131,Samsung Galaxy A57 256GB 5G + Galaxy Fit3 with Buds Core,dv6hd17131,Samsung,smartphone,device_contract,1028,,,,,,,,,,in_stock,https://www.vodacom.co.za/shopping/deals,"Vodacom catalogue snapshot fetched on 2026-08-06; confirm partner pricing, stock, and terms before fulfilment.",2026-08-06T00:00:00Z,https://www.vodacom.co.za/shopping/deals,true,false,https://shop.vodacom.co.za/media/catalog/product/placeholder/stores/8/No_image.png,RED Core 12GB 750min ,both,"{""package"":""RED Core 12GB 750min "",""tariff"":1028,""device_installment"":null,""source_sku"":""100024076"",""gallery"":[{""url"":""https://shop.vodacom.co.za/media/catalog/product/placeholder/stores/8/No_image.png"",""label"":""Samsung Galaxy A57 256GB 5G + Galaxy Fit3 with Buds Core""},{""url"":""https://shop.vodacom.co.za/media/catalog/product/placeholder/stores/8/No_image_1.png"",""label"":""Samsung Galaxy A57 256GB 5G + Galaxy Fit3 with Buds Core""}],""storage_options"":[""256GB""]}"
vodacom:DV6GD24522,vodacom,Vodacom,#E60000,DV6GD24522,Samsung Galaxy Z Fold8 256GB 5G  + Samsung 45w Charger  + FREE Wide Carbon Magnet Case + Galaxy Watch 9 44mm LTE (Top Up),dv6gd24522,Samsung,smartphone,device_contract,1748,,,,,,,,,,in_stock,https://www.vodacom.co.za/shopping/deals,"Vodacom catalogue snapshot fetched on 2026-08-06; confirm partner pricing, stock, and terms before fulfilment.",2026-08-06T00:00:00Z,https://www.vodacom.co.za/shopping/deals,true,false,https://shop.vodacom.co.za/media/catalog/product/1/0/104081473_front_back_2.png?store=shop&image-type=image,RED 4GB 250min Top up,both,"{""package"":""RED 4GB 250min Top up"",""tariff"":659,""device_installment"":1089,""source_sku"":""100024509"",""gallery"":[{""url"":""https://shop.vodacom.co.za/media/catalog/product/1/0/104081473_front_back_2.png?store=shop&image-type=image"",""label"":""Samsung Galaxy Z Fold8 256GB 5G  + Samsung 45w Charger  + FREE Wide Carbon Magnet Case + Galaxy Watch 9 44mm LTE (Top Up)""},{""url"":""https://shop.vodacom.co.za/media/catalog/product/1/0/104081473_front_back_2.png?store=shop&image-type=small_image"",""label"":""Samsung Galaxy Z Fold8 256GB 5G  + Samsung 45w Charger  + FREE Wide Carbon Magnet Case + Galaxy Watch 9 44mm LTE (Top Up)""}],""storage_options"":[""256GB""]}"
vodacom:DV6HD08799,vodacom,Vodacom,#E60000,DV6HD08799,2x Samsung Galaxy A37 256GB 5G,dv6hd08799,Vodacom,smartphone,device_contract,1049,,,,,,,,,,in_stock,https://www.vodacom.co.za/shopping/deals,"Vodacom catalogue snapshot fetched on 2026-08-06; confirm partner pricing, stock, and terms before fulfilment.",2026-08-06T00:00:00Z,https://www.vodacom.co.za/shopping/deals,true,false,https://shop.vodacom.co.za/media/catalog/product/placeholder/stores/8/No_image.png,Red Flexi 320,both,"{""package"":""Red Flexi 320"",""tariff"":320,""device_installment"":729,""source_sku"":""100024075"",""gallery"":[{""url"":""https://shop.vodacom.co.za/media/catalog/product/placeholder/stores/8/No_image.png"",""label"":""2x Samsung Galaxy A37 256GB 5G""},{""url"":""https://shop.vodacom.co.za/media/catalog/product/placeholder/stores/8/No_image_1.png"",""label"":""2x Samsung Galaxy A37 256GB 5G""}],""storage_options"":[""256GB""]}"
vodacom:DV6HD14785,vodacom,Vodacom,#E60000,DV6HD14785,Apple iPhone 17 Pro 1TB 5G,dv6hd14785,Apple,smartphone,device_contract,1599,,,,,,,,,,in_stock,https://www.vodacom.co.za/shopping/deals,"Vodacom catalogue snapshot fetched on 2026-08-06; confirm partner pricing, stock, and terms before fulfilment.",2026-08-06T00:00:00Z,https://www.vodacom.co.za/shopping/deals,true,false,https://shop.vodacom.co.za/media/catalog/product/placeholder/stores/8/No_image.png,RED Core 6GB 250min ,both,"{""package"":""RED Core 6GB 250min "",""tariff"":730,""device_installment"":869,""source_sku"":""100023763"",""gallery"":[{""url"":""https://shop.vodacom.co.za/media/catalog/product/placeholder/stores/8/No_image.png"",""label"":""Apple iPhone 17 Pro 1TB 5G""},{""url"":""https://shop.vodacom.co.za/media/catalog/product/placeholder/stores/8/No_image_1.png"",""label"":""Apple iPhone 17 Pro 1TB 5G""}],""storage_options"":[]}"
vodacom:DV6HB00343,vodacom,Vodacom,#E60000,DV6HB00343,Samsung Galaxy S25 Ultra 256GB 5G,dv6hb00343,Samsung,smartphone,device_contract,1039,,,,,,,,,,in_stock,https://www.vodacom.co.za/shopping/deals,"Vodacom catalogue snapshot fetched on 2026-08-06; confirm partner pricing, stock, and terms before fulfilment.",2026-08-06T00:00:00Z,https://www.vodacom.co.za/shopping/deals,true,false,https://shop.vodacom.co.za/media/catalog/product/placeholder/stores/8/No_image.png,RED Flexi 425,both,"{""package"":""RED Flexi 425"",""tariff"":425,""device_installment"":614,""source_sku"":""100022670"",""gallery"":[{""url"":""https://shop.vodacom.co.za/media/catalog/product/placeholder/stores/8/No_image.png"",""label"":""Samsung Galaxy S25 Ultra 256GB 5G""},{""url"":""https://shop.vodacom.co.za/media/catalog/product/placeholder/stores/8/No_image_1.png"",""label"":""Samsung Galaxy S25 Ultra 256GB 5G""}],""storage_options"":[""256GB""]}"
vodacom:DV6HD00271,vodacom,Vodacom,#E60000,DV6HD00271,Dell Pro 15 Essential i5 1334U 16GB/512GB + HUAWEI E5783-230A CAT7 Mi-Fi Router  (Top Up),dv6hd00271,Dell,laptop,device_contract,1229,,,,,,,,,,in_stock,https://www.vodacom.co.za/shopping/deals,"Vodacom catalogue snapshot fetched on 2026-08-06; confirm partner pricing, stock, and terms before fulfilment.",2026-08-06T00:00:00Z,https://www.vodacom.co.za/shopping/deals,true,false,https://shop.vodacom.co.za/media/catalog/product/placeholder/stores/8/No_image.png,40GB Data Top up,both,"{""package"":""40GB Data Top up"",""tariff"":179,""device_installment"":1050,""source_sku"":""100024112"",""gallery"":[{""url"":""https://shop.vodacom.co.za/media/catalog/product/placeholder/stores/8/No_image.png"",""label"":""Dell Pro 15 Essential i5 1334U 16GB/512GB + HUAWEI E5783-230A CAT7 Mi-Fi Router  (Top Up)""},{""url"":""https://shop.vodacom.co.za/media/catalog/product/placeholder/stores/8/No_image_1.png"",""label"":""Dell Pro 15 Essential i5 1334U 16GB/512GB + HUAWEI E5783-230A CAT7 Mi-Fi Router  (Top Up)""}],""storage_options"":[""512GB""]}"
vodacom:DV6HD09573,vodacom,Vodacom,#E60000,DV6HD09573,2x HONOR 600 Lite 256GB 5G  (Top Up),dv6hd09573,Vodacom,smartphone,device_contract,1479,,,,,,,,,,in_stock,https://www.vodacom.co.za/shopping/deals,"Vodacom catalogue snapshot fetched on 2026-08-06; confirm partner pricing, stock, and terms before fulfilment.",2026-08-06T00:00:00Z,https://www.vodacom.co.za/shopping/deals,true,false,https://shop.vodacom.co.za/media/catalog/product/placeholder/stores/8/No_image.png,RED Core 12GB 750min Top up ,both,"{""package"":""RED Core 12GB 750min Top up "",""tariff"":1226,""device_installment"":253,""source_sku"":""100024017"",""gallery"":[{""url"":""https://shop.vodacom.co.za/media/catalog/product/placeholder/stores/8/No_image.png"",""label"":""2x HONOR 600 Lite 256GB 5G  (Top Up)""},{""url"":""https://shop.vodacom.co.za/media/catalog/product/placeholder/stores/8/No_image_1.png"",""label"":""2x HONOR 600 Lite 256GB 5G  (Top Up)""}],""storage_options"":[""256GB""]}"
vodacom:DV6HD07834,vodacom,Vodacom,#E60000,DV6HD07834,vivo V70 512GB 5G,dv6hd07834,Vivo,smartphone,device_contract,1099,,,,,,,,,,in_stock,https://www.vodacom.co.za/shopping/deals,"Vodacom catalogue snapshot fetched on 2026-08-06; confirm partner pricing, stock, and terms before fulfilment.",2026-08-06T00:00:00Z,https://www.vodacom.co.za/shopping/deals,true,false,https://shop.vodacom.co.za/media/catalog/product/placeholder/stores/8/No_image.png,RED Core 3GB 100min ,both,"{""package"":""RED Core 3GB 100min "",""tariff"":406,""device_installment"":693,""source_sku"":""100024295"",""gallery"":[{""url"":""https://shop.vodacom.co.za/media/catalog/product/placeholder/stores/8/No_image.png"",""label"":""vivo V70 512GB 5G""},{""url"":""https://shop.vodacom.co.za/media/catalog/product/placeholder/stores/8/No_image_1.png"",""label"":""vivo V70 512GB 5G""}],""storage_options"":[""512GB""]}"
vodacom:DV6HD03014,vodacom,Vodacom,#E60000,DV6HD03014,Samsung Galaxy S26+ 256GB 5G,dv6hd03014,Samsung,smartphone,device_contract,2779,,,,,,,,,,in_stock,https://www.vodacom.co.za/shopping/deals,"Vodacom catalogue snapshot fetched on 2026-08-06; confirm partner pricing, stock, and terms before fulfilment.",2026-08-06T00:00:00Z,https://www.vodacom.co.za/shopping/deals,true,false,https://shop.vodacom.co.za/media/catalog/product/placeholder/stores/8/No_image.png,RED VIP 100GB,both,"{""package"":""RED VIP 100GB"",""tariff"":2779,""device_installment"":null,""source_sku"":""100023962"",""gallery"":[{""url"":""https://shop.vodacom.co.za/media/catalog/product/placeholder/stores/8/No_image.png"",""label"":""Samsung Galaxy S26+ 256GB 5G""},{""url"":""https://shop.vodacom.co.za/media/catalog/product/placeholder/stores/8/No_image_1.png"",""label"":""Samsung Galaxy S26+ 256GB 5G""}],""storage_options"":[""256GB""]}"
vodacom:DV6HD21344,vodacom,Vodacom,#E60000,DV6HD21344,2x vivo Y05 128GB,dv6hd21344,Vodacom,smartphone,device_contract,519,,,,,,,,,,in_stock,https://www.vodacom.co.za/shopping/deals,"Vodacom catalogue snapshot fetched on 2026-08-06; confirm partner pricing, stock, and terms before fulfilment.",2026-08-06T00:00:00Z,https://www.vodacom.co.za/shopping/deals,true,false,https://shop.vodacom.co.za/media/catalog/product/placeholder/stores/8/No_image.png,RED Core 3GB 100min ,both,"{""package"":""RED Core 3GB 100min "",""tariff"":406,""device_installment"":113,""source_sku"":""100024626"",""gallery"":[{""url"":""https://shop.vodacom.co.za/media/catalog/product/placeholder/stores/8/No_image.png"",""label"":""2x vivo Y05 128GB""},{""url"":""https://shop.vodacom.co.za/media/catalog/product/placeholder/stores/8/No_image_1.png"",""label"":""2x vivo Y05 128GB""}],""storage_options"":[""128GB""]}"
vodacom:DV6HD23197,vodacom,Vodacom,#E60000,DV6HD23197,HUAWEI nova 15 Max 256GB   (Top Up),dv6hd23197,Huawei,smartphone,device_contract,899,,,,,,,,,,in_stock,https://www.vodacom.co.za/shopping/deals,"Vodacom catalogue snapshot fetched on 2026-08-06; confirm partner pricing, stock, and terms before fulfilment.",2026-08-06T00:00:00Z,https://www.vodacom.co.za/shopping/deals,true,false,https://shop.vodacom.co.za/media/catalog/product/placeholder/stores/8/No_image.png,RED Core 12GB 750min Top up ,both,"{""package"":""RED Core 12GB 750min Top up "",""tariff"":899,""device_installment"":null,""source_sku"":""100024395"",""gallery"":[{""url"":""https://shop.vodacom.co.za/media/catalog/product/placeholder/stores/8/No_image.png"",""label"":""HUAWEI nova 15 Max 256GB   (Top Up)""},{""url"":""https://shop.vodacom.co.za/media/catalog/product/placeholder/stores/8/No_image_1.png"",""label"":""HUAWEI nova 15 Max 256GB   (Top Up)""}],""storage_options"":[""256GB""]}"
vodacom:DV6HD18461,vodacom,Vodacom,#E60000,DV6HD18461,Realme C75 256GB 4G DS,dv6hd18461,Realme,smartphone,device_contract,419,,,,,,,,,,in_stock,https://www.vodacom.co.za/shopping/deals,"Vodacom catalogue snapshot fetched on 2026-08-06; confirm partner pricing, stock, and terms before fulfilment.",2026-08-06T00:00:00Z,https://www.vodacom.co.za/shopping/deals,true,false,https://shop.vodacom.co.za/media/catalog/product/placeholder/stores/8/No_image.png,RED Core 3GB 100min ,both,"{""package"":""RED Core 3GB 100min "",""tariff"":406,""device_installment"":13,""source_sku"":""100022903"",""gallery"":[{""url"":""https://shop.vodacom.co.za/media/catalog/product/placeholder/stores/8/No_image.png"",""label"":""Realme C75 256GB 4G DS""},{""url"":""https://shop.vodacom.co.za/media/catalog/product/placeholder/stores/8/No_image_1.png"",""label"":""Realme C75 256GB 4G DS""}],""storage_options"":[""256GB""]}"
vodacom:DV6HD11730,vodacom,Vodacom,#E60000,DV6HD11730,Samsung Galaxy A27 128GB 5G  + Galaxy Buds Core,dv6hd11730,Samsung,smartphone,device_contract,1618,,,,,,,,,,in_stock,https://www.vodacom.co.za/shopping/deals,"Vodacom catalogue snapshot fetched on 2026-08-06; confirm partner pricing, stock, and terms before fulfilment.",2026-08-06T00:00:00Z,https://www.vodacom.co.za/shopping/deals,true,false,https://shop.vodacom.co.za/media/catalog/product/placeholder/stores/8/No_image.png,RED VIP 50GB,both,"{""package"":""RED VIP 50GB"",""tariff"":1618,""device_installment"":null,""source_sku"":""100024159"",""gallery"":[{""url"":""https://shop.vodacom.co.za/media/catalog/product/placeholder/stores/8/No_image.png"",""label"":""Samsung Galaxy A27 128GB 5G  + Galaxy Buds Core""},{""url"":""https://shop.vodacom.co.za/media/catalog/product/placeholder/stores/8/No_image_1.png"",""label"":""Samsung Galaxy A27 128GB 5G  + Galaxy Buds Core""}],""storage_options"":[""128GB""]}"
vodacom:DV6HD03875,vodacom,Vodacom,#E60000,DV6HD03875,HUAWEI Pura 90s Pro Max 512GB,dv6hd03875,Huawei,smartphone,device_contract,1549,,,,,,,,,,in_stock,https://www.vodacom.co.za/shopping/deals,"Vodacom catalogue snapshot fetched on 2026-08-06; confirm partner pricing, stock, and terms before fulfilment.",2026-08-06T00:00:00Z,https://www.vodacom.co.za/shopping/deals,true,false,https://shop.vodacom.co.za/media/catalog/product/placeholder/stores/8/No_image.png,RED Core 6GB 250min ,both,"{""package"":""RED Core 6GB 250min "",""tariff"":730,""device_installment"":819,""source_sku"":""100024693"",""gallery"":[{""url"":""https://shop.vodacom.co.za/media/catalog/product/placeholder/stores/8/No_image.png"",""label"":""HUAWEI Pura 90s Pro Max 512GB""},{""url"":""https://shop.vodacom.co.za/media/catalog/product/placeholder/stores/8/No_image_1.png"",""label"":""HUAWEI Pura 90s Pro Max 512GB""}],""storage_options"":[""512GB""]}"
vodacom:DV6HD22680,vodacom,Vodacom,#E60000,DV6HD22680,HONOR 600 256GB 5G  (Top Up),dv6hd22680,Honor,smartphone,device_contract,849,,,,,,,,,,in_stock,https://www.vodacom.co.za/shopping/deals,"Vodacom catalogue snapshot fetched on 2026-08-06; confirm partner pricing, stock, and terms before fulfilment.",2026-08-06T00:00:00Z,https://www.vodacom.co.za/shopping/deals,true,false,https://shop.vodacom.co.za/media/catalog/product/placeholder/stores/8/No_image.png,RED Core 6GB 250min Top up ,both,"{""package"":""RED Core 6GB 250min Top up "",""tariff"":794,""device_installment"":55,""source_sku"":""100024233"",""gallery"":[{""url"":""https://shop.vodacom.co.za/media/catalog/product/placeholder/stores/8/No_image.png"",""label"":""HONOR 600 256GB 5G  (Top Up)""},{""url"":""https://shop.vodacom.co.za/media/catalog/product/placeholder/stores/8/No_image_1.png"",""label"":""HONOR 600 256GB 5G  (Top Up)""}],""storage_options"":[""256GB""]}"
vodacom:DV6HD11268,vodacom,Vodacom,#E60000,DV6HD11268,HONOR Magic V5 512GB 5G + Watch 5 Ultra + CHOICE Earbuds Clip,dv6hd11268,Honor,smartphone,device_contract,2128,,,,,,,,,,in_stock,https://www.vodacom.co.za/shopping/deals,"Vodacom catalogue snapshot fetched on 2026-08-06; confirm partner pricing, stock, and terms before fulfilment.",2026-08-06T00:00:00Z,https://www.vodacom.co.za/shopping/deals,true,false,https://shop.vodacom.co.za/media/catalog/product/placeholder/stores/8/No_image.png,Red Flexi 1110,both,"{""package"":""Red Flexi 1110"",""tariff"":1110,""device_installment"":1018,""source_sku"":""100023250"",""gallery"":[{""url"":""https://shop.vodacom.co.za/media/catalog/product/placeholder/stores/8/No_image.png"",""label"":""HONOR Magic V5 512GB 5G + Watch 5 Ultra + CHOICE Earbuds Clip""},{""url"":""https://shop.vodacom.co.za/media/catalog/product/placeholder/stores/8/No_image_1.png"",""label"":""HONOR Magic V5 512GB 5G + Watch 5 Ultra + CHOICE Earbuds Clip""}],""storage_options"":[""512GB""]}"
vodacom:DV6HD20018,vodacom,Vodacom,#E60000,DV6HD20018,2x HONOR X6c 128GB  (Top Up),dv6hd20018,Vodacom,smartphone,device_contract,399,,,,,,,,,,in_stock,https://www.vodacom.co.za/shopping/deals,"Vodacom catalogue snapshot fetched on 2026-08-06; confirm partner pricing, stock, and terms before fulfilment.",2026-08-06T00:00:00Z,https://www.vodacom.co.za/shopping/deals,true,false,https://shop.vodacom.co.za/media/catalog/product/placeholder/stores/8/No_image.png,RED Core 1GB 50min Top up,both,"{""package"":""RED Core 1GB 50min Top up"",""tariff"":292,""device_installment"":107,""source_sku"":""100023358"",""gallery"":[{""url"":""https://shop.vodacom.co.za/media/catalog/product/placeholder/stores/8/No_image.png"",""label"":""2x HONOR X6c 128GB  (Top Up)""},{""url"":""https://shop.vodacom.co.za/media/catalog/product/placeholder/stores/8/No_image_1.png"",""label"":""2x HONOR X6c 128GB  (Top Up)""}],""storage_options"":[""128GB""]}"
vodacom:DV6HD11279,vodacom,Vodacom,#E60000,DV6HD11279,Samsung Galaxy S26 Ultra 512GB 5G + Galaxy Watch8 LTE 40mm,dv6hd11279,Samsung,smartphone,device_contract,2028,,,,,,,,,,in_stock,https://www.vodacom.co.za/shopping/deals,"Vodacom catalogue snapshot fetched on 2026-08-06; confirm partner pricing, stock, and terms before fulfilment.",2026-08-06T00:00:00Z,https://www.vodacom.co.za/shopping/deals,true,false,https://shop.vodacom.co.za/media/catalog/product/placeholder/stores/8/No_image.png,Red Flexi 1110,both,"{""package"":""Red Flexi 1110"",""tariff"":1110,""device_installment"":918,""source_sku"":""100023966"",""gallery"":[{""url"":""https://shop.vodacom.co.za/media/catalog/product/placeholder/stores/8/No_image.png"",""label"":""Samsung Galaxy S26 Ultra 512GB 5G + Galaxy Watch8 LTE 40mm""},{""url"":""https://shop.vodacom.co.za/media/catalog/product/placeholder/stores/8/No_image_1.png"",""label"":""Samsung Galaxy S26 Ultra 512GB 5G + Galaxy Watch8 LTE 40mm""}],""storage_options"":[""512GB""]}"
vodacom:DV6HD07294,vodacom,Vodacom,#E60000,DV6HD07294,OPPO A6k 256GB,dv6hd07294,Oppo,smartphone,device_contract,379,,,,,,,,,,in_stock,https://www.vodacom.co.za/shopping/deals,"Vodacom catalogue snapshot fetched on 2026-08-06; confirm partner pricing, stock, and terms before fulfilment.",2026-08-06T00:00:00Z,https://www.vodacom.co.za/shopping/deals,true,false,https://shop.vodacom.co.za/media/catalog/product/placeholder/stores/8/No_image.png,RED Core 1GB 50min ,both,"{""package"":""RED Core 1GB 50min "",""tariff"":276,""device_installment"":103,""source_sku"":""100024405"",""gallery"":[{""url"":""https://shop.vodacom.co.za/media/catalog/product/placeholder/stores/8/No_image.png"",""label"":""OPPO A6k 256GB""},{""url"":""https://shop.vodacom.co.za/media/catalog/product/placeholder/stores/8/No_image_1.png"",""label"":""OPPO A6k 256GB""}],""storage_options"":[""256GB""]}"
vodacom:DV6HD13784,vodacom,Vodacom,#E60000,DV6HD13784,OPPO A6 Pro 256GB 5G,dv6hd13784,Oppo,smartphone,device_contract,819,,,,,,,,,,in_stock,https://www.vodacom.co.za/shopping/deals,"Vodacom catalogue snapshot fetched on 2026-08-06; confirm partner pricing, stock, and terms before fulfilment.",2026-08-06T00:00:00Z,https://www.vodacom.co.za/shopping/deals,true,false,https://shop.vodacom.co.za/media/catalog/product/placeholder/stores/8/No_image.png,Red Flexi 545,both,"{""package"":""Red Flexi 545"",""tariff"":545,""device_installment"":274,""source_sku"":""100023429"",""gallery"":[{""url"":""https://shop.vodacom.co.za/media/catalog/product/placeholder/stores/8/No_image.png"",""label"":""OPPO A6 Pro 256GB 5G""},{""url"":""https://shop.vodacom.co.za/media/catalog/product/placeholder/stores/8/No_image_1.png"",""label"":""OPPO A6 Pro 256GB 5G""}],""storage_options"":[""256GB""]}"
vodacom:DV6HD18508,vodacom,Vodacom,#E60000,DV6HD18508,Redmi Note 15 256GB,dv6hd18508,Redmi,smartphone,device_contract,469,,,,,,,,,,in_stock,https://www.vodacom.co.za/shopping/deals,"Vodacom catalogue snapshot fetched on 2026-08-06; confirm partner pricing, stock, and terms before fulfilment.",2026-08-06T00:00:00Z,https://www.vodacom.co.za/shopping/deals,true,false,https://shop.vodacom.co.za/media/catalog/product/placeholder/stores/8/No_image.png,RED Core 3GB 100min ,both,"{""package"":""RED Core 3GB 100min "",""tariff"":406,""device_installment"":63,""source_sku"":""100024101"",""gallery"":[{""url"":""https://shop.vodacom.co.za/media/catalog/product/placeholder/stores/8/No_image.png"",""label"":""Redmi Note 15 256GB""},{""url"":""https://shop.vodacom.co.za/media/catalog/product/placeholder/stores/8/No_image_1.png"",""label"":""Redmi Note 15 256GB""}],""storage_options"":[""256GB""]}"
vodacom:DV6HD22639,vodacom,Vodacom,#E60000,DV6HD22639,HUAWEI Pura 90s Pro 256GB,dv6hd22639,Huawei,smartphone,device_contract,1159,,,,,,,,,,in_stock,https://www.vodacom.co.za/shopping/deals,"Vodacom catalogue snapshot fetched on 2026-08-06; confirm partner pricing, stock, and terms before fulfilment.",2026-08-06T00:00:00Z,https://www.vodacom.co.za/shopping/deals,true,false,https://shop.vodacom.co.za/media/catalog/product/placeholder/stores/8/No_image.png,Red Flexi 735,both,"{""package"":""Red Flexi 735"",""tariff"":735,""device_installment"":424,""source_sku"":""100024692"",""gallery"":[{""url"":""https://shop.vodacom.co.za/media/catalog/product/placeholder/stores/8/No_image.png"",""label"":""HUAWEI Pura 90s Pro 256GB""},{""url"":""https://shop.vodacom.co.za/media/catalog/product/placeholder/stores/8/No_image_1.png"",""label"":""HUAWEI Pura 90s Pro 256GB""}],""storage_options"":[""256GB""]}"
vodacom:DV6HD21621,vodacom,Vodacom,#E60000,DV6HD21621,Nubia Neo 3 GT 256GB 5G,dv6hd21621,Nubia,smartphone,device_contract,1679,,,,,,,,,,in_stock,https://www.vodacom.co.za/shopping/deals,"Vodacom catalogue snapshot fetched on 2026-08-06; confirm partner pricing, stock, and terms before fulfilment.",2026-08-06T00:00:00Z,https://www.vodacom.co.za/shopping/deals,true,false,https://shop.vodacom.co.za/media/catalog/product/placeholder/stores/8/No_image.png,RED VIP 50GB,both,"{""package"":""RED VIP 50GB"",""tariff"":1679,""device_installment"":null,""source_sku"":""100024105"",""gallery"":[{""url"":""https://shop.vodacom.co.za/media/catalog/product/placeholder/stores/8/No_image.png"",""label"":""Nubia Neo 3 GT 256GB 5G""},{""url"":""https://shop.vodacom.co.za/media/catalog/product/placeholder/stores/8/No_image_1.png"",""label"":""Nubia Neo 3 GT 256GB 5G""}],""storage_options"":[""256GB""]}"
vodacom:DV6GD25167,vodacom,Vodacom,#E60000,DV6GD25167,Samsung Galaxy Z Fold8 512GB 5G + Samsung 45w Charger  + FREE Wide Carbon Magnet Case,dv6gd25167,Samsung,smartphone,device_contract,2599,,,,,,,,,,in_stock,https://www.vodacom.co.za/shopping/deals,"Vodacom catalogue snapshot fetched on 2026-08-06; confirm partner pricing, stock, and terms before fulfilment.",2026-08-06T00:00:00Z,https://www.vodacom.co.za/shopping/deals,true,false,https://shop.vodacom.co.za/media/catalog/product/s/a/samsung_galaxy_z_fold8_512gb_5g_-_main_1__1.jpg?store=shop&image-type=image,RED VIP 50GB,both,"{""package"":""RED VIP 50GB"",""tariff"":2435,""device_installment"":164,""source_sku"":""100024510"",""gallery"":[{""url"":""https://shop.vodacom.co.za/media/catalog/product/s/a/samsung_galaxy_z_fold8_512gb_5g_-_main_1__1.jpg?store=shop&image-type=image"",""label"":""Samsung Galaxy Z Fold8 512GB 5G + Samsung 45w Charger  + FREE Wide Carbon Magnet Case""},{""url"":""https://shop.vodacom.co.za/media/catalog/product/s/a/samsung_galaxy_z_fold8_512gb_5g_-_main_1__1.jpg?store=shop&image-type=small_image"",""label"":""Samsung Galaxy Z Fold8 512GB 5G + Samsung 45w Charger  + FREE Wide Carbon Magnet Case""}],""storage_options"":[""512GB""]}"
vodacom:DV6HD19297,vodacom,Vodacom,#E60000,DV6HD19297,2x HONOR X6d 256GB 5G,dv6hd19297,Vodacom,smartphone,device_contract,629,,,,,,,,,,in_stock,https://www.vodacom.co.za/shopping/deals,"Vodacom catalogue snapshot fetched on 2026-08-06; confirm partner pricing, stock, and terms before fulfilment.",2026-08-06T00:00:00Z,https://www.vodacom.co.za/shopping/deals,true,false,https://shop.vodacom.co.za/media/catalog/product/placeholder/stores/8/No_image.png,Red Flexi 320,both,"{""package"":""Red Flexi 320"",""tariff"":320,""device_installment"":309,""source_sku"":""100024016"",""gallery"":[{""url"":""https://shop.vodacom.co.za/media/catalog/product/placeholder/stores/8/No_image.png"",""label"":""2x HONOR X6d 256GB 5G""},{""url"":""https://shop.vodacom.co.za/media/catalog/product/placeholder/stores/8/No_image_1.png"",""label"":""2x HONOR X6d 256GB 5G""}],""storage_options"":[""256GB""]}"
vodacom:DV6HD14092,vodacom,Vodacom,#E60000,DV6HD14092,HUAWEI Mate X7 512GB,dv6hd14092,Huawei,smartphone,device_contract,1599,,,,,,,,,,in_stock,https://www.vodacom.co.za/shopping/deals,"Vodacom catalogue snapshot fetched on 2026-08-06; confirm partner pricing, stock, and terms before fulfilment.",2026-08-06T00:00:00Z,https://www.vodacom.co.za/shopping/deals,true,false,https://shop.vodacom.co.za/media/catalog/product/placeholder/stores/8/No_image.png,RED Core 6GB 250min ,both,"{""package"":""RED Core 6GB 250min "",""tariff"":730,""device_installment"":869,""source_sku"":""100024168"",""gallery"":[{""url"":""https://shop.vodacom.co.za/media/catalog/product/placeholder/stores/8/No_image.png"",""label"":""HUAWEI Mate X7 512GB""},{""url"":""https://shop.vodacom.co.za/media/catalog/product/placeholder/stores/8/No_image_1.png"",""label"":""HUAWEI Mate X7 512GB""}],""storage_options"":[""512GB""]}"
vodacom:DV6HD17761,vodacom,Vodacom,#E60000,DV6HD17761,Motorola Edge 70 512GB 5G,dv6hd17761,Motorola,smartphone,device_contract,399,,,,,,,,,,in_stock,https://www.vodacom.co.za/shopping/deals,"Vodacom catalogue snapshot fetched on 2026-08-06; confirm partner pricing, stock, and terms before fulfilment.",2026-08-06T00:00:00Z,https://www.vodacom.co.za/shopping/deals,true,false,https://shop.vodacom.co.za/media/catalog/product/placeholder/stores/8/No_image.png,RED Core 1GB 50min ,both,"{""package"":""RED Core 1GB 50min "",""tariff"":276,""device_installment"":123,""source_sku"":""100024094"",""gallery"":[{""url"":""https://shop.vodacom.co.za/media/catalog/product/placeholder/stores/8/No_image.png"",""label"":""Motorola Edge 70 512GB 5G""},{""url"":""https://shop.vodacom.co.za/media/catalog/product/placeholder/stores/8/No_image_1.png"",""label"":""Motorola Edge 70 512GB 5G""}],""storage_options"":[""512GB""]}"
vodacom:DV6HD23343,vodacom,Vodacom,#E60000,DV6HD23343,Samsung Galaxy S25FE 256GB 5G,dv6hd23343,Samsung,smartphone,device_contract,2049,,,,,,,,,,in_stock,https://www.vodacom.co.za/shopping/deals,"Vodacom catalogue snapshot fetched on 2026-08-06; confirm partner pricing, stock, and terms before fulfilment.",2026-08-06T00:00:00Z,https://www.vodacom.co.za/shopping/deals,true,false,https://shop.vodacom.co.za/media/catalog/product/placeholder/stores/8/No_image.png,RED VIP 100GB,both,"{""package"":""RED VIP 100GB"",""tariff"":2049,""device_installment"":null,""source_sku"":""100023373"",""gallery"":[{""url"":""https://shop.vodacom.co.za/media/catalog/product/placeholder/stores/8/No_image.png"",""label"":""Samsung Galaxy S25FE 256GB 5G""},{""url"":""https://shop.vodacom.co.za/media/catalog/product/placeholder/stores/8/No_image_1.png"",""label"":""Samsung Galaxy S25FE 256GB 5G""}],""storage_options"":[""256GB""]}"
vodacom:DV6GD24000,vodacom,Vodacom,#E60000,DV6GD24000,Samsung Galaxy Z Fold8 512GB 5G + Galaxy Buds 4 + Galaxy Watch 9 44mm LTE (Top Up),dv6gd24000,Samsung,smartphone,device_contract,2018,,,,,,,,,,in_stock,https://www.vodacom.co.za/shopping/deals,"Vodacom catalogue snapshot fetched on 2026-08-06; confirm partner pricing, stock, and terms before fulfilment.",2026-08-06T00:00:00Z,https://www.vodacom.co.za/shopping/deals,true,false,https://shop.vodacom.co.za/media/catalog/product/s/a/samsung_galaxy_z_fold8_512gb_5g_-_main_1__1.jpg?store=shop&image-type=image,RED Core 6GB 250min Top up ,both,"{""package"":""RED Core 6GB 250min Top up "",""tariff"":794,""device_installment"":1224,""source_sku"":""100024510"",""gallery"":[{""url"":""https://shop.vodacom.co.za/media/catalog/product/s/a/samsung_galaxy_z_fold8_512gb_5g_-_main_1__1.jpg?store=shop&image-type=image"",""label"":""Samsung Galaxy Z Fold8 512GB 5G + Galaxy Buds 4 + Galaxy Watch 9 44mm LTE (Top Up)""},{""url"":""https://shop.vodacom.co.za/media/catalog/product/s/a/samsung_galaxy_z_fold8_512gb_5g_-_main_1__1.jpg?store=shop&image-type=small_image"",""label"":""Samsung Galaxy Z Fold8 512GB 5G + Galaxy Buds 4 + Galaxy Watch 9 44mm LTE (Top Up)""}],""storage_options"":[""512GB""]}"
vodacom:DV6HD17550,vodacom,Vodacom,#E60000,DV6HD17550,Apple iPhone 15 128GB 5G  (Top Up),dv6hd17550,Apple,smartphone,device_contract,1129,,,,,,,,,,in_stock,https://www.vodacom.co.za/shopping/deals,"Vodacom catalogue snapshot fetched on 2026-08-06; confirm partner pricing, stock, and terms before fulfilment.",2026-08-06T00:00:00Z,https://www.vodacom.co.za/shopping/deals,true,false,https://shop.vodacom.co.za/media/catalog/product/placeholder/stores/8/No_image.png,RED Core 12GB 750min Top up ,both,"{""package"":""RED Core 12GB 750min Top up "",""tariff"":1129,""device_installment"":null,""source_sku"":""100021503"",""gallery"":[{""url"":""https://shop.vodacom.co.za/media/catalog/product/placeholder/stores/8/No_image.png"",""label"":""Apple iPhone 15 128GB\u00a05G  (Top Up)""},{""url"":""https://shop.vodacom.co.za/media/catalog/product/placeholder/stores/8/No_image_1.png"",""label"":""Apple iPhone 15 128GB\u00a05G  (Top Up)""}],""storage_options"":[""128GB""]}"
vodacom:DV6GD22586,vodacom,Vodacom,#E60000,DV6GD22586,Samsung Galaxy Z Fold8 Ultra 1TB 5G  + Galaxy Buds 4 + Galaxy Watch 9 40mm LTE (Top Up),dv6gd22586,Samsung,smartphone,device_contract,3568,,,,,,,,,,in_stock,https://www.vodacom.co.za/shopping/deals,"Vodacom catalogue snapshot fetched on 2026-08-06; confirm partner pricing, stock, and terms before fulfilment.",2026-08-06T00:00:00Z,https://www.vodacom.co.za/shopping/deals,true,false,https://shop.vodacom.co.za/media/catalog/product/s/a/samsung_galaxy_z_fold8_ultra_512gb_5g_-_top_1__1_1.jpg?store=shop&image-type=image,RED Core 12GB 750min Top up ,both,"{""package"":""RED Core 12GB 750min Top up "",""tariff"":1226,""device_installment"":2342,""source_sku"":""100024508"",""gallery"":[{""url"":""https://shop.vodacom.co.za/media/catalog/product/s/a/samsung_galaxy_z_fold8_ultra_512gb_5g_-_top_1__1_1.jpg?store=shop&image-type=image"",""label"":""Samsung Galaxy Z Fold8 Ultra 1TB 5G  + Galaxy Buds 4 + Galaxy Watch 9 40mm LTE (Top Up)""},{""url"":""https://shop.vodacom.co.za/media/catalog/product/s/a/samsung_galaxy_z_fold8_ultra_512gb_5g_-_top_1__1_1.jpg?store=shop&image-type=small_image"",""label"":""Samsung Galaxy Z Fold8 Ultra 1TB 5G  + Galaxy Buds 4 + Galaxy Watch 9 40mm LTE (Top Up)""}],""storage_options"":[]}"
vodacom:DV6HD22945,vodacom,Vodacom,#E60000,DV6HD22945,Apple iPhone 16e 128GB,dv6hd22945,Apple,smartphone,device_contract,689,,,,,,,,,,in_stock,https://www.vodacom.co.za/shopping/deals,"Vodacom catalogue snapshot fetched on 2026-08-06; confirm partner pricing, stock, and terms before fulfilment.",2026-08-06T00:00:00Z,https://www.vodacom.co.za/shopping/deals,true,false,https://shop.vodacom.co.za/media/catalog/product/placeholder/stores/8/No_image.png,RED Flexi 425,both,"{""package"":""RED Flexi 425"",""tariff"":425,""device_installment"":264,""source_sku"":""100022907"",""gallery"":[{""url"":""https://shop.vodacom.co.za/media/catalog/product/placeholder/stores/8/No_image.png"",""label"":""Apple iPhone 16e 128GB""},{""url"":""https://shop.vodacom.co.za/media/catalog/product/placeholder/stores/8/No_image_1.png"",""label"":""Apple iPhone 16e 128GB""}],""storage_options"":[""128GB""]}"
vodacom:DV6GD23269,vodacom,Vodacom,#E60000,DV6GD23269,Samsung Galaxy Z Flip8 256GB 5G  + Samsung 45w Charger  + Galaxy Watch 9 40mm BT + FREE Silicone Magnet Case,dv6gd23269,Samsung,smartphone,device_contract,3278,,,,,,,,,,in_stock,https://www.vodacom.co.za/shopping/deals,"Vodacom catalogue snapshot fetched on 2026-08-06; confirm partner pricing, stock, and terms before fulfilment.",2026-08-06T00:00:00Z,https://www.vodacom.co.za/shopping/deals,true,false,https://shop.vodacom.co.za/media/catalog/product/s/a/samsung_galaxy_z_flip8_256gb_5g_-_main_1__1.jpg?store=shop&image-type=image,RED VIP 200GB,both,"{""package"":""RED VIP 200GB"",""tariff"":3278,""device_installment"":null,""source_sku"":""100024504"",""gallery"":[{""url"":""https://shop.vodacom.co.za/media/catalog/product/s/a/samsung_galaxy_z_flip8_256gb_5g_-_main_1__1.jpg?store=shop&image-type=image"",""label"":""Samsung Galaxy Z Flip8 256GB 5G  + Samsung 45w Charger  + Galaxy Watch 9 40mm BT + FREE Silicone Magnet Case""},{""url"":""https://shop.vodacom.co.za/media/catalog/product/s/a/samsung_galaxy_z_flip8_256gb_5g_-_main_1__1.jpg?store=shop&image-type=small_image"",""label"":""Samsung Galaxy Z Flip8 256GB 5G  + Samsung 45w Charger  + Galaxy Watch 9 40mm BT + FREE Silicone Magnet Case""}],""storage_options"":[""256GB""]}"
vodacom:DV6HD19063,vodacom,Vodacom,#E60000,DV6HD19063,Samsung Galaxy S26 256GB 5G + Galaxy Buds 4,dv6hd19063,Samsung,smartphone,device_contract,1198,,,,,,,,,,in_stock,https://www.vodacom.co.za/shopping/deals,"Vodacom catalogue snapshot fetched on 2026-08-06; confirm partner pricing, stock, and terms before fulfilment.",2026-08-06T00:00:00Z,https://www.vodacom.co.za/shopping/deals,true,false,https://shop.vodacom.co.za/media/catalog/product/placeholder/stores/8/No_image.png,RED Core 12GB 750min ,both,"{""package"":""RED Core 12GB 750min "",""tariff"":1161,""device_installment"":37,""source_sku"":""100023958"",""gallery"":[{""url"":""https://shop.vodacom.co.za/media/catalog/product/placeholder/stores/8/No_image.png"",""label"":""Samsung Galaxy S26 256GB 5G + Galaxy Buds 4""},{""url"":""https://shop.vodacom.co.za/media/catalog/product/placeholder/stores/8/No_image_1.png"",""label"":""Samsung Galaxy S26 256GB 5G + Galaxy Buds 4""}],""storage_options"":[""256GB""]}"
vodacom:DV6GD24791,vodacom,Vodacom,#E60000,DV6GD24791,Samsung Galaxy Z Fold8 256GB 5G  + FREE Wide Carbon Magnet Case + Galaxy Watch 9 44mm BT + Samsung 45w Charger,dv6gd24791,Samsung,smartphone,device_contract,1908,,,,,,,,,,in_stock,https://www.vodacom.co.za/shopping/deals,"Vodacom catalogue snapshot fetched on 2026-08-06; confirm partner pricing, stock, and terms before fulfilment.",2026-08-06T00:00:00Z,https://www.vodacom.co.za/shopping/deals,true,false,https://shop.vodacom.co.za/media/catalog/product/s/a/samsung_galaxy_z_fold8_256gb_5g_-_main_1__1.jpg?store=shop&image-type=image,Red Flexi 735,both,"{""package"":""Red Flexi 735"",""tariff"":735,""device_installment"":1173,""source_sku"":""100024509"",""gallery"":[{""url"":""https://shop.vodacom.co.za/media/catalog/product/s/a/samsung_galaxy_z_fold8_256gb_5g_-_main_1__1.jpg?store=shop&image-type=image"",""label"":""Samsung Galaxy Z Fold8 256GB 5G  + FREE Wide Carbon Magnet Case + Galaxy Watch 9 44mm BT + Samsung 45w Charger ""},{""url"":""https://shop.vodacom.co.za/media/catalog/product/s/a/samsung_galaxy_z_fold8_256gb_5g_-_main_1__1.jpg?store=shop&image-type=small_image"",""label"":""Samsung Galaxy Z Fold8 256GB 5G  + FREE Wide Carbon Magnet Case + Galaxy Watch 9 44mm BT + Samsung 45w Charger""}],""storage_options"":[""256GB""]}"
vodacom:DV6HD19693,vodacom,Vodacom,#E60000,DV6HD19693,2x Samsung Galaxy S26 256GB 5G,dv6hd19693,Vodacom,smartphone,device_contract,3179,,,,,,,,,,in_stock,https://www.vodacom.co.za/shopping/deals,"Vodacom catalogue snapshot fetched on 2026-08-06; confirm partner pricing, stock, and terms before fulfilment.",2026-08-06T00:00:00Z,https://www.vodacom.co.za/shopping/deals,true,false,https://shop.vodacom.co.za/media/catalog/product/placeholder/stores/8/No_image.png,RED VIP 200GB,both,"{""package"":""RED VIP 200GB"",""tariff"":3179,""device_installment"":null,""source_sku"":""100023958"",""gallery"":[{""url"":""https://shop.vodacom.co.za/media/catalog/product/placeholder/stores/8/No_image.png"",""label"":""2x Samsung Galaxy S26 256GB 5G""},{""url"":""https://shop.vodacom.co.za/media/catalog/product/placeholder/stores/8/No_image_1.png"",""label"":""2x Samsung Galaxy S26 256GB 5G""}],""storage_options"":[""256GB""]}"
vodacom:DV6GD24208,vodacom,Vodacom,#E60000,DV6GD24208,Samsung Galaxy Z Fold8 Ultra 512GB 5G  + Galaxy Watch 9 40mm LTE,dv6gd24208,Samsung,smartphone,device_contract,2198,,,,,,,,,,in_stock,https://www.vodacom.co.za/shopping/deals,"Vodacom catalogue snapshot fetched on 2026-08-06; confirm partner pricing, stock, and terms before fulfilment.",2026-08-06T00:00:00Z,https://www.vodacom.co.za/shopping/deals,true,false,https://shop.vodacom.co.za/media/catalog/product/s/a/samsung_galaxy_z_fold8_ultra_512gb_5g_-_top_2__1.jpg?store=shop&image-type=image,RED Core 12GB 750min ,both,"{""package"":""RED Core 12GB 750min "",""tariff"":1161,""device_installment"":1037,""source_sku"":""100024507"",""gallery"":[{""url"":""https://shop.vodacom.co.za/media/catalog/product/s/a/samsung_galaxy_z_fold8_ultra_512gb_5g_-_top_2__1.jpg?store=shop&image-type=image"",""label"":""Samsung Galaxy Z Fold8 Ultra 512GB 5G  + Galaxy Watch 9 40mm LTE""},{""url"":""https://shop.vodacom.co.za/media/catalog/product/s/a/samsung_galaxy_z_fold8_ultra_512gb_5g_-_top_2__1.jpg?store=shop&image-type=small_image"",""label"":""Samsung Galaxy Z Fold8 Ultra 512GB 5G  + Galaxy Watch 9 40mm LTE""}],""storage_options"":[""512GB""]}"
vodacom:DV6HD21686,vodacom,Vodacom,#E60000,DV6HD21686,Samsung Galaxy S26 Ultra 256GB 5G,dv6hd21686,Samsung,smartphone,device_contract,2399,,,,,,,,,,in_stock,https://www.vodacom.co.za/shopping/deals,"Vodacom catalogue snapshot fetched on 2026-08-06; confirm partner pricing, stock, and terms before fulfilment.",2026-08-06T00:00:00Z,https://www.vodacom.co.za/shopping/deals,true,false,https://shop.vodacom.co.za/media/catalog/product/placeholder/stores/8/No_image.png,RED VIP 100GB,both,"{""package"":""RED VIP 100GB"",""tariff"":2399,""device_installment"":null,""source_sku"":""100023964"",""gallery"":[{""url"":""https://shop.vodacom.co.za/media/catalog/product/placeholder/stores/8/No_image.png"",""label"":""Samsung Galaxy S26 Ultra 256GB 5G""},{""url"":""https://shop.vodacom.co.za/media/catalog/product/placeholder/stores/8/No_image_1.png"",""label"":""Samsung Galaxy S26 Ultra 256GB 5G""}],""storage_options"":[""256GB""]}"
vodacom:DV6GD24503,vodacom,Vodacom,#E60000,DV6GD24503,Samsung Galaxy Z Fold8 256GB 5G  + Galaxy Watch 9 44mm LTE (Top Up),dv6gd24503,Samsung,smartphone,device_contract,1748,,,,,,,,,,in_stock,https://www.vodacom.co.za/shopping/deals,"Vodacom catalogue snapshot fetched on 2026-08-06; confirm partner pricing, stock, and terms before fulfilment.",2026-08-06T00:00:00Z,https://www.vodacom.co.za/shopping/deals,true,false,https://shop.vodacom.co.za/media/catalog/product/1/0/104081473_front_back_2.png?store=shop&image-type=image,RED 4GB 250min Top up,both,"{""package"":""RED 4GB 250min Top up"",""tariff"":659,""device_installment"":1089,""source_sku"":""100024509"",""gallery"":[{""url"":""https://shop.vodacom.co.za/media/catalog/product/1/0/104081473_front_back_2.png?store=shop&image-type=image"",""label"":""Samsung Galaxy Z Fold8 256GB 5G  + Galaxy Watch 9 44mm LTE (Top Up)""},{""url"":""https://shop.vodacom.co.za/media/catalog/product/1/0/104081473_front_back_2.png?store=shop&image-type=small_image"",""label"":""Samsung Galaxy Z Fold8 256GB 5G  + Galaxy Watch 9 44mm LTE (Top Up)""}],""storage_options"":[""256GB""]}"
vodacom:DV6HD09123,vodacom,Vodacom,#E60000,DV6HD09123,Samsung Galaxy A57 256GB 5G + Samsung Galaxy Tab A11 64GB 4G,dv6hd09123,Samsung,smartphone,device_contract,1338,,,,,,,,,,in_stock,https://www.vodacom.co.za/shopping/deals,"Vodacom catalogue snapshot fetched on 2026-08-06; confirm partner pricing, stock, and terms before fulfilment.",2026-08-06T00:00:00Z,https://www.vodacom.co.za/shopping/deals,true,false,https://shop.vodacom.co.za/media/catalog/product/placeholder/stores/8/No_image.png,Red Flexi 735,both,"{""package"":""Red Flexi 735"",""tariff"":735,""device_installment"":603,""source_sku"":""100024076"",""gallery"":[{""url"":""https://shop.vodacom.co.za/media/catalog/product/placeholder/stores/8/No_image.png"",""label"":""Samsung Galaxy A57 256GB 5G + Samsung Galaxy Tab A11 64GB 4G""},{""url"":""https://shop.vodacom.co.za/media/catalog/product/placeholder/stores/8/No_image_1.png"",""label"":""Samsung Galaxy A57 256GB 5G + Samsung Galaxy Tab A11 64GB 4G""}],""storage_options"":[""64GB"",""256GB""]}"
vodacom:DV6HD05020,vodacom,Vodacom,#E60000,DV6HD05020,Vodacom Smart Tab 8 32GB  (Top Up),dv6hd05020,Vodacom,tablet,device_contract,419,,,,,,,,,,in_stock,https://www.vodacom.co.za/shopping/deals,"Vodacom catalogue snapshot fetched on 2026-08-06; confirm partner pricing, stock, and terms before fulfilment.",2026-08-06T00:00:00Z,https://www.vodacom.co.za/shopping/deals,true,false,https://shop.vodacom.co.za/media/catalog/product/placeholder/stores/8/No_image.png,400GB Data Top up,both,"{""package"":""400GB Data Top up"",""tariff"":399,""device_installment"":20,""source_sku"":""100022059"",""gallery"":[{""url"":""https://shop.vodacom.co.za/media/catalog/product/placeholder/stores/8/No_image.png"",""label"":""Vodacom Smart Tab 8 32GB  (Top Up)""},{""url"":""https://shop.vodacom.co.za/media/catalog/product/placeholder/stores/8/No_image_1.png"",""label"":""Vodacom Smart Tab 8 32GB  (Top Up)""}],""storage_options"":[]}"
vodacom:DV6HD14667,vodacom,Vodacom,#E60000,DV6HD14667,Samsung Galaxy A37 256GB 5G,dv6hd14667,Samsung,smartphone,device_contract,879,,,,,,,,,,in_stock,https://www.vodacom.co.za/shopping/deals,"Vodacom catalogue snapshot fetched on 2026-08-06; confirm partner pricing, stock, and terms before fulfilment.",2026-08-06T00:00:00Z,https://www.vodacom.co.za/shopping/deals,true,false,https://shop.vodacom.co.za/media/catalog/product/placeholder/stores/8/No_image.png,Red Flexi 735,both,"{""package"":""Red Flexi 735"",""tariff"":735,""device_installment"":144,""source_sku"":""100024075"",""gallery"":[{""url"":""https://shop.vodacom.co.za/media/catalog/product/placeholder/stores/8/No_image.png"",""label"":""Samsung Galaxy A37 256GB 5G""},{""url"":""https://shop.vodacom.co.za/media/catalog/product/placeholder/stores/8/No_image_1.png"",""label"":""Samsung Galaxy A37 256GB 5G""}],""storage_options"":[""256GB""]}"
vodacom:DV6HD22014,vodacom,Vodacom,#E60000,DV6HD22014,Apple iPhone 17 Pro 1TB 5G,dv6hd22014,Apple,smartphone,device_contract,1499,,,,,,,,,,in_stock,https://www.vodacom.co.za/shopping/deals,"Vodacom catalogue snapshot fetched on 2026-08-06; confirm partner pricing, stock, and terms before fulfilment.",2026-08-06T00:00:00Z,https://www.vodacom.co.za/shopping/deals,true,false,https://shop.vodacom.co.za/media/catalog/product/placeholder/stores/8/No_image.png,RED Core 6GB 250min ,both,"{""package"":""RED Core 6GB 250min "",""tariff"":730,""device_installment"":769,""source_sku"":""100023763"",""gallery"":[{""url"":""https://shop.vodacom.co.za/media/catalog/product/placeholder/stores/8/No_image.png"",""label"":""Apple iPhone 17 Pro 1TB 5G""},{""url"":""https://shop.vodacom.co.za/media/catalog/product/placeholder/stores/8/No_image_1.png"",""label"":""Apple iPhone 17 Pro 1TB 5G""}],""storage_options"":[]}"
vodacom:DV6HD03399,vodacom,Vodacom,#E60000,DV6HD03399,Samsung Galaxy S25 Ultra 256GB 5G,dv6hd03399,Samsung,smartphone,device_contract,1319,,,,,,,,,,in_stock,https://www.vodacom.co.za/shopping/deals,"Vodacom catalogue snapshot fetched on 2026-08-06; confirm partner pricing, stock, and terms before fulfilment.",2026-08-06T00:00:00Z,https://www.vodacom.co.za/shopping/deals,true,false,https://shop.vodacom.co.za/media/catalog/product/placeholder/stores/8/No_image.png,Red Flexi 320,both,"{""package"":""Red Flexi 320"",""tariff"":320,""device_installment"":999,""source_sku"":""100022670"",""gallery"":[{""url"":""https://shop.vodacom.co.za/media/catalog/product/placeholder/stores/8/No_image.png"",""label"":""Samsung Galaxy S25 Ultra 256GB 5G""},{""url"":""https://shop.vodacom.co.za/media/catalog/product/placeholder/stores/8/No_image_1.png"",""label"":""Samsung Galaxy S25 Ultra 256GB 5G""}],""storage_options"":[""256GB""]}"
vodacom:DV6HD00253,vodacom,Vodacom,#E60000,DV6HD00253,HONOR Magicbook X16 i5 512GB + HUAWEI E5783-230A CAT7 Mi-Fi Router  (Top Up),dv6hd00253,Honor,laptop,device_contract,949,,,,,,,,,,in_stock,https://www.vodacom.co.za/shopping/deals,"Vodacom catalogue snapshot fetched on 2026-08-06; confirm partner pricing, stock, and terms before fulfilment.",2026-08-06T00:00:00Z,https://www.vodacom.co.za/shopping/deals,true,false,https://shop.vodacom.co.za/media/catalog/product/placeholder/stores/8/No_image.png,40GB Data Top up,both,"{""package"":""40GB Data Top up"",""tariff"":179,""device_installment"":770,""source_sku"":""100021108"",""gallery"":[{""url"":""https://shop.vodacom.co.za/media/catalog/product/placeholder/stores/8/No_image.png"",""label"":""HONOR Magicbook X16 i5 512GB + HUAWEI E5783-230A CAT7 Mi-Fi Router  (Top Up)""},{""url"":""https://shop.vodacom.co.za/media/catalog/product/placeholder/stores/8/No_image_1.png"",""label"":""HONOR Magicbook X16 i5 512GB + HUAWEI E5783-230A CAT7 Mi-Fi Router  (Top Up)""}],""storage_options"":[""512GB""]}"
vodacom:DV6HD07366,vodacom,Vodacom,#E60000,DV6HD07366,HUAWEI nova 14i 256GB,dv6hd07366,Huawei,smartphone,device_contract,379,,,,,,,,,,in_stock,https://www.vodacom.co.za/shopping/deals,"Vodacom catalogue snapshot fetched on 2026-08-06; confirm partner pricing, stock, and terms before fulfilment.",2026-08-06T00:00:00Z,https://www.vodacom.co.za/shopping/deals,true,false,https://shop.vodacom.co.za/media/catalog/product/placeholder/stores/8/No_image.png,RED Core 1GB 50min ,both,"{""package"":""RED Core 1GB 50min "",""tariff"":276,""device_installment"":103,""source_sku"":""100023536"",""gallery"":[{""url"":""https://shop.vodacom.co.za/media/catalog/product/placeholder/stores/8/No_image.png"",""label"":""HUAWEI nova 14i 256GB""},{""url"":""https://shop.vodacom.co.za/media/catalog/product/placeholder/stores/8/No_image_1.png"",""label"":""HUAWEI nova 14i 256GB""}],""storage_options"":[""256GB""]}"
vodacom:DV6HD04234,vodacom,Vodacom,#E60000,DV6HD04234,Samsung Galaxy Tab A11+ 128GB 5G  (Top Up),dv6hd04234,Samsung,tablet,device_contract,699,,,,,,,,,,in_stock,https://www.vodacom.co.za/shopping/deals,"Vodacom catalogue snapshot fetched on 2026-08-06; confirm partner pricing, stock, and terms before fulfilment.",2026-08-06T00:00:00Z,https://www.vodacom.co.za/shopping/deals,true,false,https://shop.vodacom.co.za/media/catalog/product/placeholder/stores/8/No_image.png,400GB Data Top up,both,"{""package"":""400GB Data Top up"",""tariff"":399,""device_installment"":300,""source_sku"":""100023606"",""gallery"":[{""url"":""https://shop.vodacom.co.za/media/catalog/product/placeholder/stores/8/No_image.png"",""label"":""Samsung Galaxy Tab A11+ 128GB 5G  (Top Up)""},{""url"":""https://shop.vodacom.co.za/media/catalog/product/placeholder/stores/8/No_image_1.png"",""label"":""Samsung Galaxy Tab A11+ 128GB 5G  (Top Up)""}],""storage_options"":[""128GB""]}"
vodacom:DV6HD09712,vodacom,Vodacom,#E60000,DV6HD09712,Samsung Galaxy S26+ 256GB 5G + Samsung Galaxy Tab S10 Lite 128GB 5G  (Top Up),dv6hd09712,Samsung,smartphone,device_contract,1858,,,,,,,,,,in_stock,https://www.vodacom.co.za/shopping/deals,"Vodacom catalogue snapshot fetched on 2026-08-06; confirm partner pricing, stock, and terms before fulfilment.",2026-08-06T00:00:00Z,https://www.vodacom.co.za/shopping/deals,true,false,https://shop.vodacom.co.za/media/catalog/product/placeholder/stores/8/No_image.png,RED Core 6GB 250min Top up ,both,"{""package"":""RED Core 6GB 250min Top up "",""tariff"":794,""device_installment"":1064,""source_sku"":""100023962"",""gallery"":[{""url"":""https://shop.vodacom.co.za/media/catalog/product/placeholder/stores/8/No_image.png"",""label"":""Samsung Galaxy S26+ 256GB 5G + Samsung Galaxy Tab S10 Lite 128GB 5G  (Top Up)""},{""url"":""https://shop.vodacom.co.za/media/catalog/product/placeholder/stores/8/No_image_1.png"",""label"":""Samsung Galaxy S26+ 256GB 5G + Samsung Galaxy Tab S10 Lite 128GB 5G  (Top Up)""}],""storage_options"":[""128GB"",""256GB""]}"
vodacom:DV6HD23324,vodacom,Vodacom,#E60000,DV6HD23324,OPPO A6 Pro 256GB 5G,dv6hd23324,Oppo,smartphone,device_contract,549,,,,,,,,,,in_stock,https://www.vodacom.co.za/shopping/deals,"Vodacom catalogue snapshot fetched on 2026-08-06; confirm partner pricing, stock, and terms before fulfilment.",2026-08-06T00:00:00Z,https://www.vodacom.co.za/shopping/deals,true,false,https://shop.vodacom.co.za/media/catalog/product/placeholder/stores/8/No_image.png,RED Core 3GB 100min ,both,"{""package"":""RED Core 3GB 100min "",""tariff"":406,""device_installment"":143,""source_sku"":""100023429"",""gallery"":[{""url"":""https://shop.vodacom.co.za/media/catalog/product/placeholder/stores/8/No_image.png"",""label"":""OPPO A6 Pro 256GB 5G""},{""url"":""https://shop.vodacom.co.za/media/catalog/product/placeholder/stores/8/No_image_1.png"",""label"":""OPPO A6 Pro 256GB 5G""}],""storage_options"":[""256GB""]}"
vodacom:DV6HD13622,vodacom,Vodacom,#E60000,DV6HD13622,HUAWEI nova 15 Max 8/256GB,dv6hd13622,Huawei,smartphone,device_contract,549,,,,,,,,,,in_stock,https://www.vodacom.co.za/shopping/deals,"Vodacom catalogue snapshot fetched on 2026-08-06; confirm partner pricing, stock, and terms before fulfilment.",2026-08-06T00:00:00Z,https://www.vodacom.co.za/shopping/deals,true,false,https://shop.vodacom.co.za/media/catalog/product/placeholder/stores/8/No_image.png,Red Flexi 320,both,"{""package"":""Red Flexi 320"",""tariff"":320,""device_installment"":229,""source_sku"":""100024395"",""gallery"":[{""url"":""https://shop.vodacom.co.za/media/catalog/product/placeholder/stores/8/No_image.png"",""label"":""HUAWEI nova 15 Max 8/256GB""},{""url"":""https://shop.vodacom.co.za/media/catalog/product/placeholder/stores/8/No_image_1.png"",""label"":""HUAWEI nova 15 Max 8/256GB""}],""storage_options"":[""256GB""]}"
vodacom:DV6HD00931,vodacom,Vodacom,#E60000,DV6HD00931,HUAWEI Mate 80 Pro 512GB,dv6hd00931,Huawei,smartphone,device_contract,1749,,,,,,,,,,in_stock,https://www.vodacom.co.za/shopping/deals,"Vodacom catalogue snapshot fetched on 2026-08-06; confirm partner pricing, stock, and terms before fulfilment.",2026-08-06T00:00:00Z,https://www.vodacom.co.za/shopping/deals,true,false,https://shop.vodacom.co.za/media/catalog/product/placeholder/stores/8/No_image.png,Red Flexi 1110,both,"{""package"":""Red Flexi 1110"",""tariff"":1110,""device_installment"":639,""source_sku"":""100024394"",""gallery"":[{""url"":""https://shop.vodacom.co.za/media/catalog/product/placeholder/stores/8/No_image.png"",""label"":""HUAWEI Mate 80 Pro 512GB""},{""url"":""https://shop.vodacom.co.za/media/catalog/product/placeholder/stores/8/No_image_1.png"",""label"":""HUAWEI Mate 80 Pro 512GB""}],""storage_options"":[""512GB""]}"
vodacom:DV6HD19711,vodacom,Vodacom,#E60000,DV6HD19711,Samsung Galaxy A27 128GB 5G  + Samsung Galaxy Tab A11 64GB 4G,dv6hd19711,Samsung,smartphone,device_contract,648,,,,,,,,,,in_stock,https://www.vodacom.co.za/shopping/deals,"Vodacom catalogue snapshot fetched on 2026-08-06; confirm partner pricing, stock, and terms before fulfilment.",2026-08-06T00:00:00Z,https://www.vodacom.co.za/shopping/deals,true,false,https://shop.vodacom.co.za/media/catalog/product/placeholder/stores/8/No_image.png,Red Flexi 320,both,"{""package"":""Red Flexi 320"",""tariff"":320,""device_installment"":328,""source_sku"":""100024159"",""gallery"":[{""url"":""https://shop.vodacom.co.za/media/catalog/product/placeholder/stores/8/No_image.png"",""label"":""Samsung Galaxy A27 128GB 5G  + Samsung Galaxy Tab A11 64GB 4G""},{""url"":""https://shop.vodacom.co.za/media/catalog/product/placeholder/stores/8/No_image_1.png"",""label"":""Samsung Galaxy A27 128GB 5G  + Samsung Galaxy Tab A11 64GB 4G""}],""storage_options"":[""64GB"",""128GB""]}"
vodacom:DV6HD04502,vodacom,Vodacom,#E60000,DV6HD04502,HONOR Magic V6 Red 512GB 5G,dv6hd04502,Honor,router,internet,2279,,,,,,,,,,in_stock,https://www.vodacom.co.za/shopping/deals,"Vodacom catalogue snapshot fetched on 2026-08-06; confirm partner pricing, stock, and terms before fulfilment.",2026-08-06T00:00:00Z,https://www.vodacom.co.za/shopping/deals,true,false,https://shop.vodacom.co.za/media/catalog/product/placeholder/stores/8/No_image.png,Red Flexi 735,both,"{""package"":""Red Flexi 735"",""tariff"":735,""device_installment"":1544,""source_sku"":""100024321"",""gallery"":[{""url"":""https://shop.vodacom.co.za/media/catalog/product/placeholder/stores/8/No_image.png"",""label"":""HONOR Magic V6 Red 512GB 5G""},{""url"":""https://shop.vodacom.co.za/media/catalog/product/placeholder/stores/8/No_image_1.png"",""label"":""HONOR Magic V6 Red 512GB 5G""}],""storage_options"":[""512GB""]}"
vodacom:DV6HD20890,vodacom,Vodacom,#E60000,DV6HD20890,2x Nubia A76 128GB 5G,dv6hd20890,Vodacom,smartphone,device_contract,779,,,,,,,,,,in_stock,https://www.vodacom.co.za/shopping/deals,"Vodacom catalogue snapshot fetched on 2026-08-06; confirm partner pricing, stock, and terms before fulfilment.",2026-08-06T00:00:00Z,https://www.vodacom.co.za/shopping/deals,true,false,https://shop.vodacom.co.za/media/catalog/product/placeholder/stores/8/No_image.png,RED Core 12GB 750min ,both,"{""package"":""RED Core 12GB 750min "",""tariff"":779,""device_installment"":null,""source_sku"":""100023403"",""gallery"":[{""url"":""https://shop.vodacom.co.za/media/catalog/product/placeholder/stores/8/No_image.png"",""label"":""2x Nubia A76 128GB 5G""},{""url"":""https://shop.vodacom.co.za/media/catalog/product/placeholder/stores/8/No_image_1.png"",""label"":""2x Nubia A76 128GB 5G""}],""storage_options"":[""128GB""]}"
vodacom:DV6HD11275,vodacom,Vodacom,#E60000,DV6HD11275,Samsung Galaxy S26 Ultra 1TB 5G + Galaxy Watch8 LTE 44mm,dv6hd11275,Samsung,smartphone,device_contract,2258,,,,,,,,,,in_stock,https://www.vodacom.co.za/shopping/deals,"Vodacom catalogue snapshot fetched on 2026-08-06; confirm partner pricing, stock, and terms before fulfilment.",2026-08-06T00:00:00Z,https://www.vodacom.co.za/shopping/deals,true,false,https://shop.vodacom.co.za/media/catalog/product/placeholder/stores/8/No_image.png,Red Flexi 1110,both,"{""package"":""Red Flexi 1110"",""tariff"":1110,""device_installment"":1148,""source_sku"":""100023968"",""gallery"":[{""url"":""https://shop.vodacom.co.za/media/catalog/product/placeholder/stores/8/No_image.png"",""label"":""Samsung Galaxy S26 Ultra 1TB 5G + Galaxy Watch8 LTE 44mm""},{""url"":""https://shop.vodacom.co.za/media/catalog/product/placeholder/stores/8/No_image_1.png"",""label"":""Samsung Galaxy S26 Ultra 1TB 5G + Galaxy Watch8 LTE 44mm""}],""storage_options"":[]}"
vodacom:DV6HD19562,vodacom,Vodacom,#E60000,DV6HD19562,2x HONOR X6c 128GB,dv6hd19562,Vodacom,smartphone,device_contract,1619,,,,,,,,,,in_stock,https://www.vodacom.co.za/shopping/deals,"Vodacom catalogue snapshot fetched on 2026-08-06; confirm partner pricing, stock, and terms before fulfilment.",2026-08-06T00:00:00Z,https://www.vodacom.co.za/shopping/deals,true,false,https://shop.vodacom.co.za/media/catalog/product/placeholder/stores/8/No_image.png,RED VIP 50GB,both,"{""package"":""RED VIP 50GB"",""tariff"":1619,""device_installment"":null,""source_sku"":""100023358"",""gallery"":[{""url"":""https://shop.vodacom.co.za/media/catalog/product/placeholder/stores/8/No_image.png"",""label"":""2x HONOR X6c 128GB""},{""url"":""https://shop.vodacom.co.za/media/catalog/product/placeholder/stores/8/No_image_1.png"",""label"":""2x HONOR X6c 128GB""}],""storage_options"":[""128GB""]}"
vodacom:DV6HD11186,vodacom,Vodacom,#E60000,DV6HD11186,Samsung Galaxy S25 Edge 256GB 5G with PowerBank,dv6hd11186,Samsung,smartphone,device_contract,1479,,,,,,,,,,in_stock,https://www.vodacom.co.za/shopping/deals,"Vodacom catalogue snapshot fetched on 2026-08-06; confirm partner pricing, stock, and terms before fulfilment.",2026-08-06T00:00:00Z,https://www.vodacom.co.za/shopping/deals,true,false,https://shop.vodacom.co.za/media/catalog/product/placeholder/stores/8/No_image.png,Red Flexi 1110,both,"{""package"":""Red Flexi 1110"",""tariff"":1110,""device_installment"":369,""source_sku"":""100022961"",""gallery"":[{""url"":""https://shop.vodacom.co.za/media/catalog/product/placeholder/stores/8/No_image.png"",""label"":""Samsung Galaxy S25 Edge 256GB 5G with PowerBank""},{""url"":""https://shop.vodacom.co.za/media/catalog/product/placeholder/stores/8/No_image_1.png"",""label"":""Samsung Galaxy S25 Edge 256GB 5G with PowerBank""}],""storage_options"":[""256GB""]}"
vodacom:DV6HD09689,vodacom,Vodacom,#E60000,DV6HD09689,2x OPPO A6k 256GB  (Top Up),dv6hd09689,Vodacom,smartphone,device_contract,1149,,,,,,,,,,in_stock,https://www.vodacom.co.za/shopping/deals,"Vodacom catalogue snapshot fetched on 2026-08-06; confirm partner pricing, stock, and terms before fulfilment.",2026-08-06T00:00:00Z,https://www.vodacom.co.za/shopping/deals,true,false,https://shop.vodacom.co.za/media/catalog/product/placeholder/stores/8/No_image.png,RED Core 6GB 250min Top up ,both,"{""package"":""RED Core 6GB 250min Top up "",""tariff"":794,""device_installment"":355,""source_sku"":""100024405"",""gallery"":[{""url"":""https://shop.vodacom.co.za/media/catalog/product/placeholder/stores/8/No_image.png"",""label"":""2x OPPO A6k 256GB  (Top Up)""},{""url"":""https://shop.vodacom.co.za/media/catalog/product/placeholder/stores/8/No_image_1.png"",""label"":""2x OPPO A6k 256GB  (Top Up)""}],""storage_options"":[""256GB""]}"
vodacom:DV6HD22517,vodacom,Vodacom,#E60000,DV6HD22517,vivo V70 512GB 5G,dv6hd22517,Vivo,smartphone,device_contract,929,,,,,,,,,,in_stock,https://www.vodacom.co.za/shopping/deals,"Vodacom catalogue snapshot fetched on 2026-08-06; confirm partner pricing, stock, and terms before fulfilment.",2026-08-06T00:00:00Z,https://www.vodacom.co.za/shopping/deals,true,false,https://shop.vodacom.co.za/media/catalog/product/placeholder/stores/8/No_image.png,RED Core 6GB 250min ,both,"{""package"":""RED Core 6GB 250min "",""tariff"":730,""device_installment"":199,""source_sku"":""100024295"",""gallery"":[{""url"":""https://shop.vodacom.co.za/media/catalog/product/placeholder/stores/8/No_image.png"",""label"":""vivo V70 512GB 5G""},{""url"":""https://shop.vodacom.co.za/media/catalog/product/placeholder/stores/8/No_image_1.png"",""label"":""vivo V70 512GB 5G""}],""storage_options"":[""512GB""]}"
vodacom:DV6HD19420,vodacom,Vodacom,#E60000,DV6HD19420,2x Redmi Note 15 256GB,dv6hd19420,Vodacom,smartphone,device_contract,1079,,,,,,,,,,in_stock,https://www.vodacom.co.za/shopping/deals,"Vodacom catalogue snapshot fetched on 2026-08-06; confirm partner pricing, stock, and terms before fulfilment.",2026-08-06T00:00:00Z,https://www.vodacom.co.za/shopping/deals,true,false,https://shop.vodacom.co.za/media/catalog/product/placeholder/stores/8/No_image.png,Red Flexi 735,both,"{""package"":""Red Flexi 735"",""tariff"":735,""device_installment"":344,""source_sku"":""100024101"",""gallery"":[{""url"":""https://shop.vodacom.co.za/media/catalog/product/placeholder/stores/8/No_image.png"",""label"":""2x Redmi Note 15 256GB""},{""url"":""https://shop.vodacom.co.za/media/catalog/product/placeholder/stores/8/No_image_1.png"",""label"":""2x Redmi Note 15 256GB""}],""storage_options"":[""256GB""]}"
vodacom:DV6HD22965,vodacom,Vodacom,#E60000,DV6HD22965,HUAWEI Mate 80 Pro 512GB,dv6hd22965,Huawei,smartphone,device_contract,869,,,,,,,,,,in_stock,https://www.vodacom.co.za/shopping/deals,"Vodacom catalogue snapshot fetched on 2026-08-06; confirm partner pricing, stock, and terms before fulfilment.",2026-08-06T00:00:00Z,https://www.vodacom.co.za/shopping/deals,true,false,https://shop.vodacom.co.za/media/catalog/product/placeholder/stores/8/No_image.png,RED Flexi 425,both,"{""package"":""RED Flexi 425"",""tariff"":425,""device_installment"":444,""source_sku"":""100024394"",""gallery"":[{""url"":""https://shop.vodacom.co.za/media/catalog/product/placeholder/stores/8/No_image.png"",""label"":""HUAWEI Mate 80 Pro 512GB""},{""url"":""https://shop.vodacom.co.za/media/catalog/product/placeholder/stores/8/No_image_1.png"",""label"":""HUAWEI Mate 80 Pro 512GB""}],""storage_options"":[""512GB""]}"
vodacom:DV6HD16585,vodacom,Vodacom,#E60000,DV6HD16585,vivo V60 Lite 256GB 5G + Riro Watch W2SE  (Top Up),dv6hd16585,Vivo,smartphone,device_contract,649,,,,,,,,,,in_stock,https://www.vodacom.co.za/shopping/deals,"Vodacom catalogue snapshot fetched on 2026-08-06; confirm partner pricing, stock, and terms before fulfilment.",2026-08-06T00:00:00Z,https://www.vodacom.co.za/shopping/deals,true,false,https://shop.vodacom.co.za/media/catalog/product/placeholder/stores/8/No_image.png,RED Core 3GB 100min Top up ,both,"{""package"":""RED Core 3GB 100min Top up "",""tariff"":443,""device_installment"":206,""source_sku"":""100023309"",""gallery"":[{""url"":""https://shop.vodacom.co.za/media/catalog/product/placeholder/stores/8/No_image.png"",""label"":""vivo V60 Lite 256GB 5G + Riro Watch W2SE  (Top Up)""},{""url"":""https://shop.vodacom.co.za/media/catalog/product/placeholder/stores/8/No_image_1.png"",""label"":""vivo V60 Lite 256GB 5G + Riro Watch W2SE  (Top Up)""}],""storage_options"":[""256GB""]}"
vodacom:DV6GD22262,vodacom,Vodacom,#E60000,DV6GD22262,Samsung Galaxy Z Fold8 Ultra 512GB 5G  + Samsung 45w Charger  + FREE Carbon Magnet Case,dv6gd22262,Samsung,smartphone,device_contract,2619,,,,,,,,,,in_stock,https://www.vodacom.co.za/shopping/deals,"Vodacom catalogue snapshot fetched on 2026-08-06; confirm partner pricing, stock, and terms before fulfilment.",2026-08-06T00:00:00Z,https://www.vodacom.co.za/shopping/deals,true,false,https://shop.vodacom.co.za/media/catalog/product/s/a/samsung_galaxy_z_fold8_ultra_512gb_5g_-_top_2__1.jpg?store=shop&image-type=image,Red Flexi 545,both,"{""package"":""Red Flexi 545"",""tariff"":545,""device_installment"":2074,""source_sku"":""100024507"",""gallery"":[{""url"":""https://shop.vodacom.co.za/media/catalog/product/s/a/samsung_galaxy_z_fold8_ultra_512gb_5g_-_top_2__1.jpg?store=shop&image-type=image"",""label"":""Samsung Galaxy Z Fold8 Ultra 512GB 5G  + Samsung 45w Charger  + FREE Carbon Magnet Case""},{""url"":""https://shop.vodacom.co.za/media/catalog/product/s/a/samsung_galaxy_z_fold8_ultra_512gb_5g_-_top_2__1.jpg?store=shop&image-type=small_image"",""label"":""Samsung Galaxy Z Fold8 Ultra 512GB 5G  + Samsung 45w Charger  + FREE Carbon Magnet Case""}],""storage_options"":[""512GB""]}"
vodacom:DV6HD04712,vodacom,Vodacom,#E60000,DV6HD04712,HUAWEI nova Y74 8/256GB   (Top Up),dv6hd04712,Huawei,smartphone,device_contract,749,,,,,,,,,,in_stock,https://www.vodacom.co.za/shopping/deals,"Vodacom catalogue snapshot fetched on 2026-08-06; confirm partner pricing, stock, and terms before fulfilment.",2026-08-06T00:00:00Z,https://www.vodacom.co.za/shopping/deals,true,false,https://shop.vodacom.co.za/media/catalog/product/placeholder/stores/8/No_image.png,RED Core 6GB 250min Top up ,both,"{""package"":""RED Core 6GB 250min Top up "",""tariff"":749,""device_installment"":null,""source_sku"":""100024396"",""gallery"":[{""url"":""https://shop.vodacom.co.za/media/catalog/product/placeholder/stores/8/No_image.png"",""label"":""HUAWEI nova Y74 8/256GB   (Top Up)""},{""url"":""https://shop.vodacom.co.za/media/catalog/product/placeholder/stores/8/No_image_1.png"",""label"":""HUAWEI nova Y74 8/256GB   (Top Up)""}],""storage_options"":[""256GB""]}"
vodacom:DV6HD16572,vodacom,Vodacom,#E60000,DV6HD16572,OPPO Reno15 F 512GB 5G  (Top Up),dv6hd16572,Oppo,smartphone,device_contract,749,,,,,,,,,,in_stock,https://www.vodacom.co.za/shopping/deals,"Vodacom catalogue snapshot fetched on 2026-08-06; confirm partner pricing, stock, and terms before fulfilment.",2026-08-06T00:00:00Z,https://www.vodacom.co.za/shopping/deals,true,false,https://shop.vodacom.co.za/media/catalog/product/placeholder/stores/8/No_image.png,RED Core 3GB 100min Top up ,both,"{""package"":""RED Core 3GB 100min Top up "",""tariff"":443,""device_installment"":306,""source_sku"":""100024095"",""gallery"":[{""url"":""https://shop.vodacom.co.za/media/catalog/product/placeholder/stores/8/No_image.png"",""label"":""OPPO Reno15 F 512GB 5G  (Top Up)""},{""url"":""https://shop.vodacom.co.za/media/catalog/product/placeholder/stores/8/No_image_1.png"",""label"":""OPPO Reno15 F 512GB 5G  (Top Up)""}],""storage_options"":[""512GB""]}"
vodacom:DV6HD07962,vodacom,Vodacom,#E60000,DV6HD07962,vivo Y11e 128GB 4G,dv6hd07962,Vivo,smartphone,device_contract,469,,,,,,,,,,in_stock,https://www.vodacom.co.za/shopping/deals,"Vodacom catalogue snapshot fetched on 2026-08-06; confirm partner pricing, stock, and terms before fulfilment.",2026-08-06T00:00:00Z,https://www.vodacom.co.za/shopping/deals,true,false,https://shop.vodacom.co.za/media/catalog/product/placeholder/stores/8/No_image.png,RED Core 3GB 100min ,both,"{""package"":""RED Core 3GB 100min "",""tariff"":406,""device_installment"":63,""source_sku"":""100024467"",""gallery"":[{""url"":""https://shop.vodacom.co.za/media/catalog/product/placeholder/stores/8/No_image.png"",""label"":""vivo Y11e 128GB 4G""},{""url"":""https://shop.vodacom.co.za/media/catalog/product/placeholder/stores/8/No_image_1.png"",""label"":""vivo Y11e 128GB 4G""}],""storage_options"":[""128GB""]}"
vodacom:DV6GD23373,vodacom,Vodacom,#E60000,DV6GD23373,Samsung Galaxy Z Flip8 256GB 5G  + Samsung 45w Charger  + Galaxy Buds 4 + Galaxy Watch 9 40mm LTE + FREE Silicone Magnet Case,dv6gd23373,Samsung,smartphone,device_contract,1788,,,,,,,,,,in_stock,https://www.vodacom.co.za/shopping/deals,"Vodacom catalogue snapshot fetched on 2026-08-06; confirm partner pricing, stock, and terms before fulfilment.",2026-08-06T00:00:00Z,https://www.vodacom.co.za/shopping/deals,true,false,https://shop.vodacom.co.za/media/catalog/product/s/a/samsung_galaxy_z_flip8_256gb_5g_-_main_1__1.jpg?store=shop&image-type=image,RED Flexi 425,both,"{""package"":""RED Flexi 425"",""tariff"":425,""device_installment"":1363,""source_sku"":""100024504"",""gallery"":[{""url"":""https://shop.vodacom.co.za/media/catalog/product/s/a/samsung_galaxy_z_flip8_256gb_5g_-_main_1__1.jpg?store=shop&image-type=image"",""label"":""Samsung Galaxy Z Flip8 256GB 5G  + Samsung 45w Charger  + Galaxy Buds 4 + Galaxy Watch 9 40mm LTE + FREE Silicone Magnet Case""},{""url"":""https://shop.vodacom.co.za/media/catalog/product/s/a/samsung_galaxy_z_flip8_256gb_5g_-_main_1__1.jpg?store=shop&image-type=small_image"",""label"":""Samsung Galaxy Z Flip8 256GB 5G  + Samsung 45w Charger  + Galaxy Buds 4 + Galaxy Watch 9 40mm LTE + FREE Silicone Magnet Case""}],""storage_options"":[""256GB""]}"
vodacom:DV6GD23279,vodacom,Vodacom,#E60000,DV6GD23279,Samsung Galaxy Z Fold8 256GB 5G  + Samsung 45w Charger  + Galaxy Buds 4 + Galaxy Watch 9 44mm LTE + FREE Wide Carbon Magnet Case,dv6gd23279,Samsung,smartphone,device_contract,2648,,,,,,,,,,in_stock,https://www.vodacom.co.za/shopping/deals,"Vodacom catalogue snapshot fetched on 2026-08-06; confirm partner pricing, stock, and terms before fulfilment.",2026-08-06T00:00:00Z,https://www.vodacom.co.za/shopping/deals,true,false,https://shop.vodacom.co.za/media/catalog/product/s/a/samsung_galaxy_z_fold8_256gb_5g_-_main_1__1.jpg?store=shop&image-type=image,Red Flexi 735,both,"{""package"":""Red Flexi 735"",""tariff"":735,""device_installment"":1913,""source_sku"":""100024509"",""gallery"":[{""url"":""https://shop.vodacom.co.za/media/catalog/product/s/a/samsung_galaxy_z_fold8_256gb_5g_-_main_1__1.jpg?store=shop&image-type=image"",""label"":""Samsung Galaxy Z Fold8 256GB 5G  + Samsung 45w Charger  + Galaxy Buds 4 + Galaxy Watch 9 44mm LTE + FREE Wide Carbon Magnet Case""},{""url"":""https://shop.vodacom.co.za/media/catalog/product/s/a/samsung_galaxy_z_fold8_256gb_5g_-_main_1__1.jpg?store=shop&image-type=small_image"",""label"":""Samsung Galaxy Z Fold8 256GB 5G  + Samsung 45w Charger  + Galaxy Buds 4 + Galaxy Watch 9 44mm LTE + FREE Wide Carbon Magnet Case""}],""storage_options"":[""256GB""]}"
vodacom:DV6HD08995,vodacom,Vodacom,#E60000,DV6HD08995,2x Apple iPhone 15 128GB 5G,dv6hd08995,Vodacom,smartphone,device_contract,2789,,,,,,,,,,in_stock,https://www.vodacom.co.za/shopping/deals,"Vodacom catalogue snapshot fetched on 2026-08-06; confirm partner pricing, stock, and terms before fulfilment.",2026-08-06T00:00:00Z,https://www.vodacom.co.za/shopping/deals,true,false,https://shop.vodacom.co.za/media/catalog/product/placeholder/stores/8/No_image.png,RED VIP 50GB,both,"{""package"":""RED VIP 50GB"",""tariff"":2435,""device_installment"":354,""source_sku"":""100021503"",""gallery"":[{""url"":""https://shop.vodacom.co.za/media/catalog/product/placeholder/stores/8/No_image.png"",""label"":""2x Apple iPhone 15 128GB 5G""},{""url"":""https://shop.vodacom.co.za/media/catalog/product/placeholder/stores/8/No_image_1.png"",""label"":""2x Apple iPhone 15 128GB 5G""}],""storage_options"":[""128GB""]}"
vodacom:DV6GD25217,vodacom,Vodacom,#E60000,DV6GD25217,Samsung Galaxy Z Fold8 256GB 5G  + Galaxy Buds 4 + Galaxy Watch 9 40mm LTE + FREE Wide Carbon Magnet Case + Samsung 45w Charger,dv6gd25217,Samsung,smartphone,device_contract,2018,,,,,,,,,,in_stock,https://www.vodacom.co.za/shopping/deals,"Vodacom catalogue snapshot fetched on 2026-08-06; confirm partner pricing, stock, and terms before fulfilment.",2026-08-06T00:00:00Z,https://www.vodacom.co.za/shopping/deals,true,false,https://shop.vodacom.co.za/media/catalog/product/s/a/samsung_galaxy_z_fold8_256gb_5g_-_main_1__1.jpg?store=shop&image-type=image,RED Core 12GB 750min ,both,"{""package"":""RED Core 12GB 750min "",""tariff"":1161,""device_installment"":857,""source_sku"":""100024509"",""gallery"":[{""url"":""https://shop.vodacom.co.za/media/catalog/product/s/a/samsung_galaxy_z_fold8_256gb_5g_-_main_1__1.jpg?store=shop&image-type=image"",""label"":""Samsung Galaxy Z Fold8 256GB 5G  + Galaxy Buds 4 + Galaxy Watch 9 40mm LTE + FREE Wide Carbon Magnet Case + Samsung 45w Charger ""},{""url"":""https://shop.vodacom.co.za/media/catalog/product/s/a/samsung_galaxy_z_fold8_256gb_5g_-_main_1__1.jpg?store=shop&image-type=small_image"",""label"":""Samsung Galaxy Z Fold8 256GB 5G  + Galaxy Buds 4 + Galaxy Watch 9 40mm LTE + FREE Wide Carbon Magnet Case + Samsung 45w Charger""}],""storage_options"":[""256GB""]}"
vodacom:DV6HD03199,vodacom,Vodacom,#E60000,DV6HD03199,Apple iPhone 17 Pro Max 256GB 5G,dv6hd03199,Apple,smartphone,device_contract,3399,,,,,,,,,,in_stock,https://www.vodacom.co.za/shopping/deals,"Vodacom catalogue snapshot fetched on 2026-08-06; confirm partner pricing, stock, and terms before fulfilment.",2026-08-06T00:00:00Z,https://www.vodacom.co.za/shopping/deals,true,false,https://shop.vodacom.co.za/media/catalog/product/placeholder/stores/8/No_image.png,RED VIP 200GB,both,"{""package"":""RED VIP 200GB"",""tariff"":3399,""device_installment"":null,""source_sku"":""100023764"",""gallery"":[{""url"":""https://shop.vodacom.co.za/media/catalog/product/placeholder/stores/8/No_image.png"",""label"":""Apple iPhone 17 Pro Max 256GB 5G""},{""url"":""https://shop.vodacom.co.za/media/catalog/product/placeholder/stores/8/No_image_1.png"",""label"":""Apple iPhone 17 Pro Max 256GB 5G""}],""storage_options"":[""256GB""]}"
vodacom:DV6GD24569,vodacom,Vodacom,#E60000,DV6GD24569,Samsung Galaxy Z Flip8 256GB 5G  + Samsung 45w Charger  + Galaxy Watch 9 40mm BT + FREE Silicone Magnet Case (Top Up),dv6gd24569,Samsung,smartphone,device_contract,1158,,,,,,,,,,in_stock,https://www.vodacom.co.za/shopping/deals,"Vodacom catalogue snapshot fetched on 2026-08-06; confirm partner pricing, stock, and terms before fulfilment.",2026-08-06T00:00:00Z,https://www.vodacom.co.za/shopping/deals,true,false,https://shop.vodacom.co.za/media/catalog/product/s/a/samsung_galaxy_z_flip8_256gb_5g_-_main_1__1.jpg?store=shop&image-type=image,RED Core 3GB 100min Top up ,both,"{""package"":""RED Core 3GB 100min Top up "",""tariff"":443,""device_installment"":715,""source_sku"":""100024504"",""gallery"":[{""url"":""https://shop.vodacom.co.za/media/catalog/product/s/a/samsung_galaxy_z_flip8_256gb_5g_-_main_1__1.jpg?store=shop&image-type=image"",""label"":""Samsung Galaxy Z Flip8 256GB 5G  + Samsung 45w Charger  + Galaxy Watch 9 40mm BT + FREE Silicone Magnet Case (Top Up)""},{""url"":""https://shop.vodacom.co.za/media/catalog/product/s/a/samsung_galaxy_z_flip8_256gb_5g_-_main_1__1.jpg?store=shop&image-type=small_image"",""label"":""Samsung Galaxy Z Flip8 256GB 5G  + Samsung 45w Charger  + Galaxy Watch 9 40mm BT + FREE Silicone Magnet Case (Top Up)""}],""storage_options"":[""256GB""]}"
vodacom:DV6HD02585,vodacom,Vodacom,#E60000,DV6HD02585,Samsung Galaxy S26 256GB 5G + Galaxy Watch8 LTE 40mm,dv6hd02585,Samsung,smartphone,device_contract,2878,,,,,,,,,,in_stock,https://www.vodacom.co.za/shopping/deals,"Vodacom catalogue snapshot fetched on 2026-08-06; confirm partner pricing, stock, and terms before fulfilment.",2026-08-06T00:00:00Z,https://www.vodacom.co.za/shopping/deals,true,false,https://shop.vodacom.co.za/media/catalog/product/placeholder/stores/8/No_image.png,RED VIP 200GB,both,"{""package"":""RED VIP 200GB"",""tariff"":2878,""device_installment"":null,""source_sku"":""100023958"",""gallery"":[{""url"":""https://shop.vodacom.co.za/media/catalog/product/placeholder/stores/8/No_image.png"",""label"":""Samsung Galaxy S26 256GB 5G + Galaxy Watch8 LTE 40mm""},{""url"":""https://shop.vodacom.co.za/media/catalog/product/placeholder/stores/8/No_image_1.png"",""label"":""Samsung Galaxy S26 256GB 5G + Galaxy Watch8 LTE 40mm""}],""storage_options"":[""256GB""]}"
vodacom:DV6HD04508,vodacom,Vodacom,#E60000,DV6HD04508,Samsung Galaxy S26 Ultra 1TB 5G + Galaxy Watch 9 40mm LTE,dv6hd04508,Samsung,smartphone,device_contract,2608,,,,,,,,,,in_stock,https://www.vodacom.co.za/shopping/deals,"Vodacom catalogue snapshot fetched on 2026-08-06; confirm partner pricing, stock, and terms before fulfilment.",2026-08-06T00:00:00Z,https://www.vodacom.co.za/shopping/deals,true,false,https://shop.vodacom.co.za/media/catalog/product/placeholder/stores/8/No_image.png,Red Flexi 735,both,"{""package"":""Red Flexi 735"",""tariff"":735,""device_installment"":1873,""source_sku"":""100023968"",""gallery"":[{""url"":""https://shop.vodacom.co.za/media/catalog/product/placeholder/stores/8/No_image.png"",""label"":""Samsung Galaxy S26 Ultra 1TB 5G + Galaxy Watch 9 40mm LTE""},{""url"":""https://shop.vodacom.co.za/media/catalog/product/placeholder/stores/8/No_image_1.png"",""label"":""Samsung Galaxy S26 Ultra 1TB 5G + Galaxy Watch 9 40mm LTE""}],""storage_options"":[]}"
vodacom:DV6HD08635,vodacom,Vodacom,#E60000,DV6HD08635,Samsung Galaxy S26 Ultra 256GB 5G + Galaxy Watch8 LTE 40mm,dv6hd08635,Samsung,smartphone,device_contract,2048,,,,,,,,,,in_stock,https://www.vodacom.co.za/shopping/deals,"Vodacom catalogue snapshot fetched on 2026-08-06; confirm partner pricing, stock, and terms before fulfilment.",2026-08-06T00:00:00Z,https://www.vodacom.co.za/shopping/deals,true,false,https://shop.vodacom.co.za/media/catalog/product/placeholder/stores/8/No_image.png,RED Core 12GB 750min ,both,"{""package"":""RED Core 12GB 750min "",""tariff"":1161,""device_installment"":887,""source_sku"":""100023964"",""gallery"":[{""url"":""https://shop.vodacom.co.za/media/catalog/product/placeholder/stores/8/No_image.png"",""label"":""Samsung Galaxy S26 Ultra 256GB 5G + Galaxy Watch8 LTE 40mm""},{""url"":""https://shop.vodacom.co.za/media/catalog/product/placeholder/stores/8/No_image_1.png"",""label"":""Samsung Galaxy S26 Ultra 256GB 5G + Galaxy Watch8 LTE 40mm""}],""storage_options"":[""256GB""]}"
vodacom:DV6GD23654,vodacom,Vodacom,#E60000,DV6GD23654,Samsung Galaxy Z Fold8 512GB 5G + FREE Wide Carbon Magnet Case + Galaxy Watch 9 40mm LTE + Samsung 45w Charger,dv6gd23654,Samsung,smartphone,device_contract,3428,,,,,,,,,,in_stock,https://www.vodacom.co.za/shopping/deals,"Vodacom catalogue snapshot fetched on 2026-08-06; confirm partner pricing, stock, and terms before fulfilment.",2026-08-06T00:00:00Z,https://www.vodacom.co.za/shopping/deals,true,false,https://shop.vodacom.co.za/media/catalog/product/s/a/samsung_galaxy_z_fold8_512gb_5g_-_main_1__1.jpg?store=shop&image-type=image,RED VIP 50GB,both,"{""package"":""RED VIP 50GB"",""tariff"":2435,""device_installment"":993,""source_sku"":""100024510"",""gallery"":[{""url"":""https://shop.vodacom.co.za/media/catalog/product/s/a/samsung_galaxy_z_fold8_512gb_5g_-_main_1__1.jpg?store=shop&image-type=image"",""label"":""Samsung Galaxy Z Fold8 512GB 5G + FREE Wide Carbon Magnet Case + Galaxy Watch 9 40mm LTE + Samsung 45w Charger ""},{""url"":""https://shop.vodacom.co.za/media/catalog/product/s/a/samsung_galaxy_z_fold8_512gb_5g_-_main_1__1.jpg?store=shop&image-type=small_image"",""label"":""Samsung Galaxy Z Fold8 512GB 5G + FREE Wide Carbon Magnet Case + Galaxy Watch 9 40mm LTE + Samsung 45w Charger""}],""storage_options"":[""512GB""]}"
vodacom:DV6HD07907,vodacom,Vodacom,#E60000,DV6HD07907,Samsung Galaxy S25FE 128GB 5G,dv6hd07907,Samsung,smartphone,device_contract,819,,,,,,,,,,in_stock,https://www.vodacom.co.za/shopping/deals,"Vodacom catalogue snapshot fetched on 2026-08-06; confirm partner pricing, stock, and terms before fulfilment.",2026-08-06T00:00:00Z,https://www.vodacom.co.za/shopping/deals,true,false,https://shop.vodacom.co.za/media/catalog/product/placeholder/stores/8/No_image.png,RED Core 3GB 100min ,both,"{""package"":""RED Core 3GB 100min "",""tariff"":406,""device_installment"":413,""source_sku"":""100023372"",""gallery"":[{""url"":""https://shop.vodacom.co.za/media/catalog/product/placeholder/stores/8/No_image.png"",""label"":""Samsung Galaxy S25FE 128GB 5G""},{""url"":""https://shop.vodacom.co.za/media/catalog/product/placeholder/stores/8/No_image_1.png"",""label"":""Samsung Galaxy S25FE 128GB 5G""}],""storage_options"":[""128GB""]}"
vodacom:DV6GD22220,vodacom,Vodacom,#E60000,DV6GD22220,Samsung Galaxy Z Fold8 Ultra 512GB 5G  + Samsung 45w Charger  + Galaxy Watch 9 44mm LTE + FREE Carbon Magnet Case,dv6gd22220,Samsung,smartphone,device_contract,3008,,,,,,,,,,in_stock,https://www.vodacom.co.za/shopping/deals,"Vodacom catalogue snapshot fetched on 2026-08-06; confirm partner pricing, stock, and terms before fulfilment.",2026-08-06T00:00:00Z,https://www.vodacom.co.za/shopping/deals,true,false,https://shop.vodacom.co.za/media/catalog/product/s/a/samsung_galaxy_z_fold8_ultra_512gb_5g_-_top_2__1.jpg?store=shop&image-type=image,Red Flexi 735,both,"{""package"":""Red Flexi 735"",""tariff"":735,""device_installment"":2273,""source_sku"":""100024507"",""gallery"":[{""url"":""https://shop.vodacom.co.za/media/catalog/product/s/a/samsung_galaxy_z_fold8_ultra_512gb_5g_-_top_2__1.jpg?store=shop&image-type=image"",""label"":""Samsung Galaxy Z Fold8 Ultra 512GB 5G  + Samsung 45w Charger  + Galaxy Watch 9 44mm LTE + FREE Carbon Magnet Case""},{""url"":""https://shop.vodacom.co.za/media/catalog/product/s/a/samsung_galaxy_z_fold8_ultra_512gb_5g_-_top_2__1.jpg?store=shop&image-type=small_image"",""label"":""Samsung Galaxy Z Fold8 Ultra 512GB 5G  + Samsung 45w Charger  + Galaxy Watch 9 44mm LTE + FREE Carbon Magnet Case""}],""storage_options"":[""512GB""]}"
vodacom:DV6HD20352,vodacom,Vodacom,#E60000,DV6HD20352,Samsung Galaxy A57 256GB 5G + Samsung Galaxy Tab A11 64GB 4G,dv6hd20352,Samsung,smartphone,device_contract,868,,,,,,,,,,in_stock,https://www.vodacom.co.za/shopping/deals,"Vodacom catalogue snapshot fetched on 2026-08-06; confirm partner pricing, stock, and terms before fulfilment.",2026-08-06T00:00:00Z,https://www.vodacom.co.za/shopping/deals,true,false,https://shop.vodacom.co.za/media/catalog/product/placeholder/stores/8/No_image.png,RED Flexi 425,both,"{""package"":""RED Flexi 425"",""tariff"":425,""device_installment"":443,""source_sku"":""100024076"",""gallery"":[{""url"":""https://shop.vodacom.co.za/media/catalog/product/placeholder/stores/8/No_image.png"",""label"":""Samsung Galaxy A57 256GB 5G + Samsung Galaxy Tab A11 64GB 4G""},{""url"":""https://shop.vodacom.co.za/media/catalog/product/placeholder/stores/8/No_image_1.png"",""label"":""Samsung Galaxy A57 256GB 5G + Samsung Galaxy Tab A11 64GB 4G""}],""storage_options"":[""64GB"",""256GB""]}"
vodacom:DV6HD10536,vodacom,Vodacom,#E60000,DV6HD10536,OPPO Pad SE 128GB  (Top Up),dv6hd10536,Oppo,tablet,device_contract,449,,,,,,,,,,in_stock,https://www.vodacom.co.za/shopping/deals,"Vodacom catalogue snapshot fetched on 2026-08-06; confirm partner pricing, stock, and terms before fulfilment.",2026-08-06T00:00:00Z,https://www.vodacom.co.za/shopping/deals,true,false,https://shop.vodacom.co.za/media/catalog/product/placeholder/stores/8/No_image.png,200GB Data Top up,both,"{""package"":""200GB Data Top up"",""tariff"":329,""device_installment"":120,""source_sku"":""100023886"",""gallery"":[{""url"":""https://shop.vodacom.co.za/media/catalog/product/placeholder/stores/8/No_image.png"",""label"":""OPPO Pad SE 128GB  (Top Up)""},{""url"":""https://shop.vodacom.co.za/media/catalog/product/placeholder/stores/8/No_image_1.png"",""label"":""OPPO Pad SE 128GB  (Top Up)""}],""storage_options"":[""128GB""]}"
vodacom:DV6HD16386,vodacom,Vodacom,#E60000,DV6HD16386,Samsung Galaxy A37 256GB 5G,dv6hd16386,Samsung,smartphone,device_contract,639,,,,,,,,,,in_stock,https://www.vodacom.co.za/shopping/deals,"Vodacom catalogue snapshot fetched on 2026-08-06; confirm partner pricing, stock, and terms before fulfilment.",2026-08-06T00:00:00Z,https://www.vodacom.co.za/shopping/deals,true,false,https://shop.vodacom.co.za/media/catalog/product/placeholder/stores/8/No_image.png,RED Flexi 425,both,"{""package"":""RED Flexi 425"",""tariff"":425,""device_installment"":214,""source_sku"":""100024075"",""gallery"":[{""url"":""https://shop.vodacom.co.za/media/catalog/product/placeholder/stores/8/No_image.png"",""label"":""Samsung Galaxy A37 256GB 5G""},{""url"":""https://shop.vodacom.co.za/media/catalog/product/placeholder/stores/8/No_image_1.png"",""label"":""Samsung Galaxy A37 256GB 5G""}],""storage_options"":[""256GB""]}"
vodacom:DV6HD04199,vodacom,Vodacom,#E60000,DV6HD04199,Samsung Galaxy Tab S10 FE+ 128GB 5G  (Top Up),dv6hd04199,Samsung,tablet,device_contract,1069,,,,,,,,,,in_stock,https://www.vodacom.co.za/shopping/deals,"Vodacom catalogue snapshot fetched on 2026-08-06; confirm partner pricing, stock, and terms before fulfilment.",2026-08-06T00:00:00Z,https://www.vodacom.co.za/shopping/deals,true,false,https://shop.vodacom.co.za/media/catalog/product/placeholder/stores/8/No_image.png,400GB Data Top up,both,"{""package"":""400GB Data Top up"",""tariff"":399,""device_installment"":670,""source_sku"":""100022980"",""gallery"":[{""url"":""https://shop.vodacom.co.za/media/catalog/product/placeholder/stores/8/No_image.png"",""label"":""Samsung Galaxy Tab S10 FE+ 128GB 5G  (Top Up)""},{""url"":""https://shop.vodacom.co.za/media/catalog/product/placeholder/stores/8/No_image_1.png"",""label"":""Samsung Galaxy Tab S10 FE+ 128GB 5G  (Top Up)""}],""storage_options"":[""128GB""]}"
vodacom:DV6HD23000,vodacom,Vodacom,#E60000,DV6HD23000,HONOR X9d 256GB 5G  (Top Up),dv6hd23000,Honor,smartphone,device_contract,579,,,,,,,,,,in_stock,https://www.vodacom.co.za/shopping/deals,"Vodacom catalogue snapshot fetched on 2026-08-06; confirm partner pricing, stock, and terms before fulfilment.",2026-08-06T00:00:00Z,https://www.vodacom.co.za/shopping/deals,true,false,https://shop.vodacom.co.za/media/catalog/product/placeholder/stores/8/No_image.png,RED Core 3GB 100min Top up ,both,"{""package"":""RED Core 3GB 100min Top up "",""tariff"":443,""device_installment"":136,""source_sku"":""100023726"",""gallery"":[{""url"":""https://shop.vodacom.co.za/media/catalog/product/placeholder/stores/8/No_image.png"",""label"":""HONOR X9d 256GB 5G  (Top Up)""},{""url"":""https://shop.vodacom.co.za/media/catalog/product/placeholder/stores/8/No_image_1.png"",""label"":""HONOR X9d 256GB 5G  (Top Up)""}],""storage_options"":[""256GB""]}"
vodacom:DV6HD10371,vodacom,Vodacom,#E60000,DV6HD10371,Lenovo IdeaPad Ryzen 5 16/512GB + HUAWEI E5783-230A CAT7 Mi-Fi Router  (Top Up),dv6hd10371,Lenovo,laptop,device_contract,649,,,,,,,,,,in_stock,https://www.vodacom.co.za/shopping/deals,"Vodacom catalogue snapshot fetched on 2026-08-06; confirm partner pricing, stock, and terms before fulfilment.",2026-08-06T00:00:00Z,https://www.vodacom.co.za/shopping/deals,true,false,https://shop.vodacom.co.za/media/catalog/product/placeholder/stores/8/No_image.png,80GB Data Top up,both,"{""package"":""80GB Data Top up"",""tariff"":229,""device_installment"":420,""source_sku"":""100024141"",""gallery"":[{""url"":""https://shop.vodacom.co.za/media/catalog/product/placeholder/stores/8/No_image.png"",""label"":""Lenovo IdeaPad Ryzen 5 16/512GB + HUAWEI E5783-230A CAT7 Mi-Fi Router  (Top Up)""},{""url"":""https://shop.vodacom.co.za/media/catalog/product/placeholder/stores/8/No_image_1.png"",""label"":""Lenovo IdeaPad Ryzen 5 16/512GB + HUAWEI E5783-230A CAT7 Mi-Fi Router  (Top Up)""}],""storage_options"":[""512GB""]}"
vodacom:DV6HD08863,vodacom,Vodacom,#E60000,DV6HD08863,2x HUAWEI nova 14i 256GB,dv6hd08863,Vodacom,smartphone,device_contract,1529,,,,,,,,,,in_stock,https://www.vodacom.co.za/shopping/deals,"Vodacom catalogue snapshot fetched on 2026-08-06; confirm partner pricing, stock, and terms before fulfilment.",2026-08-06T00:00:00Z,https://www.vodacom.co.za/shopping/deals,true,false,https://shop.vodacom.co.za/media/catalog/product/placeholder/stores/8/No_image.png,Red Flexi 1110,both,"{""package"":""Red Flexi 1110"",""tariff"":1110,""device_installment"":419,""source_sku"":""100023536"",""gallery"":[{""url"":""https://shop.vodacom.co.za/media/catalog/product/placeholder/stores/8/No_image.png"",""label"":""2x HUAWEI nova 14i 256GB""},{""url"":""https://shop.vodacom.co.za/media/catalog/product/placeholder/stores/8/No_image_1.png"",""label"":""2x HUAWEI nova 14i 256GB""}],""storage_options"":[""256GB""]}"
vodacom:DV6HD07188,vodacom,Vodacom,#E60000,DV6HD07188,Samsung Galaxy S26 Ultra 512GB 5G + Galaxy Watch8 LTE 44mm  (Top Up),dv6hd07188,Samsung,smartphone,device_contract,2298,,,,,,,,,,in_stock,https://www.vodacom.co.za/shopping/deals,"Vodacom catalogue snapshot fetched on 2026-08-06; confirm partner pricing, stock, and terms before fulfilment.",2026-08-06T00:00:00Z,https://www.vodacom.co.za/shopping/deals,true,false,https://shop.vodacom.co.za/media/catalog/product/placeholder/stores/8/No_image.png,RED Core 12GB 750min Top up ,both,"{""package"":""RED Core 12GB 750min Top up "",""tariff"":1226,""device_installment"":1072,""source_sku"":""100023966"",""gallery"":[{""url"":""https://shop.vodacom.co.za/media/catalog/product/placeholder/stores/8/No_image.png"",""label"":""Samsung Galaxy S26 Ultra 512GB 5G + Galaxy Watch8 LTE 44mm  (Top Up)""},{""url"":""https://shop.vodacom.co.za/media/catalog/product/placeholder/stores/8/No_image_1.png"",""label"":""Samsung Galaxy S26 Ultra 512GB 5G + Galaxy Watch8 LTE 44mm  (Top Up)""}],""storage_options"":[""512GB""]}"
vodacom:DV6HD13695,vodacom,Vodacom,#E60000,DV6HD13695,Samsung Galaxy S26+ 256GB 5G + Galaxy Watch8 LTE 44mm,dv6hd13695,Samsung,smartphone,device_contract,1298,,,,,,,,,,in_stock,https://www.vodacom.co.za/shopping/deals,"Vodacom catalogue snapshot fetched on 2026-08-06; confirm partner pricing, stock, and terms before fulfilment.",2026-08-06T00:00:00Z,https://www.vodacom.co.za/shopping/deals,true,false,https://shop.vodacom.co.za/media/catalog/product/placeholder/stores/8/No_image.png,Red Flexi 545,both,"{""package"":""Red Flexi 545"",""tariff"":545,""device_installment"":753,""source_sku"":""100023962"",""gallery"":[{""url"":""https://shop.vodacom.co.za/media/catalog/product/placeholder/stores/8/No_image.png"",""label"":""Samsung Galaxy S26+ 256GB 5G + Galaxy Watch8 LTE 44mm""},{""url"":""https://shop.vodacom.co.za/media/catalog/product/placeholder/stores/8/No_image_1.png"",""label"":""Samsung Galaxy S26+ 256GB 5G + Galaxy Watch8 LTE 44mm""}],""storage_options"":[""256GB""]}"
vodacom:DV6HD17603,vodacom,Vodacom,#E60000,DV6HD17603,OPPO A6 Pro 256GB 5G  (Top Up),dv6hd17603,Oppo,smartphone,device_contract,1049,,,,,,,,,,in_stock,https://www.vodacom.co.za/shopping/deals,"Vodacom catalogue snapshot fetched on 2026-08-06; confirm partner pricing, stock, and terms before fulfilment.",2026-08-06T00:00:00Z,https://www.vodacom.co.za/shopping/deals,true,false,https://shop.vodacom.co.za/media/catalog/product/placeholder/stores/8/No_image.png,RED Core 12GB 750min Top up ,both,"{""package"":""RED Core 12GB 750min Top up "",""tariff"":1049,""device_installment"":null,""source_sku"":""100023429"",""gallery"":[{""url"":""https://shop.vodacom.co.za/media/catalog/product/placeholder/stores/8/No_image.png"",""label"":""OPPO A6 Pro 256GB 5G  (Top Up)""},{""url"":""https://shop.vodacom.co.za/media/catalog/product/placeholder/stores/8/No_image_1.png"",""label"":""OPPO A6 Pro 256GB 5G  (Top Up)""}],""storage_options"":[""256GB""]}"
vodacom:DV6HD00229,vodacom,Vodacom,#E60000,DV6HD00229,Samsung Galaxy Tab S10 Lite 128GB 5G  (Top Up),dv6hd00229,Samsung,tablet,device_contract,649,,,,,,,,,,in_stock,https://www.vodacom.co.za/shopping/deals,"Vodacom catalogue snapshot fetched on 2026-08-06; confirm partner pricing, stock, and terms before fulfilment.",2026-08-06T00:00:00Z,https://www.vodacom.co.za/shopping/deals,true,false,https://shop.vodacom.co.za/media/catalog/product/placeholder/stores/8/No_image.png,200GB Data Top up,both,"{""package"":""200GB Data Top up"",""tariff"":329,""device_installment"":320,""source_sku"":""100023370"",""gallery"":[{""url"":""https://shop.vodacom.co.za/media/catalog/product/placeholder/stores/8/No_image.png"",""label"":""Samsung Galaxy Tab S10 Lite 128GB 5G  (Top Up)""},{""url"":""https://shop.vodacom.co.za/media/catalog/product/placeholder/stores/8/No_image_1.png"",""label"":""Samsung Galaxy Tab S10 Lite 128GB 5G  (Top Up)""}],""storage_options"":[""128GB""]}"
vodacom:DV6HD12049,vodacom,Vodacom,#E60000,DV6HD12049,Samsung Galaxy S25 256GB 5G,dv6hd12049,Samsung,smartphone,device_contract,749,,,,,,,,,,in_stock,https://www.vodacom.co.za/shopping/deals,"Vodacom catalogue snapshot fetched on 2026-08-06; confirm partner pricing, stock, and terms before fulfilment.",2026-08-06T00:00:00Z,https://www.vodacom.co.za/shopping/deals,true,false,https://shop.vodacom.co.za/media/catalog/product/placeholder/stores/8/No_image.png,Red Flexi 245,both,"{""package"":""Red Flexi 245"",""tariff"":245,""device_installment"":504,""source_sku"":""100022663"",""gallery"":[{""url"":""https://shop.vodacom.co.za/media/catalog/product/placeholder/stores/8/No_image.png"",""label"":""Samsung Galaxy S25 256GB 5G""},{""url"":""https://shop.vodacom.co.za/media/catalog/product/placeholder/stores/8/No_image_1.png"",""label"":""Samsung Galaxy S25 256GB 5G""}],""storage_options"":[""256GB""]}"
vodacom:DV6HD03172,vodacom,Vodacom,#E60000,DV6HD03172,Samsung Galaxy S26 Ultra 512GB 5G,dv6hd03172,Samsung,smartphone,device_contract,3149,,,,,,,,,,in_stock,https://www.vodacom.co.za/shopping/deals,"Vodacom catalogue snapshot fetched on 2026-08-06; confirm partner pricing, stock, and terms before fulfilment.",2026-08-06T00:00:00Z,https://www.vodacom.co.za/shopping/deals,true,false,https://shop.vodacom.co.za/media/catalog/product/placeholder/stores/8/No_image.png,RED VIP 100GB,both,"{""package"":""RED VIP 100GB"",""tariff"":3115,""device_installment"":34,""source_sku"":""100023966"",""gallery"":[{""url"":""https://shop.vodacom.co.za/media/catalog/product/placeholder/stores/8/No_image.png"",""label"":""Samsung Galaxy S26 Ultra 512GB 5G""},{""url"":""https://shop.vodacom.co.za/media/catalog/product/placeholder/stores/8/No_image_1.png"",""label"":""Samsung Galaxy S26 Ultra 512GB 5G""}],""storage_options"":[""512GB""]}"
vodacom:DV6HD19751,vodacom,Vodacom,#E60000,DV6HD19751,2x Nubia A76 128GB 5G,dv6hd19751,Vodacom,smartphone,device_contract,239,,,,,,,,,,in_stock,https://www.vodacom.co.za/shopping/deals,"Vodacom catalogue snapshot fetched on 2026-08-06; confirm partner pricing, stock, and terms before fulfilment.",2026-08-06T00:00:00Z,https://www.vodacom.co.za/shopping/deals,true,false,https://shop.vodacom.co.za/media/catalog/product/placeholder/stores/8/No_image.png,Red Flexi 170,both,"{""package"":""Red Flexi 170"",""tariff"":170,""device_installment"":69,""source_sku"":""100023403"",""gallery"":[{""url"":""https://shop.vodacom.co.za/media/catalog/product/placeholder/stores/8/No_image.png"",""label"":""2x Nubia A76 128GB 5G""},{""url"":""https://shop.vodacom.co.za/media/catalog/product/placeholder/stores/8/No_image_1.png"",""label"":""2x Nubia A76 128GB 5G""}],""storage_options"":[""128GB""]}"
vodacom:DV6HD11266,vodacom,Vodacom,#E60000,DV6HD11266,HONOR Magic V5 512GB 5G,dv6hd11266,Honor,smartphone,device_contract,1979,,,,,,,,,,in_stock,https://www.vodacom.co.za/shopping/deals,"Vodacom catalogue snapshot fetched on 2026-08-06; confirm partner pricing, stock, and terms before fulfilment.",2026-08-06T00:00:00Z,https://www.vodacom.co.za/shopping/deals,true,false,https://shop.vodacom.co.za/media/catalog/product/placeholder/stores/8/No_image.png,Red Flexi 1110,both,"{""package"":""Red Flexi 1110"",""tariff"":1110,""device_installment"":869,""source_sku"":""100023250"",""gallery"":[{""url"":""https://shop.vodacom.co.za/media/catalog/product/placeholder/stores/8/No_image.png"",""label"":""HONOR Magic V5 512GB 5G""},{""url"":""https://shop.vodacom.co.za/media/catalog/product/placeholder/stores/8/No_image_1.png"",""label"":""HONOR Magic V5 512GB 5G""}],""storage_options"":[""512GB""]}"
vodacom:DV6HD08160,vodacom,Vodacom,#E60000,DV6HD08160,HUAWEI Pura 80 256GB,dv6hd08160,Huawei,smartphone,device_contract,2019,,,,,,,,,,in_stock,https://www.vodacom.co.za/shopping/deals,"Vodacom catalogue snapshot fetched on 2026-08-06; confirm partner pricing, stock, and terms before fulfilment.",2026-08-06T00:00:00Z,https://www.vodacom.co.za/shopping/deals,true,false,https://shop.vodacom.co.za/media/catalog/product/placeholder/stores/8/No_image.png,RED VIP 50GB,both,"{""package"":""RED VIP 50GB"",""tariff"":2019,""device_installment"":null,""source_sku"":""100023339"",""gallery"":[{""url"":""https://shop.vodacom.co.za/media/catalog/product/placeholder/stores/8/No_image.png"",""label"":""HUAWEI Pura 80 256GB""},{""url"":""https://shop.vodacom.co.za/media/catalog/product/placeholder/stores/8/No_image_1.png"",""label"":""HUAWEI Pura 80 256GB""}],""storage_options"":[""256GB""]}"
vodacom:DV6HD12927,vodacom,Vodacom,#E60000,DV6HD12927,vivo X300 Pro 512GB 5G + vivo Zeiss 2.35x Telephoto extender kit,dv6hd12927,Vivo,smartphone,device_contract,3229,,,,,,,,,,out_of_stock,https://www.vodacom.co.za/shopping/deals,"Vodacom catalogue snapshot fetched on 2026-08-06; confirm partner pricing, stock, and terms before fulfilment.",2026-08-06T00:00:00Z,https://www.vodacom.co.za/shopping/deals,true,false,https://shop.vodacom.co.za/media/catalog/product/placeholder/stores/8/No_image.png,RED VIP 200GB,both,"{""package"":""RED VIP 200GB"",""tariff"":3229,""device_installment"":null,""source_sku"":""100024100"",""gallery"":[{""url"":""https://shop.vodacom.co.za/media/catalog/product/placeholder/stores/8/No_image.png"",""label"":""vivo X300 Pro 512GB 5G + vivo Zeiss 2.35x Telephoto extender kit""},{""url"":""https://shop.vodacom.co.za/media/catalog/product/placeholder/stores/8/No_image_1.png"",""label"":""vivo X300 Pro 512GB 5G + vivo Zeiss 2.35x Telephoto extender kit""}],""storage_options"":[""512GB""]}"
vodacom:DV6HD03806,vodacom,Vodacom,#E60000,DV6HD03806,Redmi Note 15 Pro 256GB,dv6hd03806,Redmi,smartphone,device_contract,769,,,,,,,,,,in_stock,https://www.vodacom.co.za/shopping/deals,"Vodacom catalogue snapshot fetched on 2026-08-06; confirm partner pricing, stock, and terms before fulfilment.",2026-08-06T00:00:00Z,https://www.vodacom.co.za/shopping/deals,true,false,https://shop.vodacom.co.za/media/catalog/product/placeholder/stores/8/No_image.png,RED Core 6GB 250min ,both,"{""package"":""RED Core 6GB 250min "",""tariff"":730,""device_installment"":39,""source_sku"":""100024102"",""gallery"":[{""url"":""https://shop.vodacom.co.za/media/catalog/product/placeholder/stores/8/No_image.png"",""label"":""Redmi Note 15 Pro 256GB""},{""url"":""https://shop.vodacom.co.za/media/catalog/product/placeholder/stores/8/No_image_1.png"",""label"":""Redmi Note 15 Pro 256GB""}],""storage_options"":[""256GB""]}"
vodacom:DV6HD18619,vodacom,Vodacom,#E60000,DV6HD18619,vivo Y05 128GB,dv6hd18619,Vivo,smartphone,device_contract,1489,,,,,,,,,,in_stock,https://www.vodacom.co.za/shopping/deals,"Vodacom catalogue snapshot fetched on 2026-08-06; confirm partner pricing, stock, and terms before fulfilment.",2026-08-06T00:00:00Z,https://www.vodacom.co.za/shopping/deals,true,false,https://shop.vodacom.co.za/media/catalog/product/placeholder/stores/8/No_image.png,RED VIP 50GB,both,"{""package"":""RED VIP 50GB"",""tariff"":1489,""device_installment"":null,""source_sku"":""100024626"",""gallery"":[{""url"":""https://shop.vodacom.co.za/media/catalog/product/placeholder/stores/8/No_image.png"",""label"":""vivo Y05 128GB""},{""url"":""https://shop.vodacom.co.za/media/catalog/product/placeholder/stores/8/No_image_1.png"",""label"":""vivo Y05 128GB""}],""storage_options"":[""128GB""]}"
vodacom:DV6HD17475,vodacom,Vodacom,#E60000,DV6HD17475,Xiaomi 17T 512GB 5G  (Top Up),dv6hd17475,Xiaomi,smartphone,device_contract,1229,,,,,,,,,,in_stock,https://www.vodacom.co.za/shopping/deals,"Vodacom catalogue snapshot fetched on 2026-08-06; confirm partner pricing, stock, and terms before fulfilment.",2026-08-06T00:00:00Z,https://www.vodacom.co.za/shopping/deals,true,false,https://shop.vodacom.co.za/media/catalog/product/placeholder/stores/8/No_image.png,RED Core 12GB 750min Top up ,both,"{""package"":""RED Core 12GB 750min Top up "",""tariff"":1226,""device_installment"":3,""source_sku"":""100024477"",""gallery"":[{""url"":""https://shop.vodacom.co.za/media/catalog/product/placeholder/stores/8/No_image.png"",""label"":""Xiaomi 17T 512GB 5G  (Top Up)""},{""url"":""https://shop.vodacom.co.za/media/catalog/product/placeholder/stores/8/No_image_1.png"",""label"":""Xiaomi 17T 512GB 5G  (Top Up)""}],""storage_options"":[""512GB""]}"
vodacom:DV6GD23111,vodacom,Vodacom,#E60000,DV6GD23111,Samsung Galaxy Z Flip8 256GB 5G,dv6gd23111,Samsung,smartphone,device_contract,2479,,,,,,,,,,in_stock,https://www.vodacom.co.za/shopping/deals,"Vodacom catalogue snapshot fetched on 2026-08-06; confirm partner pricing, stock, and terms before fulfilment.",2026-08-06T00:00:00Z,https://www.vodacom.co.za/shopping/deals,true,false,https://shop.vodacom.co.za/media/catalog/product/s/a/samsung_galaxy_z_flip8_256gb_5g_-_main_1__1.jpg?store=shop&image-type=image,RED VIP 50GB,both,"{""package"":""RED VIP 50GB"",""tariff"":2435,""device_installment"":44,""source_sku"":""100024504"",""gallery"":[{""url"":""https://shop.vodacom.co.za/media/catalog/product/s/a/samsung_galaxy_z_flip8_256gb_5g_-_main_1__1.jpg?store=shop&image-type=image"",""label"":""Samsung Galaxy Z Flip8 256GB 5G ""},{""url"":""https://shop.vodacom.co.za/media/catalog/product/s/a/samsung_galaxy_z_flip8_256gb_5g_-_main_1__1.jpg?store=shop&image-type=small_image"",""label"":""Samsung Galaxy Z Flip8 256GB 5G""}],""storage_options"":[""256GB""]}"
vodacom:DV6HD01915,vodacom,Vodacom,#E60000,DV6HD01915,vivo V60 Lite 256GB 5G,dv6hd01915,Vivo,smartphone,device_contract,679,,,,,,,,,,in_stock,https://www.vodacom.co.za/shopping/deals,"Vodacom catalogue snapshot fetched on 2026-08-06; confirm partner pricing, stock, and terms before fulfilment.",2026-08-06T00:00:00Z,https://www.vodacom.co.za/shopping/deals,true,false,https://shop.vodacom.co.za/media/catalog/product/placeholder/stores/8/No_image.png,Red Flexi 245,both,"{""package"":""Red Flexi 245"",""tariff"":245,""device_installment"":434,""source_sku"":""100023309"",""gallery"":[{""url"":""https://shop.vodacom.co.za/media/catalog/product/placeholder/stores/8/No_image.png"",""label"":""vivo V60 Lite 256GB 5G""},{""url"":""https://shop.vodacom.co.za/media/catalog/product/placeholder/stores/8/No_image_1.png"",""label"":""vivo V60 Lite 256GB 5G""}],""storage_options"":[""256GB""]}"
vodacom:DV6GD22759,vodacom,Vodacom,#E60000,DV6GD22759,Samsung Galaxy Z Fold8 256GB 5G,dv6gd22759,Samsung,smartphone,device_contract,2679,,,,,,,,,,in_stock,https://www.vodacom.co.za/shopping/deals,"Vodacom catalogue snapshot fetched on 2026-08-06; confirm partner pricing, stock, and terms before fulfilment.",2026-08-06T00:00:00Z,https://www.vodacom.co.za/shopping/deals,true,false,https://shop.vodacom.co.za/media/catalog/product/s/a/samsung_galaxy_z_fold8_256gb_5g_-_main_1__1.jpg?store=shop&image-type=image,Red Flexi 1110,both,"{""package"":""Red Flexi 1110"",""tariff"":1110,""device_installment"":1569,""source_sku"":""100024509"",""gallery"":[{""url"":""https://shop.vodacom.co.za/media/catalog/product/s/a/samsung_galaxy_z_fold8_256gb_5g_-_main_1__1.jpg?store=shop&image-type=image"",""label"":""Samsung Galaxy Z Fold8 256GB 5G ""},{""url"":""https://shop.vodacom.co.za/media/catalog/product/s/a/samsung_galaxy_z_fold8_256gb_5g_-_main_1__1.jpg?store=shop&image-type=small_image"",""label"":""Samsung Galaxy Z Fold8 256GB 5G""}],""storage_options"":[""256GB""]}"
vodacom:DV6HD19659,vodacom,Vodacom,#E60000,DV6HD19659,2x HUAWEI nova Y74 8/256GB,dv6hd19659,Vodacom,smartphone,device_contract,2449,,,,,,,,,,in_stock,https://www.vodacom.co.za/shopping/deals,"Vodacom catalogue snapshot fetched on 2026-08-06; confirm partner pricing, stock, and terms before fulfilment.",2026-08-06T00:00:00Z,https://www.vodacom.co.za/shopping/deals,true,false,https://shop.vodacom.co.za/media/catalog/product/placeholder/stores/8/No_image.png,RED VIP 200GB,both,"{""package"":""RED VIP 200GB"",""tariff"":2449,""device_installment"":null,""source_sku"":""100024396"",""gallery"":[{""url"":""https://shop.vodacom.co.za/media/catalog/product/placeholder/stores/8/No_image.png"",""label"":""2x HUAWEI nova Y74 8/256GB""},{""url"":""https://shop.vodacom.co.za/media/catalog/product/placeholder/stores/8/No_image_1.png"",""label"":""2x HUAWEI nova Y74 8/256GB""}],""storage_options"":[""256GB""]}"
vodacom:DV6HD19608,vodacom,Vodacom,#E60000,DV6HD19608,2x OPPO Reno15 F 512GB 5G,dv6hd19608,Vodacom,smartphone,device_contract,2649,,,,,,,,,,in_stock,https://www.vodacom.co.za/shopping/deals,"Vodacom catalogue snapshot fetched on 2026-08-06; confirm partner pricing, stock, and terms before fulfilment.",2026-08-06T00:00:00Z,https://www.vodacom.co.za/shopping/deals,true,false,https://shop.vodacom.co.za/media/catalog/product/placeholder/stores/8/No_image.png,RED VIP 100GB,both,"{""package"":""RED VIP 100GB"",""tariff"":2649,""device_installment"":null,""source_sku"":""100024095"",""gallery"":[{""url"":""https://shop.vodacom.co.za/media/catalog/product/placeholder/stores/8/No_image.png"",""label"":""2x OPPO Reno15 F 512GB 5G""},{""url"":""https://shop.vodacom.co.za/media/catalog/product/placeholder/stores/8/No_image_1.png"",""label"":""2x OPPO Reno15 F 512GB 5G""}],""storage_options"":[""512GB""]}"
vodacom:DV6HD16399,vodacom,Vodacom,#E60000,DV6HD16399,vivo Y11e 128GB 4G,dv6hd16399,Vivo,smartphone,device_contract,539,,,,,,,,,,in_stock,https://www.vodacom.co.za/shopping/deals,"Vodacom catalogue snapshot fetched on 2026-08-06; confirm partner pricing, stock, and terms before fulfilment.",2026-08-06T00:00:00Z,https://www.vodacom.co.za/shopping/deals,true,false,https://shop.vodacom.co.za/media/catalog/product/placeholder/stores/8/No_image.png,RED Flexi 425,both,"{""package"":""RED Flexi 425"",""tariff"":425,""device_installment"":114,""source_sku"":""100024467"",""gallery"":[{""url"":""https://shop.vodacom.co.za/media/catalog/product/placeholder/stores/8/No_image.png"",""label"":""vivo Y11e 128GB 4G""},{""url"":""https://shop.vodacom.co.za/media/catalog/product/placeholder/stores/8/No_image_1.png"",""label"":""vivo Y11e 128GB 4G""}],""storage_options"":[""128GB""]}"
vodacom:DV6GD22334,vodacom,Vodacom,#E60000,DV6GD22334,Samsung Galaxy Z Fold8 Ultra 512GB 5G  + Samsung 45w Charger  + Galaxy Buds 4 + Galaxy Watch 9 44mm LTE + FREE Carbon Magnet Case,dv6gd22334,Samsung,smartphone,device_contract,4468,,,,,,,,,,in_stock,https://www.vodacom.co.za/shopping/deals,"Vodacom catalogue snapshot fetched on 2026-08-06; confirm partner pricing, stock, and terms before fulfilment.",2026-08-06T00:00:00Z,https://www.vodacom.co.za/shopping/deals,true,false,https://shop.vodacom.co.za/media/catalog/product/s/a/samsung_galaxy_z_fold8_ultra_512gb_5g_-_top_2__1.jpg?store=shop&image-type=image,RED VIP 200GB,both,"{""package"":""RED VIP 200GB"",""tariff"":3923,""device_installment"":545,""source_sku"":""100024507"",""gallery"":[{""url"":""https://shop.vodacom.co.za/media/catalog/product/s/a/samsung_galaxy_z_fold8_ultra_512gb_5g_-_top_2__1.jpg?store=shop&image-type=image"",""label"":""Samsung Galaxy Z Fold8 Ultra 512GB 5G  + Samsung 45w Charger  + Galaxy Buds 4 + Galaxy Watch 9 44mm LTE + FREE Carbon Magnet Case""},{""url"":""https://shop.vodacom.co.za/media/catalog/product/s/a/samsung_galaxy_z_fold8_ultra_512gb_5g_-_top_2__1.jpg?store=shop&image-type=small_image"",""label"":""Samsung Galaxy Z Fold8 Ultra 512GB 5G  + Samsung 45w Charger  + Galaxy Buds 4 + Galaxy Watch 9 44mm LTE + FREE Carbon Magnet Case""}],""storage_options"":[""512GB""]}"
vodacom:DV6HD22655,vodacom,Vodacom,#E60000,DV6HD22655,Apple iPhone 15 128GB 5G  (Top Up),dv6hd22655,Apple,smartphone,device_contract,879,,,,,,,,,,in_stock,https://www.vodacom.co.za/shopping/deals,"Vodacom catalogue snapshot fetched on 2026-08-06; confirm partner pricing, stock, and terms before fulfilment.",2026-08-06T00:00:00Z,https://www.vodacom.co.za/shopping/deals,true,false,https://shop.vodacom.co.za/media/catalog/product/placeholder/stores/8/No_image.png,RED Core 6GB 250min Top up ,both,"{""package"":""RED Core 6GB 250min Top up "",""tariff"":794,""device_installment"":85,""source_sku"":""100021503"",""gallery"":[{""url"":""https://shop.vodacom.co.za/media/catalog/product/placeholder/stores/8/No_image.png"",""label"":""Apple iPhone 15 128GB\u00a05G  (Top Up)""},{""url"":""https://shop.vodacom.co.za/media/catalog/product/placeholder/stores/8/No_image_1.png"",""label"":""Apple iPhone 15 128GB\u00a05G  (Top Up)""}],""storage_options"":[""128GB""]}"
vodacom:DV6GD22402,vodacom,Vodacom,#E60000,DV6GD22402,Samsung Galaxy Z Flip8 256GB 5G  + Samsung 45w Charger  + Galaxy Buds 4 + Galaxy Watch 9 44mm LTE + FREE Silicone Magnet Case,dv6gd22402,Samsung,smartphone,device_contract,2298,,,,,,,,,,in_stock,https://www.vodacom.co.za/shopping/deals,"Vodacom catalogue snapshot fetched on 2026-08-06; confirm partner pricing, stock, and terms before fulfilment.",2026-08-06T00:00:00Z,https://www.vodacom.co.za/shopping/deals,true,false,https://shop.vodacom.co.za/media/catalog/product/placeholder/stores/8/No_image.png,RED Core 18GB Unlimited  Min,both,"{""package"":""RED Core 18GB Unlimited\u00a0 Min"",""tariff"":1594,""device_installment"":704,""source_sku"":""100024504"",""gallery"":[{""url"":""https://shop.vodacom.co.za/media/catalog/product/placeholder/stores/8/No_image.png"",""label"":""Samsung Galaxy Z Flip8 256GB 5G  + Samsung 45w Charger  + Galaxy Buds 4 + Galaxy Watch 9 44mm LTE + FREE Silicone Magnet Case""},{""url"":""https://shop.vodacom.co.za/media/catalog/product/placeholder/stores/8/No_image_1.png"",""label"":""Samsung Galaxy Z Flip8 256GB 5G  + Samsung 45w Charger  + Galaxy Buds 4 + Galaxy Watch 9 44mm LTE + FREE Silicone Magnet Case""}],""storage_options"":[""256GB""]}"
vodacom:DV6HD03196,vodacom,Vodacom,#E60000,DV6HD03196,Apple iPhone 17 Pro 256GB 5G,dv6hd03196,Apple,smartphone,device_contract,3299,,,,,,,,,,in_stock,https://www.vodacom.co.za/shopping/deals,"Vodacom catalogue snapshot fetched on 2026-08-06; confirm partner pricing, stock, and terms before fulfilment.",2026-08-06T00:00:00Z,https://www.vodacom.co.za/shopping/deals,true,false,https://shop.vodacom.co.za/media/catalog/product/placeholder/stores/8/No_image.png,RED VIP 200GB,both,"{""package"":""RED VIP 200GB"",""tariff"":3299,""device_installment"":null,""source_sku"":""100023761"",""gallery"":[{""url"":""https://shop.vodacom.co.za/media/catalog/product/placeholder/stores/8/No_image.png"",""label"":""Apple iPhone 17 Pro 256GB 5G""},{""url"":""https://shop.vodacom.co.za/media/catalog/product/placeholder/stores/8/No_image_1.png"",""label"":""Apple iPhone 17 Pro 256GB 5G""}],""storage_options"":[""256GB""]}"
vodacom:DV6GD24355,vodacom,Vodacom,#E60000,DV6GD24355,Samsung Galaxy Z Flip8 256GB 5G  + Samsung 45w Charger  + Galaxy Watch 9 40mm BT + FREE Silicone Magnet Case (Top Up),dv6gd24355,Samsung,smartphone,device_contract,1308,,,,,,,,,,in_stock,https://www.vodacom.co.za/shopping/deals,"Vodacom catalogue snapshot fetched on 2026-08-06; confirm partner pricing, stock, and terms before fulfilment.",2026-08-06T00:00:00Z,https://www.vodacom.co.za/shopping/deals,true,false,https://shop.vodacom.co.za/media/catalog/product/1/0/104081516_front_back_1.png?store=shop&image-type=image,RED 4GB 250min Top up,both,"{""package"":""RED 4GB 250min Top up"",""tariff"":659,""device_installment"":649,""source_sku"":""100024504"",""gallery"":[{""url"":""https://shop.vodacom.co.za/media/catalog/product/1/0/104081516_front_back_1.png?store=shop&image-type=image"",""label"":""Samsung Galaxy Z Flip8 256GB 5G  + Samsung 45w Charger  + Galaxy Watch 9 40mm BT + FREE Silicone Magnet Case (Top Up)""},{""url"":""https://shop.vodacom.co.za/media/catalog/product/1/0/104081516_front_back_1.png?store=shop&image-type=small_image"",""label"":""Samsung Galaxy Z Flip8 256GB 5G  + Samsung 45w Charger  + Galaxy Watch 9 40mm BT + FREE Silicone Magnet Case (Top Up)""}],""storage_options"":[""256GB""]}"
vodacom:DV6HD04588,vodacom,Vodacom,#E60000,DV6HD04588,Samsung Galaxy S26 256GB 5G + Galaxy Watch8 LTE 44mm  (Top Up),dv6hd04588,Samsung,smartphone,device_contract,1378,,,,,,,,,,in_stock,https://www.vodacom.co.za/shopping/deals,"Vodacom catalogue snapshot fetched on 2026-08-06; confirm partner pricing, stock, and terms before fulfilment.",2026-08-06T00:00:00Z,https://www.vodacom.co.za/shopping/deals,true,false,https://shop.vodacom.co.za/media/catalog/product/placeholder/stores/8/No_image.png,RED Core 6GB 250min Top up ,both,"{""package"":""RED Core 6GB 250min Top up "",""tariff"":794,""device_installment"":584,""source_sku"":""100023958"",""gallery"":[{""url"":""https://shop.vodacom.co.za/media/catalog/product/placeholder/stores/8/No_image.png"",""label"":""Samsung Galaxy S26 256GB 5G + Galaxy Watch8 LTE 44mm  (Top Up)""},{""url"":""https://shop.vodacom.co.za/media/catalog/product/placeholder/stores/8/No_image_1.png"",""label"":""Samsung Galaxy S26 256GB 5G + Galaxy Watch8 LTE 44mm  (Top Up)""}],""storage_options"":[""256GB""]}"
vodacom:DV6GD23166,vodacom,Vodacom,#E60000,DV6GD23166,Samsung Galaxy Z Fold8 Ultra 1TB 5G  + Samsung 45w Charger  + FREE Carbon Magnet Case + Galaxy Watch 9 40mm LTE,dv6gd23166,Samsung,smartphone,device_contract,3098,,,,,,,,,,in_stock,https://www.vodacom.co.za/shopping/deals,"Vodacom catalogue snapshot fetched on 2026-08-06; confirm partner pricing, stock, and terms before fulfilment.",2026-08-06T00:00:00Z,https://www.vodacom.co.za/shopping/deals,true,false,https://shop.vodacom.co.za/media/catalog/product/s/a/samsung_galaxy_z_fold8_ultra_512gb_5g_-_top_1__1_1.jpg?store=shop&image-type=image,Red Flexi 545,both,"{""package"":""Red Flexi 545"",""tariff"":545,""device_installment"":2553,""source_sku"":""100024508"",""gallery"":[{""url"":""https://shop.vodacom.co.za/media/catalog/product/s/a/samsung_galaxy_z_fold8_ultra_512gb_5g_-_top_1__1_1.jpg?store=shop&image-type=image"",""label"":""Samsung Galaxy Z Fold8 Ultra 1TB 5G  + Samsung 45w Charger  + FREE Carbon Magnet Case + Galaxy Watch 9 40mm LTE""},{""url"":""https://shop.vodacom.co.za/media/catalog/product/s/a/samsung_galaxy_z_fold8_ultra_512gb_5g_-_top_1__1_1.jpg?store=shop&image-type=small_image"",""label"":""Samsung Galaxy Z Fold8 Ultra 1TB 5G  + Samsung 45w Charger  + FREE Carbon Magnet Case + Galaxy Watch 9 40mm LTE""}],""storage_options"":[]}"
vodacom:DV6HD00974,vodacom,Vodacom,#E60000,DV6HD00974,Samsung Galaxy S26 Ultra 256GB 5G + Galaxy Watch8 LTE 40mm,dv6hd00974,Samsung,smartphone,device_contract,2328,,,,,,,,,,in_stock,https://www.vodacom.co.za/shopping/deals,"Vodacom catalogue snapshot fetched on 2026-08-06; confirm partner pricing, stock, and terms before fulfilment.",2026-08-06T00:00:00Z,https://www.vodacom.co.za/shopping/deals,true,false,https://shop.vodacom.co.za/media/catalog/product/placeholder/stores/8/No_image.png,Red Flexi 1110,both,"{""package"":""Red Flexi 1110"",""tariff"":1110,""device_installment"":1218,""source_sku"":""100023964"",""gallery"":[{""url"":""https://shop.vodacom.co.za/media/catalog/product/placeholder/stores/8/No_image.png"",""label"":""Samsung Galaxy S26 Ultra 256GB 5G + Galaxy Watch8 LTE 40mm""},{""url"":""https://shop.vodacom.co.za/media/catalog/product/placeholder/stores/8/No_image_1.png"",""label"":""Samsung Galaxy S26 Ultra 256GB 5G + Galaxy Watch8 LTE 40mm""}],""storage_options"":[""256GB""]}"
vodacom:DV6GD22772,vodacom,Vodacom,#E60000,DV6GD22772,Samsung Galaxy Z Fold8 512GB 5G + FREE Wide Carbon Magnet Case + Galaxy Watch 9 40mm LTE + Samsung 45w Charger,dv6gd22772,Samsung,smartphone,device_contract,2958,,,,,,,,,,in_stock,https://www.vodacom.co.za/shopping/deals,"Vodacom catalogue snapshot fetched on 2026-08-06; confirm partner pricing, stock, and terms before fulfilment.",2026-08-06T00:00:00Z,https://www.vodacom.co.za/shopping/deals,true,false,https://shop.vodacom.co.za/media/catalog/product/s/a/samsung_galaxy_z_fold8_512gb_5g_-_main_1__1.jpg?store=shop&image-type=image,Red Flexi 1110,both,"{""package"":""Red Flexi 1110"",""tariff"":1110,""device_installment"":1848,""source_sku"":""100024510"",""gallery"":[{""url"":""https://shop.vodacom.co.za/media/catalog/product/s/a/samsung_galaxy_z_fold8_512gb_5g_-_main_1__1.jpg?store=shop&image-type=image"",""label"":""Samsung Galaxy Z Fold8 512GB 5G + FREE Wide Carbon Magnet Case + Galaxy Watch 9 40mm LTE + Samsung 45w Charger ""},{""url"":""https://shop.vodacom.co.za/media/catalog/product/s/a/samsung_galaxy_z_fold8_512gb_5g_-_main_1__1.jpg?store=shop&image-type=small_image"",""label"":""Samsung Galaxy Z Fold8 512GB 5G + FREE Wide Carbon Magnet Case + Galaxy Watch 9 40mm LTE + Samsung 45w Charger""}],""storage_options"":[""512GB""]}"
vodacom:DV6HD11185,vodacom,Vodacom,#E60000,DV6HD11185,Samsung Galaxy S25FE 128GB 5G,dv6hd11185,Samsung,smartphone,device_contract,1309,,,,,,,,,,in_stock,https://www.vodacom.co.za/shopping/deals,"Vodacom catalogue snapshot fetched on 2026-08-06; confirm partner pricing, stock, and terms before fulfilment.",2026-08-06T00:00:00Z,https://www.vodacom.co.za/shopping/deals,true,false,https://shop.vodacom.co.za/media/catalog/product/placeholder/stores/8/No_image.png,Red Flexi 1110,both,"{""package"":""Red Flexi 1110"",""tariff"":1110,""device_installment"":199,""source_sku"":""100023372"",""gallery"":[{""url"":""https://shop.vodacom.co.za/media/catalog/product/placeholder/stores/8/No_image.png"",""label"":""Samsung Galaxy S25FE 128GB 5G""},{""url"":""https://shop.vodacom.co.za/media/catalog/product/placeholder/stores/8/No_image_1.png"",""label"":""Samsung Galaxy S25FE 128GB 5G""}],""storage_options"":[""128GB""]}"
vodacom:DV6HD07786,vodacom,Vodacom,#E60000,DV6HD07786,Samsung Galaxy A16 128GB DS,dv6hd07786,Samsung,smartphone,device_contract,379,,,,,,,,,,in_stock,https://www.vodacom.co.za/shopping/deals,"Vodacom catalogue snapshot fetched on 2026-08-06; confirm partner pricing, stock, and terms before fulfilment.",2026-08-06T00:00:00Z,https://www.vodacom.co.za/shopping/deals,true,false,https://shop.vodacom.co.za/media/catalog/product/placeholder/stores/8/No_image.png,RED Core 3GB 100min ,both,"{""package"":""RED Core 3GB 100min "",""tariff"":379,""device_installment"":null,""source_sku"":""100022483"",""gallery"":[{""url"":""https://shop.vodacom.co.za/media/catalog/product/placeholder/stores/8/No_image.png"",""label"":""Samsung Galaxy A16 128GB DS""},{""url"":""https://shop.vodacom.co.za/media/catalog/product/placeholder/stores/8/No_image_1.png"",""label"":""Samsung Galaxy A16 128GB DS""}],""storage_options"":[""128GB""]}"
vodacom:DV6HD14473,vodacom,Vodacom,#E60000,DV6HD14473,Lenovo Ideapad 1 Celeron 256GB SSD + HUAWEI E5783-230A CAT7 Mi-Fi Router  (Top Up),dv6hd14473,Lenovo,laptop,device_contract,619,,,,,,,,,,in_stock,https://www.vodacom.co.za/shopping/deals,"Vodacom catalogue snapshot fetched on 2026-08-06; confirm partner pricing, stock, and terms before fulfilment.",2026-08-06T00:00:00Z,https://www.vodacom.co.za/shopping/deals,true,false,https://shop.vodacom.co.za/media/catalog/product/placeholder/stores/8/No_image.png,400GB Data Top up,both,"{""package"":""400GB Data Top up"",""tariff"":399,""device_installment"":220,""source_sku"":""100021454"",""gallery"":[{""url"":""https://shop.vodacom.co.za/media/catalog/product/placeholder/stores/8/No_image.png"",""label"":""Lenovo Ideapad 1 Celeron 256GB SSD + HUAWEI E5783-230A CAT7 Mi-Fi Router  (Top Up)""},{""url"":""https://shop.vodacom.co.za/media/catalog/product/placeholder/stores/8/No_image_1.png"",""label"":""Lenovo Ideapad 1 Celeron 256GB SSD + HUAWEI E5783-230A CAT7 Mi-Fi Router  (Top Up)""}],""storage_options"":[""256GB""]}"
vodacom:DV6HD19700,vodacom,Vodacom,#E60000,DV6HD19700,Samsung Galaxy A36 128GB 5G DS + Samsung Galaxy Tab A11 64GB 4G,dv6hd19700,Samsung,smartphone,device_contract,498,,,,,,,,,,in_stock,https://www.vodacom.co.za/shopping/deals,"Vodacom catalogue snapshot fetched on 2026-08-06; confirm partner pricing, stock, and terms before fulfilment.",2026-08-06T00:00:00Z,https://www.vodacom.co.za/shopping/deals,true,false,https://shop.vodacom.co.za/media/catalog/product/placeholder/stores/8/No_image.png,Red Flexi 245,both,"{""package"":""Red Flexi 245"",""tariff"":245,""device_installment"":253,""source_sku"":""100022716"",""gallery"":[{""url"":""https://shop.vodacom.co.za/media/catalog/product/placeholder/stores/8/No_image.png"",""label"":""Samsung Galaxy A36 128GB 5G DS + Samsung Galaxy Tab A11 64GB 4G""},{""url"":""https://shop.vodacom.co.za/media/catalog/product/placeholder/stores/8/No_image_1.png"",""label"":""Samsung Galaxy A36 128GB 5G DS + Samsung Galaxy Tab A11 64GB 4G""}],""storage_options"":[""64GB"",""128GB""]}"
vodacom:DV6HD00960,vodacom,Vodacom,#E60000,DV6HD00960,OPPO Find X9 Pro 512GB 5G,dv6hd00960,Oppo,smartphone,device_contract,2279,,,,,,,,,,in_stock,https://www.vodacom.co.za/shopping/deals,"Vodacom catalogue snapshot fetched on 2026-08-06; confirm partner pricing, stock, and terms before fulfilment.",2026-08-06T00:00:00Z,https://www.vodacom.co.za/shopping/deals,true,false,https://shop.vodacom.co.za/media/catalog/product/placeholder/stores/8/No_image.png,Red Flexi 1110,both,"{""package"":""Red Flexi 1110"",""tariff"":1110,""device_installment"":1169,""source_sku"":""100023649"",""gallery"":[{""url"":""https://shop.vodacom.co.za/media/catalog/product/placeholder/stores/8/No_image.png"",""label"":""OPPO Find X9 Pro 512GB 5G""},{""url"":""https://shop.vodacom.co.za/media/catalog/product/placeholder/stores/8/No_image_1.png"",""label"":""OPPO Find X9 Pro 512GB 5G""}],""storage_options"":[""512GB""]}"
vodacom:DV6HD08830,vodacom,Vodacom,#E60000,DV6HD08830,2x HONOR X9d 256GB 5G,dv6hd08830,Vodacom,smartphone,device_contract,1369,,,,,,,,,,in_stock,https://www.vodacom.co.za/shopping/deals,"Vodacom catalogue snapshot fetched on 2026-08-06; confirm partner pricing, stock, and terms before fulfilment.",2026-08-06T00:00:00Z,https://www.vodacom.co.za/shopping/deals,true,false,https://shop.vodacom.co.za/media/catalog/product/placeholder/stores/8/No_image.png,Red Flexi 545,both,"{""package"":""Red Flexi 545"",""tariff"":545,""device_installment"":824,""source_sku"":""100023726"",""gallery"":[{""url"":""https://shop.vodacom.co.za/media/catalog/product/placeholder/stores/8/No_image.png"",""label"":""2x HONOR X9d 256GB 5G""},{""url"":""https://shop.vodacom.co.za/media/catalog/product/placeholder/stores/8/No_image_1.png"",""label"":""2x HONOR X9d 256GB 5G""}],""storage_options"":[""256GB""]}"
vodacom:DV6HB00212,vodacom,Vodacom,#E60000,DV6HB00212,Redmi 17 256GB 4G + Redmi Buds 6 Active + Smart Band 9 Active,dv6hb00212,Redmi,accessory,accessory,2249,,,,,,,,,,in_stock,https://www.vodacom.co.za/shopping/deals,"Vodacom catalogue snapshot fetched on 2026-08-06; confirm partner pricing, stock, and terms before fulfilment.",2026-08-06T00:00:00Z,https://www.vodacom.co.za/shopping/deals,true,false,https://shop.vodacom.co.za/media/catalog/product/placeholder/stores/8/No_image.png,RED VIP 200GB,both,"{""package"":""RED VIP 200GB"",""tariff"":2249,""device_installment"":null,""source_sku"":""100024698"",""gallery"":[{""url"":""https://shop.vodacom.co.za/media/catalog/product/placeholder/stores/8/No_image.png"",""label"":""Redmi 17 256GB 4G + Redmi Buds 6 Active + Smart Band 9 Active""},{""url"":""https://shop.vodacom.co.za/media/catalog/product/placeholder/stores/8/No_image_1.png"",""label"":""Redmi 17 256GB 4G + Redmi Buds 6 Active + Smart Band 9 Active""}],""storage_options"":[""256GB""]}"
vodacom:DV6HD07840,vodacom,Vodacom,#E60000,DV6HD07840,Samsung Galaxy S26+ 256GB 5G + Galaxy Buds 4,dv6hd07840,Samsung,smartphone,device_contract,1448,,,,,,,,,,in_stock,https://www.vodacom.co.za/shopping/deals,"Vodacom catalogue snapshot fetched on 2026-08-06; confirm partner pricing, stock, and terms before fulfilment.",2026-08-06T00:00:00Z,https://www.vodacom.co.za/shopping/deals,true,false,https://shop.vodacom.co.za/media/catalog/product/placeholder/stores/8/No_image.png,RED Core 3GB 100min ,both,"{""package"":""RED Core 3GB 100min "",""tariff"":406,""device_installment"":1042,""source_sku"":""100023962"",""gallery"":[{""url"":""https://shop.vodacom.co.za/media/catalog/product/placeholder/stores/8/No_image.png"",""label"":""Samsung Galaxy S26+ 256GB 5G + Galaxy Buds 4""},{""url"":""https://shop.vodacom.co.za/media/catalog/product/placeholder/stores/8/No_image_1.png"",""label"":""Samsung Galaxy S26+ 256GB 5G + Galaxy Buds 4""}],""storage_options"":[""256GB""]}"
vodacom:DV6HD10254,vodacom,Vodacom,#E60000,DV6HD10254,2x vivo Y05 128GB,dv6hd10254,Vodacom,smartphone,device_contract,599,,,,,,,,,,in_stock,https://www.vodacom.co.za/shopping/deals,"Vodacom catalogue snapshot fetched on 2026-08-06; confirm partner pricing, stock, and terms before fulfilment.",2026-08-06T00:00:00Z,https://www.vodacom.co.za/shopping/deals,true,false,https://shop.vodacom.co.za/media/catalog/product/placeholder/stores/8/No_image.png,RED Core 3GB 100min ,both,"{""package"":""RED Core 3GB 100min "",""tariff"":406,""device_installment"":193,""source_sku"":""100024626"",""gallery"":[{""url"":""https://shop.vodacom.co.za/media/catalog/product/placeholder/stores/8/No_image.png"",""label"":""2x vivo Y05 128GB""},{""url"":""https://shop.vodacom.co.za/media/catalog/product/placeholder/stores/8/No_image_1.png"",""label"":""2x vivo Y05 128GB""}],""storage_options"":[""128GB""]}"
vodacom:DV6HD14587,vodacom,Vodacom,#E60000,DV6HD14587,Samsung Galaxy S26+ 256GB 5G + Galaxy Watch8 LTE 40mm,dv6hd14587,Samsung,smartphone,device_contract,1458,,,,,,,,,,in_stock,https://www.vodacom.co.za/shopping/deals,"Vodacom catalogue snapshot fetched on 2026-08-06; confirm partner pricing, stock, and terms before fulfilment.",2026-08-06T00:00:00Z,https://www.vodacom.co.za/shopping/deals,true,false,https://shop.vodacom.co.za/media/catalog/product/placeholder/stores/8/No_image.png,Red Flexi 735,both,"{""package"":""Red Flexi 735"",""tariff"":735,""device_installment"":723,""source_sku"":""100023962"",""gallery"":[{""url"":""https://shop.vodacom.co.za/media/catalog/product/placeholder/stores/8/No_image.png"",""label"":""Samsung Galaxy S26+ 256GB 5G + Galaxy Watch8 LTE 40mm""},{""url"":""https://shop.vodacom.co.za/media/catalog/product/placeholder/stores/8/No_image_1.png"",""label"":""Samsung Galaxy S26+ 256GB 5G + Galaxy Watch8 LTE 40mm""}],""storage_options"":[""256GB""]}"
vodacom:DV6HD16547,vodacom,Vodacom,#E60000,DV6HD16547,Samsung Galaxy S25 Edge 256GB 5G with PowerBank  (Top Up),dv6hd16547,Samsung,smartphone,device_contract,849,,,,,,,,,,in_stock,https://www.vodacom.co.za/shopping/deals,"Vodacom catalogue snapshot fetched on 2026-08-06; confirm partner pricing, stock, and terms before fulfilment.",2026-08-06T00:00:00Z,https://www.vodacom.co.za/shopping/deals,true,false,https://shop.vodacom.co.za/media/catalog/product/placeholder/stores/8/No_image.png,RED Core 3GB 100min Top up ,both,"{""package"":""RED Core 3GB 100min Top up "",""tariff"":443,""device_installment"":406,""source_sku"":""100022961"",""gallery"":[{""url"":""https://shop.vodacom.co.za/media/catalog/product/placeholder/stores/8/No_image.png"",""label"":""Samsung Galaxy S25 Edge 256GB 5G with PowerBank  (Top Up)""},{""url"":""https://shop.vodacom.co.za/media/catalog/product/placeholder/stores/8/No_image_1.png"",""label"":""Samsung Galaxy S25 Edge 256GB 5G with PowerBank  (Top Up)""}],""storage_options"":[""256GB""]}"
vodacom:DV6HD00997,vodacom,Vodacom,#E60000,DV6HD00997,Samsung Galaxy A27 128GB 5G  + Galaxy Buds Core,dv6hd00997,Samsung,smartphone,device_contract,568,,,,,,,,,,in_stock,https://www.vodacom.co.za/shopping/deals,"Vodacom catalogue snapshot fetched on 2026-08-06; confirm partner pricing, stock, and terms before fulfilment.",2026-08-06T00:00:00Z,https://www.vodacom.co.za/shopping/deals,true,false,https://shop.vodacom.co.za/media/catalog/product/placeholder/stores/8/No_image.png,RED Core 3GB 100min ,both,"{""package"":""RED Core 3GB 100min "",""tariff"":406,""device_installment"":162,""source_sku"":""100024159"",""gallery"":[{""url"":""https://shop.vodacom.co.za/media/catalog/product/placeholder/stores/8/No_image.png"",""label"":""Samsung Galaxy A27 128GB 5G  + Galaxy Buds Core""},{""url"":""https://shop.vodacom.co.za/media/catalog/product/placeholder/stores/8/No_image_1.png"",""label"":""Samsung Galaxy A27 128GB 5G  + Galaxy Buds Core""}],""storage_options"":[""128GB""]}"
vodacom:DV6HD00016,vodacom,Vodacom,#E60000,DV6HD00016,Lenovo Tab One 64GB  (Top Up),dv6hd00016,Lenovo,tablet,device_contract,229,,,,,,,,,,in_stock,https://www.vodacom.co.za/shopping/deals,"Vodacom catalogue snapshot fetched on 2026-08-06; confirm partner pricing, stock, and terms before fulfilment.",2026-08-06T00:00:00Z,https://www.vodacom.co.za/shopping/deals,true,false,https://shop.vodacom.co.za/media/catalog/product/placeholder/stores/8/No_image.png,15GB Data Top up,both,"{""package"":""15GB Data Top up"",""tariff"":129,""device_installment"":100,""source_sku"":""100023087"",""gallery"":[{""url"":""https://shop.vodacom.co.za/media/catalog/product/placeholder/stores/8/No_image.png"",""label"":""Lenovo Tab One 64GB  (Top Up)""},{""url"":""https://shop.vodacom.co.za/media/catalog/product/placeholder/stores/8/No_image_1.png"",""label"":""Lenovo Tab One 64GB  (Top Up)""}],""storage_options"":[""64GB""]}"
vodacom:DV6HD00832,vodacom,Vodacom,#E60000,DV6HD00832,HONOR 600 Pro 512GB 5G,dv6hd00832,Honor,smartphone,device_contract,1709,,,,,,,,,,in_stock,https://www.vodacom.co.za/shopping/deals,"Vodacom catalogue snapshot fetched on 2026-08-06; confirm partner pricing, stock, and terms before fulfilment.",2026-08-06T00:00:00Z,https://www.vodacom.co.za/shopping/deals,true,false,https://shop.vodacom.co.za/media/catalog/product/placeholder/stores/8/No_image.png,Red Flexi 1110,both,"{""package"":""Red Flexi 1110"",""tariff"":1110,""device_installment"":599,""source_sku"":""100024019"",""gallery"":[{""url"":""https://shop.vodacom.co.za/media/catalog/product/placeholder/stores/8/No_image.png"",""label"":""HONOR 600 Pro 512GB 5G""},{""url"":""https://shop.vodacom.co.za/media/catalog/product/placeholder/stores/8/No_image_1.png"",""label"":""HONOR 600 Pro 512GB 5G""}],""storage_options"":[""512GB""]}"
vodacom:DV6HD04313,vodacom,Vodacom,#E60000,DV6HD04313,Samsung Galaxy Z Fold8 256GB 5G,dv6hd04313,Samsung,smartphone,device_contract,2329,,,,,,,,,,in_stock,https://www.vodacom.co.za/shopping/deals,"Vodacom catalogue snapshot fetched on 2026-08-06; confirm partner pricing, stock, and terms before fulfilment.",2026-08-06T00:00:00Z,https://www.vodacom.co.za/shopping/deals,true,false,https://shop.vodacom.co.za/media/catalog/product/placeholder/stores/8/No_image.png,Red Flexi 735,both,"{""package"":""Red Flexi 735"",""tariff"":735,""device_installment"":1594,""source_sku"":""100024509"",""gallery"":[{""url"":""https://shop.vodacom.co.za/media/catalog/product/placeholder/stores/8/No_image.png"",""label"":""Samsung Galaxy Z Fold8 256GB 5G""},{""url"":""https://shop.vodacom.co.za/media/catalog/product/placeholder/stores/8/No_image_1.png"",""label"":""Samsung Galaxy Z Fold8 256GB 5G""}],""storage_options"":[""256GB""]}"
vodacom:DV6HD01904,vodacom,Vodacom,#E60000,DV6HD01904,HUAWEI Pura 80 Pro 512GB,dv6hd01904,Huawei,smartphone,device_contract,929,,,,,,,,,,in_stock,https://www.vodacom.co.za/shopping/deals,"Vodacom catalogue snapshot fetched on 2026-08-06; confirm partner pricing, stock, and terms before fulfilment.",2026-08-06T00:00:00Z,https://www.vodacom.co.za/shopping/deals,true,false,https://shop.vodacom.co.za/media/catalog/product/placeholder/stores/8/No_image.png,Red Flexi 245,both,"{""package"":""Red Flexi 245"",""tariff"":245,""device_installment"":684,""source_sku"":""100023340"",""gallery"":[{""url"":""https://shop.vodacom.co.za/media/catalog/product/placeholder/stores/8/No_image.png"",""label"":""HUAWEI Pura 80 Pro 512GB""},{""url"":""https://shop.vodacom.co.za/media/catalog/product/placeholder/stores/8/No_image_1.png"",""label"":""HUAWEI Pura 80 Pro 512GB""}],""storage_options"":[""512GB""]}"
vodacom:DV6HD13325,vodacom,Vodacom,#E60000,DV6HD13325,OPPO Reno15 Pro 512GB 5G,dv6hd13325,Oppo,smartphone,device_contract,2349,,,,,,,,,,in_stock,https://www.vodacom.co.za/shopping/deals,"Vodacom catalogue snapshot fetched on 2026-08-06; confirm partner pricing, stock, and terms before fulfilment.",2026-08-06T00:00:00Z,https://www.vodacom.co.za/shopping/deals,true,false,https://shop.vodacom.co.za/media/catalog/product/placeholder/stores/8/No_image.png,RED VIP 100GB,both,"{""package"":""RED VIP 100GB"",""tariff"":2349,""device_installment"":null,""source_sku"":""100024096"",""gallery"":[{""url"":""https://shop.vodacom.co.za/media/catalog/product/placeholder/stores/8/No_image.png"",""label"":""OPPO Reno15 Pro 512GB 5G""},{""url"":""https://shop.vodacom.co.za/media/catalog/product/placeholder/stores/8/No_image_1.png"",""label"":""OPPO Reno15 Pro 512GB 5G""}],""storage_options"":[""512GB""]}"
vodacom:DV6HD06017,vodacom,Vodacom,#E60000,DV6HD06017,Samsung Galaxy A06 64GB DS  (Top Up),dv6hd06017,Samsung,smartphone,device_contract,369,,,,,,,,,,in_stock,https://www.vodacom.co.za/shopping/deals,"Vodacom catalogue snapshot fetched on 2026-08-06; confirm partner pricing, stock, and terms before fulfilment.",2026-08-06T00:00:00Z,https://www.vodacom.co.za/shopping/deals,true,false,https://shop.vodacom.co.za/media/catalog/product/placeholder/stores/8/No_image.png,RED Core 3GB 100min Top up ,both,"{""package"":""RED Core 3GB 100min Top up "",""tariff"":369,""device_installment"":null,""source_sku"":""100022478"",""gallery"":[{""url"":""https://shop.vodacom.co.za/media/catalog/product/placeholder/stores/8/No_image.png"",""label"":""Samsung Galaxy A06 64GB DS  (Top Up)""},{""url"":""https://shop.vodacom.co.za/media/catalog/product/placeholder/stores/8/No_image_1.png"",""label"":""Samsung Galaxy A06 64GB DS  (Top Up)""}],""storage_options"":[""64GB""]}"
vodacom:DV6HD14125,vodacom,Vodacom,#E60000,DV6HD14125,Samsung Galaxy S26 Ultra 512GB 5G + Galaxy Watch8 LTE 44mm,dv6hd14125,Samsung,smartphone,device_contract,1548,,,,,,,,,,in_stock,https://www.vodacom.co.za/shopping/deals,"Vodacom catalogue snapshot fetched on 2026-08-06; confirm partner pricing, stock, and terms before fulfilment.",2026-08-06T00:00:00Z,https://www.vodacom.co.za/shopping/deals,true,false,https://shop.vodacom.co.za/media/catalog/product/placeholder/stores/8/No_image.png,RED Core 6GB 250min ,both,"{""package"":""RED Core 6GB 250min "",""tariff"":730,""device_installment"":818,""source_sku"":""100023966"",""gallery"":[{""url"":""https://shop.vodacom.co.za/media/catalog/product/placeholder/stores/8/No_image.png"",""label"":""Samsung Galaxy S26 Ultra 512GB 5G + Galaxy Watch8 LTE 44mm""},{""url"":""https://shop.vodacom.co.za/media/catalog/product/placeholder/stores/8/No_image_1.png"",""label"":""Samsung Galaxy S26 Ultra 512GB 5G + Galaxy Watch8 LTE 44mm""}],""storage_options"":[""512GB""]}"
vodacom:DV6HD14654,vodacom,Vodacom,#E60000,DV6HD14654,Redmi Note 15 Pro 256GB,dv6hd14654,Redmi,smartphone,device_contract,869,,,,,,,,,,in_stock,https://www.vodacom.co.za/shopping/deals,"Vodacom catalogue snapshot fetched on 2026-08-06; confirm partner pricing, stock, and terms before fulfilment.",2026-08-06T00:00:00Z,https://www.vodacom.co.za/shopping/deals,true,false,https://shop.vodacom.co.za/media/catalog/product/placeholder/stores/8/No_image.png,Red Flexi 735,both,"{""package"":""Red Flexi 735"",""tariff"":735,""device_installment"":134,""source_sku"":""100024102"",""gallery"":[{""url"":""https://shop.vodacom.co.za/media/catalog/product/placeholder/stores/8/No_image.png"",""label"":""Redmi Note 15 Pro 256GB""},{""url"":""https://shop.vodacom.co.za/media/catalog/product/placeholder/stores/8/No_image_1.png"",""label"":""Redmi Note 15 Pro 256GB""}],""storage_options"":[""256GB""]}"
vodacom:DV6HD21722,vodacom,Vodacom,#E60000,DV6HD21722,vivo V70 FE 512GB 5G,dv6hd21722,Vivo,smartphone,device_contract,2379,,,,,,,,,,in_stock,https://www.vodacom.co.za/shopping/deals,"Vodacom catalogue snapshot fetched on 2026-08-06; confirm partner pricing, stock, and terms before fulfilment.",2026-08-06T00:00:00Z,https://www.vodacom.co.za/shopping/deals,true,false,https://shop.vodacom.co.za/media/catalog/product/placeholder/stores/8/No_image.png,RED VIP 200GB,both,"{""package"":""RED VIP 200GB"",""tariff"":2379,""device_installment"":null,""source_sku"":""100024392"",""gallery"":[{""url"":""https://shop.vodacom.co.za/media/catalog/product/placeholder/stores/8/No_image.png"",""label"":""vivo V70 FE 512GB 5G""},{""url"":""https://shop.vodacom.co.za/media/catalog/product/placeholder/stores/8/No_image_1.png"",""label"":""vivo V70 FE 512GB 5G""}],""storage_options"":[""512GB""]}"
vodacom:DV6HD23363,vodacom,Vodacom,#E60000,DV6HD23363,Xiaomi 17T 512GB 5G,dv6hd23363,Xiaomi,smartphone,device_contract,1829,,,,,,,,,,in_stock,https://www.vodacom.co.za/shopping/deals,"Vodacom catalogue snapshot fetched on 2026-08-06; confirm partner pricing, stock, and terms before fulfilment.",2026-08-06T00:00:00Z,https://www.vodacom.co.za/shopping/deals,true,false,https://shop.vodacom.co.za/media/catalog/product/placeholder/stores/8/No_image.png,RED VIP 50GB,both,"{""package"":""RED VIP 50GB"",""tariff"":1829,""device_installment"":null,""source_sku"":""100024477"",""gallery"":[{""url"":""https://shop.vodacom.co.za/media/catalog/product/placeholder/stores/8/No_image.png"",""label"":""Xiaomi 17T 512GB 5G""},{""url"":""https://shop.vodacom.co.za/media/catalog/product/placeholder/stores/8/No_image_1.png"",""label"":""Xiaomi 17T 512GB 5G""}],""storage_options"":[""512GB""]}"
vodacom:DV6GD23047,vodacom,Vodacom,#E60000,DV6GD23047,Samsung Galaxy Z Flip8 256GB 5G  (Top Up),dv6gd23047,Samsung,smartphone,device_contract,1379,,,,,,,,,,in_stock,https://www.vodacom.co.za/shopping/deals,"Vodacom catalogue snapshot fetched on 2026-08-06; confirm partner pricing, stock, and terms before fulfilment.",2026-08-06T00:00:00Z,https://www.vodacom.co.za/shopping/deals,true,false,https://shop.vodacom.co.za/media/catalog/product/s/a/samsung_galaxy_z_flip8_256gb_5g_-_main_1__1.jpg?store=shop&image-type=image,RED Core 3GB 100min Top up ,both,"{""package"":""RED Core 3GB 100min Top up "",""tariff"":443,""device_installment"":936,""source_sku"":""100024504"",""gallery"":[{""url"":""https://shop.vodacom.co.za/media/catalog/product/s/a/samsung_galaxy_z_flip8_256gb_5g_-_main_1__1.jpg?store=shop&image-type=image"",""label"":""Samsung Galaxy Z Flip8 256GB 5G  (Top Up)""},{""url"":""https://shop.vodacom.co.za/media/catalog/product/s/a/samsung_galaxy_z_flip8_256gb_5g_-_main_1__1.jpg?store=shop&image-type=small_image"",""label"":""Samsung Galaxy Z Flip8 256GB 5G  (Top Up)""}],""storage_options"":[""256GB""]}"
vodacom:DV6HD09813,vodacom,Vodacom,#E60000,DV6HD09813,2x vivo V60 Lite 256GB 5G,dv6hd09813,Vodacom,smartphone,device_contract,1369,,,,,,,,,,in_stock,https://www.vodacom.co.za/shopping/deals,"Vodacom catalogue snapshot fetched on 2026-08-06; confirm partner pricing, stock, and terms before fulfilment.",2026-08-06T00:00:00Z,https://www.vodacom.co.za/shopping/deals,true,false,https://shop.vodacom.co.za/media/catalog/product/placeholder/stores/8/No_image.png,RED Flexi 425,both,"{""package"":""RED Flexi 425"",""tariff"":425,""device_installment"":944,""source_sku"":""100023309"",""gallery"":[{""url"":""https://shop.vodacom.co.za/media/catalog/product/placeholder/stores/8/No_image.png"",""label"":""2x vivo V60 Lite 256GB 5G""},{""url"":""https://shop.vodacom.co.za/media/catalog/product/placeholder/stores/8/No_image_1.png"",""label"":""2x vivo V60 Lite 256GB 5G""}],""storage_options"":[""256GB""]}"
vodacom:DV6GD25283,vodacom,Vodacom,#E60000,DV6GD25283,Samsung Galaxy Z Fold8 Ultra 1TB 5G  (Top Up),dv6gd25283,Samsung,smartphone,device_contract,1999,,,,,,,,,,in_stock,https://www.vodacom.co.za/shopping/deals,"Vodacom catalogue snapshot fetched on 2026-08-06; confirm partner pricing, stock, and terms before fulfilment.",2026-08-06T00:00:00Z,https://www.vodacom.co.za/shopping/deals,true,false,https://shop.vodacom.co.za/media/catalog/product/s/a/samsung_galaxy_z_fold8_ultra_512gb_5g_-_top_1__1_1.jpg?store=shop&image-type=image,RED Core 6GB 250min Top up ,both,"{""package"":""RED Core 6GB 250min Top up "",""tariff"":794,""device_installment"":1205,""source_sku"":""100024508"",""gallery"":[{""url"":""https://shop.vodacom.co.za/media/catalog/product/s/a/samsung_galaxy_z_fold8_ultra_512gb_5g_-_top_1__1_1.jpg?store=shop&image-type=image"",""label"":""Samsung Galaxy Z Fold8 Ultra 1TB 5G  (Top Up)""},{""url"":""https://shop.vodacom.co.za/media/catalog/product/s/a/samsung_galaxy_z_fold8_ultra_512gb_5g_-_top_1__1_1.jpg?store=shop&image-type=small_image"",""label"":""Samsung Galaxy Z Fold8 Ultra 1TB 5G  (Top Up)""}],""storage_options"":[]}"
vodacom:DV6HD01924,vodacom,Vodacom,#E60000,DV6HD01924,Motorola Razr 60 Flip 256GB,dv6hd01924,Motorola,smartphone,device_contract,679,,,,,,,,,,in_stock,https://www.vodacom.co.za/shopping/deals,"Vodacom catalogue snapshot fetched on 2026-08-06; confirm partner pricing, stock, and terms before fulfilment.",2026-08-06T00:00:00Z,https://www.vodacom.co.za/shopping/deals,true,false,https://shop.vodacom.co.za/media/catalog/product/placeholder/stores/8/No_image.png,Red Flexi 245,both,"{""package"":""Red Flexi 245"",""tariff"":245,""device_installment"":434,""source_sku"":""100023883"",""gallery"":[{""url"":""https://shop.vodacom.co.za/media/catalog/product/placeholder/stores/8/No_image.png"",""label"":""Motorola Razr 60 Flip 256GB""},{""url"":""https://shop.vodacom.co.za/media/catalog/product/placeholder/stores/8/No_image_1.png"",""label"":""Motorola Razr 60 Flip 256GB""}],""storage_options"":[""256GB""]}"
vodacom:DV6HD07944,vodacom,Vodacom,#E60000,DV6HD07944,vivo Y31 256GB 5G + Riro Watch W2SE,dv6hd07944,Vivo,smartphone,device_contract,609,,,,,,,,,,in_stock,https://www.vodacom.co.za/shopping/deals,"Vodacom catalogue snapshot fetched on 2026-08-06; confirm partner pricing, stock, and terms before fulfilment.",2026-08-06T00:00:00Z,https://www.vodacom.co.za/shopping/deals,true,false,https://shop.vodacom.co.za/media/catalog/product/placeholder/stores/8/No_image.png,RED Core 3GB 100min ,both,"{""package"":""RED Core 3GB 100min "",""tariff"":406,""device_installment"":203,""source_sku"":""100024097"",""gallery"":[{""url"":""https://shop.vodacom.co.za/media/catalog/product/placeholder/stores/8/No_image.png"",""label"":""vivo Y31 256GB 5G + Riro Watch W2SE""},{""url"":""https://shop.vodacom.co.za/media/catalog/product/placeholder/stores/8/No_image_1.png"",""label"":""vivo Y31 256GB 5G + Riro Watch W2SE""}],""storage_options"":[""256GB""]}"
vodacom:DV6HD02665,vodacom,Vodacom,#E60000,DV6HD02665,HUAWEI nova 14 Pro 512GB,dv6hd02665,Huawei,smartphone,device_contract,2529,,,,,,,,,,in_stock,https://www.vodacom.co.za/shopping/deals,"Vodacom catalogue snapshot fetched on 2026-08-06; confirm partner pricing, stock, and terms before fulfilment.",2026-08-06T00:00:00Z,https://www.vodacom.co.za/shopping/deals,true,false,https://shop.vodacom.co.za/media/catalog/product/placeholder/stores/8/No_image.png,RED VIP 200GB,both,"{""package"":""RED VIP 200GB"",""tariff"":2529,""device_installment"":null,""source_sku"":""100023643"",""gallery"":[{""url"":""https://shop.vodacom.co.za/media/catalog/product/placeholder/stores/8/No_image.png"",""label"":""HUAWEI nova 14 Pro 512GB""},{""url"":""https://shop.vodacom.co.za/media/catalog/product/placeholder/stores/8/No_image_1.png"",""label"":""HUAWEI nova 14 Pro 512GB""}],""storage_options"":[""512GB""]}"
vodacom:DV6GD22215,vodacom,Vodacom,#E60000,DV6GD22215,Samsung Galaxy Z Fold8 Ultra 512GB 5G  + Galaxy Buds 4 + Galaxy Watch 9 44mm LTE,dv6gd22215,Samsung,smartphone,device_contract,3098,,,,,,,,,,in_stock,https://www.vodacom.co.za/shopping/deals,"Vodacom catalogue snapshot fetched on 2026-08-06; confirm partner pricing, stock, and terms before fulfilment.",2026-08-06T00:00:00Z,https://www.vodacom.co.za/shopping/deals,true,false,https://shop.vodacom.co.za/media/catalog/product/s/a/samsung_galaxy_z_fold8_ultra_512gb_5g_-_top_2__1.jpg?store=shop&image-type=image,Red Flexi 735,both,"{""package"":""Red Flexi 735"",""tariff"":735,""device_installment"":2363,""source_sku"":""100024507"",""gallery"":[{""url"":""https://shop.vodacom.co.za/media/catalog/product/s/a/samsung_galaxy_z_fold8_ultra_512gb_5g_-_top_2__1.jpg?store=shop&image-type=image"",""label"":""Samsung Galaxy Z Fold8 Ultra 512GB 5G  + Galaxy Buds 4 + Galaxy Watch 9 44mm LTE""},{""url"":""https://shop.vodacom.co.za/media/catalog/product/s/a/samsung_galaxy_z_fold8_ultra_512gb_5g_-_top_2__1.jpg?store=shop&image-type=small_image"",""label"":""Samsung Galaxy Z Fold8 Ultra 512GB 5G  + Galaxy Buds 4 + Galaxy Watch 9 44mm LTE""}],""storage_options"":[""512GB""]}"
vodacom:DV6GD24493,vodacom,Vodacom,#E60000,DV6GD24493,Samsung Galaxy Z Flip8 256GB 5G  + Galaxy Buds 4 + Galaxy Watch 9 44mm LTE,dv6gd24493,Samsung,smartphone,device_contract,1598,,,,,,,,,,in_stock,https://www.vodacom.co.za/shopping/deals,"Vodacom catalogue snapshot fetched on 2026-08-06; confirm partner pricing, stock, and terms before fulfilment.",2026-08-06T00:00:00Z,https://www.vodacom.co.za/shopping/deals,true,false,https://shop.vodacom.co.za/media/catalog/product/s/a/samsung_galaxy_z_flip8_256gb_5g_-_main_1__1.jpg?store=shop&image-type=image,RED Core 12GB 750min ,both,"{""package"":""RED Core 12GB 750min "",""tariff"":1161,""device_installment"":437,""source_sku"":""100024504"",""gallery"":[{""url"":""https://shop.vodacom.co.za/media/catalog/product/s/a/samsung_galaxy_z_flip8_256gb_5g_-_main_1__1.jpg?store=shop&image-type=image"",""label"":""Samsung Galaxy Z Flip8 256GB 5G  + Galaxy Buds 4 + Galaxy Watch 9 44mm LTE""},{""url"":""https://shop.vodacom.co.za/media/catalog/product/s/a/samsung_galaxy_z_flip8_256gb_5g_-_main_1__1.jpg?store=shop&image-type=small_image"",""label"":""Samsung Galaxy Z Flip8 256GB 5G  + Galaxy Buds 4 + Galaxy Watch 9 44mm LTE""}],""storage_options"":[""256GB""]}"
vodacom:DV6HD12099,vodacom,Vodacom,#E60000,DV6HD12099,Apple iPhone 14 128GB 5G (Pre-owned),dv6hd12099,Apple,smartphone,device_contract,449,,,,,,,,,,in_stock,https://www.vodacom.co.za/shopping/deals,"Vodacom catalogue snapshot fetched on 2026-08-06; confirm partner pricing, stock, and terms before fulfilment.",2026-08-06T00:00:00Z,https://www.vodacom.co.za/shopping/deals,true,false,https://shop.vodacom.co.za/media/catalog/product/placeholder/stores/8/No_image.png,Red Flexi 245,both,"{""package"":""Red Flexi 245"",""tariff"":245,""device_installment"":204,""source_sku"":""100022883"",""gallery"":[{""url"":""https://shop.vodacom.co.za/media/catalog/product/placeholder/stores/8/No_image.png"",""label"":""Apple iPhone 14 128GB 5G (Pre-owned)""},{""url"":""https://shop.vodacom.co.za/media/catalog/product/placeholder/stores/8/No_image_1.png"",""label"":""Apple iPhone 14 128GB 5G (Pre-owned)""}],""storage_options"":[""128GB""]}"
vodacom:DV6GD24711,vodacom,Vodacom,#E60000,DV6GD24711,Samsung Galaxy Z Fold8 Ultra 1TB 5G  + FREE Carbon Magnet Case + Galaxy Watch 9 40mm LTE + Samsung 45w Charger  + Galaxy Buds 4,dv6gd24711,Samsung,smartphone,device_contract,2268,,,,,,,,,,in_stock,https://www.vodacom.co.za/shopping/deals,"Vodacom catalogue snapshot fetched on 2026-08-06; confirm partner pricing, stock, and terms before fulfilment.",2026-08-06T00:00:00Z,https://www.vodacom.co.za/shopping/deals,true,false,https://shop.vodacom.co.za/media/catalog/product/s/a/samsung_galaxy_z_fold8_ultra_512gb_5g_-_top_1__1_1.jpg?store=shop&image-type=image,RED Core 6GB 250min ,both,"{""package"":""RED Core 6GB 250min "",""tariff"":730,""device_installment"":1538,""source_sku"":""100024508"",""gallery"":[{""url"":""https://shop.vodacom.co.za/media/catalog/product/s/a/samsung_galaxy_z_fold8_ultra_512gb_5g_-_top_1__1_1.jpg?store=shop&image-type=image"",""label"":""Samsung Galaxy Z Fold8 Ultra 1TB 5G  + FREE Carbon Magnet Case + Galaxy Watch 9 40mm LTE + Samsung 45w Charger  + Galaxy Buds 4""},{""url"":""https://shop.vodacom.co.za/media/catalog/product/s/a/samsung_galaxy_z_fold8_ultra_512gb_5g_-_top_1__1_1.jpg?store=shop&image-type=small_image"",""label"":""Samsung Galaxy Z Fold8 Ultra 1TB 5G  + FREE Carbon Magnet Case + Galaxy Watch 9 40mm LTE + Samsung 45w Charger  + Galaxy Buds 4""}],""storage_options"":[]}"
vodacom:DV6HB00185,vodacom,Vodacom,#E60000,DV6HB00185,Apple iPhone 16 128GB 5G  (Top Up),dv6hb00185,Apple,smartphone,device_contract,1199,,,,,,,,,,in_stock,https://www.vodacom.co.za/shopping/deals,"Vodacom catalogue snapshot fetched on 2026-08-06; confirm partner pricing, stock, and terms before fulfilment.",2026-08-06T00:00:00Z,https://www.vodacom.co.za/shopping/deals,true,false,https://shop.vodacom.co.za/media/catalog/product/placeholder/stores/8/No_image.png,RED Core 12GB 750min Top up ,both,"{""package"":""RED Core 12GB 750min Top up "",""tariff"":1199,""device_installment"":null,""source_sku"":""100022538"",""gallery"":[{""url"":""https://shop.vodacom.co.za/media/catalog/product/placeholder/stores/8/No_image.png"",""label"":""Apple iPhone 16 128GB 5G  (Top Up)""},{""url"":""https://shop.vodacom.co.za/media/catalog/product/placeholder/stores/8/No_image_1.png"",""label"":""Apple iPhone 16 128GB 5G  (Top Up)""}],""storage_options"":[""128GB""]}"
vodacom:DV6GD23372,vodacom,Vodacom,#E60000,DV6GD23372,Samsung Galaxy Z Flip8 256GB 5G  + Samsung 45w Charger  + Galaxy Watch 9 44mm BT + FREE Silicone Magnet Case,dv6gd23372,Samsung,smartphone,device_contract,1668,,,,,,,,,,in_stock,https://www.vodacom.co.za/shopping/deals,"Vodacom catalogue snapshot fetched on 2026-08-06; confirm partner pricing, stock, and terms before fulfilment.",2026-08-06T00:00:00Z,https://www.vodacom.co.za/shopping/deals,true,false,https://shop.vodacom.co.za/media/catalog/product/s/a/samsung_galaxy_z_flip8_256gb_5g_-_main_1__1.jpg?store=shop&image-type=image,RED Flexi 425,both,"{""package"":""RED Flexi 425"",""tariff"":425,""device_installment"":1243,""source_sku"":""100024504"",""gallery"":[{""url"":""https://shop.vodacom.co.za/media/catalog/product/s/a/samsung_galaxy_z_flip8_256gb_5g_-_main_1__1.jpg?store=shop&image-type=image"",""label"":""Samsung Galaxy Z Flip8 256GB 5G  + Samsung 45w Charger  + Galaxy Watch 9 44mm BT + FREE Silicone Magnet Case""},{""url"":""https://shop.vodacom.co.za/media/catalog/product/s/a/samsung_galaxy_z_flip8_256gb_5g_-_main_1__1.jpg?store=shop&image-type=small_image"",""label"":""Samsung Galaxy Z Flip8 256GB 5G  + Samsung 45w Charger  + Galaxy Watch 9 44mm BT + FREE Silicone Magnet Case""}],""storage_options"":[""256GB""]}"
vodacom:DV6HD10157,vodacom,Vodacom,#E60000,DV6HD10157,2x Samsung Galaxy S26 256GB 5G,dv6hd10157,Vodacom,smartphone,device_contract,2119,,,,,,,,,,in_stock,https://www.vodacom.co.za/shopping/deals,"Vodacom catalogue snapshot fetched on 2026-08-06; confirm partner pricing, stock, and terms before fulfilment.",2026-08-06T00:00:00Z,https://www.vodacom.co.za/shopping/deals,true,false,https://shop.vodacom.co.za/media/catalog/product/placeholder/stores/8/No_image.png,RED Flexi 425,both,"{""package"":""RED Flexi 425"",""tariff"":425,""device_installment"":1694,""source_sku"":""100023958"",""gallery"":[{""url"":""https://shop.vodacom.co.za/media/catalog/product/placeholder/stores/8/No_image.png"",""label"":""2x Samsung Galaxy S26 256GB 5G""},{""url"":""https://shop.vodacom.co.za/media/catalog/product/placeholder/stores/8/No_image_1.png"",""label"":""2x Samsung Galaxy S26 256GB 5G""}],""storage_options"":[""256GB""]}"
vodacom:DV6GD23821,vodacom,Vodacom,#E60000,DV6GD23821,Samsung Galaxy Z Fold8 Ultra 512GB 5G  + Samsung 45w Charger  + FREE Carbon Magnet Case + Galaxy Watch 9 40mm LTE,dv6gd23821,Samsung,smartphone,device_contract,3248,,,,,,,,,,in_stock,https://www.vodacom.co.za/shopping/deals,"Vodacom catalogue snapshot fetched on 2026-08-06; confirm partner pricing, stock, and terms before fulfilment.",2026-08-06T00:00:00Z,https://www.vodacom.co.za/shopping/deals,true,false,https://shop.vodacom.co.za/media/catalog/product/s/a/samsung_galaxy_z_fold8_ultra_512gb_5g_-_top_2__1.jpg?store=shop&image-type=image,RED VIP 100GB,both,"{""package"":""RED VIP 100GB"",""tariff"":3115,""device_installment"":133,""source_sku"":""100024507"",""gallery"":[{""url"":""https://shop.vodacom.co.za/media/catalog/product/s/a/samsung_galaxy_z_fold8_ultra_512gb_5g_-_top_2__1.jpg?store=shop&image-type=image"",""label"":""Samsung Galaxy Z Fold8 Ultra 512GB 5G  + Samsung 45w Charger  + FREE Carbon Magnet Case + Galaxy Watch 9 40mm LTE""},{""url"":""https://shop.vodacom.co.za/media/catalog/product/s/a/samsung_galaxy_z_fold8_ultra_512gb_5g_-_top_2__1.jpg?store=shop&image-type=small_image"",""label"":""Samsung Galaxy Z Fold8 Ultra 512GB 5G  + Samsung 45w Charger  + FREE Carbon Magnet Case + Galaxy Watch 9 40mm LTE""}],""storage_options"":[""512GB""]}"
vodacom:DV6HD02741,vodacom,Vodacom,#E60000,DV6HD02741,Samsung Galaxy S26 Ultra 256GB 5G + Galaxy Buds 4 Pro,dv6hd02741,Samsung,smartphone,device_contract,3398,,,,,,,,,,in_stock,https://www.vodacom.co.za/shopping/deals,"Vodacom catalogue snapshot fetched on 2026-08-06; confirm partner pricing, stock, and terms before fulfilment.",2026-08-06T00:00:00Z,https://www.vodacom.co.za/shopping/deals,true,false,https://shop.vodacom.co.za/media/catalog/product/placeholder/stores/8/No_image.png,RED VIP 200GB,both,"{""package"":""RED VIP 200GB"",""tariff"":3398,""device_installment"":null,""source_sku"":""100023964"",""gallery"":[{""url"":""https://shop.vodacom.co.za/media/catalog/product/placeholder/stores/8/No_image.png"",""label"":""Samsung Galaxy S26 Ultra 256GB 5G + Galaxy Buds 4 Pro""},{""url"":""https://shop.vodacom.co.za/media/catalog/product/placeholder/stores/8/No_image_1.png"",""label"":""Samsung Galaxy S26 Ultra 256GB 5G + Galaxy Buds 4 Pro""}],""storage_options"":[""256GB""]}"
vodacom:DV6GD24274,vodacom,Vodacom,#E60000,DV6GD24274,Samsung Galaxy Z Fold8 256GB 5G  + Galaxy Watch 9 40mm LTE,dv6gd24274,Samsung,smartphone,device_contract,2228,,,,,,,,,,in_stock,https://www.vodacom.co.za/shopping/deals,"Vodacom catalogue snapshot fetched on 2026-08-06; confirm partner pricing, stock, and terms before fulfilment.",2026-08-06T00:00:00Z,https://www.vodacom.co.za/shopping/deals,true,false,https://shop.vodacom.co.za/media/catalog/product/s/a/samsung_galaxy_z_fold8_256gb_5g_-_main_1__1.jpg?store=shop&image-type=image,Red Flexi 1110,both,"{""package"":""Red Flexi 1110"",""tariff"":1110,""device_installment"":1118,""source_sku"":""100024509"",""gallery"":[{""url"":""https://shop.vodacom.co.za/media/catalog/product/s/a/samsung_galaxy_z_fold8_256gb_5g_-_main_1__1.jpg?store=shop&image-type=image"",""label"":""Samsung Galaxy Z Fold8 256GB 5G  + Galaxy Watch 9 40mm LTE""},{""url"":""https://shop.vodacom.co.za/media/catalog/product/s/a/samsung_galaxy_z_fold8_256gb_5g_-_main_1__1.jpg?store=shop&image-type=small_image"",""label"":""Samsung Galaxy Z Fold8 256GB 5G  + Galaxy Watch 9 40mm LTE""}],""storage_options"":[""256GB""]}"
vodacom:DV6HD04115,vodacom,Vodacom,#E60000,DV6HD04115,HONOR 400 512GB 5G  (Top Up),dv6hd04115,Honor,smartphone,device_contract,829,,,,,,,,,,in_stock,https://www.vodacom.co.za/shopping/deals,"Vodacom catalogue snapshot fetched on 2026-08-06; confirm partner pricing, stock, and terms before fulfilment.",2026-08-06T00:00:00Z,https://www.vodacom.co.za/shopping/deals,true,false,https://shop.vodacom.co.za/media/catalog/product/placeholder/stores/8/No_image.png,RED Core 6GB 250min Top up ,both,"{""package"":""RED Core 6GB 250min Top up "",""tariff"":794,""device_installment"":35,""source_sku"":""100022865"",""gallery"":[{""url"":""https://shop.vodacom.co.za/media/catalog/product/placeholder/stores/8/No_image.png"",""label"":""HONOR 400 512GB 5G  (Top Up)""},{""url"":""https://shop.vodacom.co.za/media/catalog/product/placeholder/stores/8/No_image_1.png"",""label"":""HONOR 400 512GB 5G  (Top Up)""}],""storage_options"":[""512GB""]}"
vodacom:DV6GD24620,vodacom,Vodacom,#E60000,DV6GD24620,Samsung Galaxy Z Fold8 256GB 5G  + Samsung 45w Charger  + FREE Wide Carbon Magnet Case + Galaxy Watch 9 44mm LTE,dv6gd24620,Samsung,smartphone,device_contract,1698,,,,,,,,,,in_stock,https://www.vodacom.co.za/shopping/deals,"Vodacom catalogue snapshot fetched on 2026-08-06; confirm partner pricing, stock, and terms before fulfilment.",2026-08-06T00:00:00Z,https://www.vodacom.co.za/shopping/deals,true,false,https://shop.vodacom.co.za/media/catalog/product/1/0/104081473_front_back_2.png?store=shop&image-type=image,RED 4GB 250min,both,"{""package"":""RED 4GB 250min"",""tariff"":621,""device_installment"":1077,""source_sku"":""100024509"",""gallery"":[{""url"":""https://shop.vodacom.co.za/media/catalog/product/1/0/104081473_front_back_2.png?store=shop&image-type=image"",""label"":""Samsung Galaxy Z Fold8 256GB 5G  + Samsung 45w Charger  + FREE Wide Carbon Magnet Case + Galaxy Watch 9 44mm LTE""},{""url"":""https://shop.vodacom.co.za/media/catalog/product/1/0/104081473_front_back_2.png?store=shop&image-type=small_image"",""label"":""Samsung Galaxy Z Fold8 256GB 5G  + Samsung 45w Charger  + FREE Wide Carbon Magnet Case + Galaxy Watch 9 44mm LTE""}],""storage_options"":[""256GB""]}"
vodacom:DV6HD09400,vodacom,Vodacom,#E60000,DV6HD09400,2x Samsung Galaxy A37 256GB 5G,dv6hd09400,Vodacom,smartphone,device_contract,1399,,,,,,,,,,in_stock,https://www.vodacom.co.za/shopping/deals,"Vodacom catalogue snapshot fetched on 2026-08-06; confirm partner pricing, stock, and terms before fulfilment.",2026-08-06T00:00:00Z,https://www.vodacom.co.za/shopping/deals,true,false,https://shop.vodacom.co.za/media/catalog/product/placeholder/stores/8/No_image.png,RED Core 12GB 750min ,both,"{""package"":""RED Core 12GB 750min "",""tariff"":1161,""device_installment"":238,""source_sku"":""100024075"",""gallery"":[{""url"":""https://shop.vodacom.co.za/media/catalog/product/placeholder/stores/8/No_image.png"",""label"":""2x Samsung Galaxy A37 256GB 5G""},{""url"":""https://shop.vodacom.co.za/media/catalog/product/placeholder/stores/8/No_image_1.png"",""label"":""2x Samsung Galaxy A37 256GB 5G""}],""storage_options"":[""256GB""]}"
vodacom:DV6HD21999,vodacom,Vodacom,#E60000,DV6HD21999,Apple iPhone 17 Pro Max 1TB 5G,dv6hd21999,Apple,smartphone,device_contract,1749,,,,,,,,,,in_stock,https://www.vodacom.co.za/shopping/deals,"Vodacom catalogue snapshot fetched on 2026-08-06; confirm partner pricing, stock, and terms before fulfilment.",2026-08-06T00:00:00Z,https://www.vodacom.co.za/shopping/deals,true,false,https://shop.vodacom.co.za/media/catalog/product/placeholder/stores/8/No_image.png,RED Core 12GB 750min ,both,"{""package"":""RED Core 12GB 750min "",""tariff"":1161,""device_installment"":588,""source_sku"":""100023766"",""gallery"":[{""url"":""https://shop.vodacom.co.za/media/catalog/product/placeholder/stores/8/No_image.png"",""label"":""Apple iPhone 17 Pro Max 1TB 5G""},{""url"":""https://shop.vodacom.co.za/media/catalog/product/placeholder/stores/8/No_image_1.png"",""label"":""Apple iPhone 17 Pro Max 1TB 5G""}],""storage_options"":[]}"
vodacom:DV6HD06205,vodacom,Vodacom,#E60000,DV6HD06205,HONOR X7e 128GB + Watch 2i + Buds X8i  (Top Up),dv6hd06205,Honor,smartphone,device_contract,549,,,,,,,,,,in_stock,https://www.vodacom.co.za/shopping/deals,"Vodacom catalogue snapshot fetched on 2026-08-06; confirm partner pricing, stock, and terms before fulfilment.",2026-08-06T00:00:00Z,https://www.vodacom.co.za/shopping/deals,true,false,https://shop.vodacom.co.za/media/catalog/product/placeholder/stores/8/No_image.png,RED Core 3GB 100min Top up ,both,"{""package"":""RED Core 3GB 100min Top up "",""tariff"":443,""device_installment"":106,""source_sku"":""100024272"",""gallery"":[{""url"":""https://shop.vodacom.co.za/media/catalog/product/placeholder/stores/8/No_image.png"",""label"":""HONOR X7e 128GB + Watch 2i + Buds X8i  (Top Up)""},{""url"":""https://shop.vodacom.co.za/media/catalog/product/placeholder/stores/8/No_image_1.png"",""label"":""HONOR X7e 128GB + Watch 2i + Buds X8i  (Top Up)""}],""storage_options"":[""128GB""]}"
vodacom:DV6HD04139,vodacom,Vodacom,#E60000,DV6HD04139,HP Victus Ryzen 7 16GB/512GB Gaming Laptop + HUAWEI E5783-230A CAT7 Mi-Fi Router  (Top Up),dv6hd04139,HP,laptop,device_contract,1919,,,,,,,,,,in_stock,https://www.vodacom.co.za/shopping/deals,"Vodacom catalogue snapshot fetched on 2026-08-06; confirm partner pricing, stock, and terms before fulfilment.",2026-08-06T00:00:00Z,https://www.vodacom.co.za/shopping/deals,true,false,https://shop.vodacom.co.za/media/catalog/product/placeholder/stores/8/No_image.png,400GB Data Top up,both,"{""package"":""400GB Data Top up"",""tariff"":399,""device_installment"":1520,""source_sku"":""100021059"",""gallery"":[{""url"":""https://shop.vodacom.co.za/media/catalog/product/placeholder/stores/8/No_image.png"",""label"":""HP Victus Ryzen 7 16GB/512GB Gaming Laptop + HUAWEI E5783-230A CAT7 Mi-Fi Router  (Top Up)""},{""url"":""https://shop.vodacom.co.za/media/catalog/product/placeholder/stores/8/No_image_1.png"",""label"":""HP Victus Ryzen 7 16GB/512GB Gaming Laptop + HUAWEI E5783-230A CAT7 Mi-Fi Router  (Top Up)""}],""storage_options"":[""512GB""]}"
vodacom:DV6HD19302,vodacom,Vodacom,#E60000,DV6HD19302,2x HONOR X9d 256GB 5G,dv6hd19302,Vodacom,smartphone,device_contract,949,,,,,,,,,,in_stock,https://www.vodacom.co.za/shopping/deals,"Vodacom catalogue snapshot fetched on 2026-08-06; confirm partner pricing, stock, and terms before fulfilment.",2026-08-06T00:00:00Z,https://www.vodacom.co.za/shopping/deals,true,false,https://shop.vodacom.co.za/media/catalog/product/placeholder/stores/8/No_image.png,Red Flexi 320,both,"{""package"":""Red Flexi 320"",""tariff"":320,""device_installment"":629,""source_sku"":""100023726"",""gallery"":[{""url"":""https://shop.vodacom.co.za/media/catalog/product/placeholder/stores/8/No_image.png"",""label"":""2x HONOR X9d 256GB 5G""},{""url"":""https://shop.vodacom.co.za/media/catalog/product/placeholder/stores/8/No_image_1.png"",""label"":""2x HONOR X9d 256GB 5G""}],""storage_options"":[""256GB""]}"
vodacom:DV6HD07198,vodacom,Vodacom,#E60000,DV6HD07198,HUAWEI Pura 90s Pro Max 512GB  (Top Up),dv6hd07198,Huawei,smartphone,device_contract,1799,,,,,,,,,,in_stock,https://www.vodacom.co.za/shopping/deals,"Vodacom catalogue snapshot fetched on 2026-08-06; confirm partner pricing, stock, and terms before fulfilment.",2026-08-06T00:00:00Z,https://www.vodacom.co.za/shopping/deals,true,false,https://shop.vodacom.co.za/media/catalog/product/placeholder/stores/8/No_image.png,RED Core 12GB 750min Top up ,both,"{""package"":""RED Core 12GB 750min Top up "",""tariff"":1226,""device_installment"":573,""source_sku"":""100024693"",""gallery"":[{""url"":""https://shop.vodacom.co.za/media/catalog/product/placeholder/stores/8/No_image.png"",""label"":""HUAWEI Pura 90s Pro Max 512GB  (Top Up)""},{""url"":""https://shop.vodacom.co.za/media/catalog/product/placeholder/stores/8/No_image_1.png"",""label"":""HUAWEI Pura 90s Pro Max 512GB  (Top Up)""}],""storage_options"":[""512GB""]}"
vodacom:DV6HD03702,vodacom,Vodacom,#E60000,DV6HD03702,Samsung Galaxy S26+ 256GB 5G,dv6hd03702,Samsung,smartphone,device_contract,1529,,,,,,,,,,in_stock,https://www.vodacom.co.za/shopping/deals,"Vodacom catalogue snapshot fetched on 2026-08-06; confirm partner pricing, stock, and terms before fulfilment.",2026-08-06T00:00:00Z,https://www.vodacom.co.za/shopping/deals,true,false,https://shop.vodacom.co.za/media/catalog/product/placeholder/stores/8/No_image.png,RED Core 6GB 250min ,both,"{""package"":""RED Core 6GB 250min "",""tariff"":730,""device_installment"":799,""source_sku"":""100023962"",""gallery"":[{""url"":""https://shop.vodacom.co.za/media/catalog/product/placeholder/stores/8/No_image.png"",""label"":""Samsung Galaxy S26+ 256GB 5G""},{""url"":""https://shop.vodacom.co.za/media/catalog/product/placeholder/stores/8/No_image_1.png"",""label"":""Samsung Galaxy S26+ 256GB 5G""}],""storage_options"":[""256GB""]}"
vodacom:DV6HD07953,vodacom,Vodacom,#E60000,DV6HD07953,Motorola Edge 70 512GB 5G with Moto Buds Swarovski,dv6hd07953,Motorola,smartphone,device_contract,819,,,,,,,,,,in_stock,https://www.vodacom.co.za/shopping/deals,"Vodacom catalogue snapshot fetched on 2026-08-06; confirm partner pricing, stock, and terms before fulfilment.",2026-08-06T00:00:00Z,https://www.vodacom.co.za/shopping/deals,true,false,https://shop.vodacom.co.za/media/catalog/product/placeholder/stores/8/No_image.png,RED Core 3GB 100min ,both,"{""package"":""RED Core 3GB 100min "",""tariff"":406,""device_installment"":413,""source_sku"":""100024412"",""gallery"":[{""url"":""https://shop.vodacom.co.za/media/catalog/product/placeholder/stores/8/No_image.png"",""label"":""Motorola Edge 70 512GB 5G with Moto Buds Swarovski""},{""url"":""https://shop.vodacom.co.za/media/catalog/product/placeholder/stores/8/No_image_1.png"",""label"":""Motorola Edge 70 512GB 5G with Moto Buds Swarovski""}],""storage_options"":[""512GB""]}"
vodacom:DV6HD14586,vodacom,Vodacom,#E60000,DV6HD14586,Samsung Galaxy S26+ 256GB 5G + Galaxy Watch8 LTE 44mm,dv6hd14586,Samsung,smartphone,device_contract,1458,,,,,,,,,,in_stock,https://www.vodacom.co.za/shopping/deals,"Vodacom catalogue snapshot fetched on 2026-08-06; confirm partner pricing, stock, and terms before fulfilment.",2026-08-06T00:00:00Z,https://www.vodacom.co.za/shopping/deals,true,false,https://shop.vodacom.co.za/media/catalog/product/placeholder/stores/8/No_image.png,Red Flexi 735,both,"{""package"":""Red Flexi 735"",""tariff"":735,""device_installment"":723,""source_sku"":""100023962"",""gallery"":[{""url"":""https://shop.vodacom.co.za/media/catalog/product/placeholder/stores/8/No_image.png"",""label"":""Samsung Galaxy S26+ 256GB 5G + Galaxy Watch8 LTE 44mm""},{""url"":""https://shop.vodacom.co.za/media/catalog/product/placeholder/stores/8/No_image_1.png"",""label"":""Samsung Galaxy S26+ 256GB 5G + Galaxy Watch8 LTE 44mm""}],""storage_options"":[""256GB""]}"
vodacom:DV6HD16837,vodacom,Vodacom,#E60000,DV6HD16837,HONOR 400 Pro 512GB 5G,dv6hd16837,Honor,smartphone,device_contract,449,,,,,,,,,,in_stock,https://www.vodacom.co.za/shopping/deals,"Vodacom catalogue snapshot fetched on 2026-08-06; confirm partner pricing, stock, and terms before fulfilment.",2026-08-06T00:00:00Z,https://www.vodacom.co.za/shopping/deals,true,false,https://shop.vodacom.co.za/media/catalog/product/placeholder/stores/8/No_image.png,RED Core 1GB 50min ,both,"{""package"":""RED Core 1GB 50min "",""tariff"":276,""device_installment"":173,""source_sku"":""100022864"",""gallery"":[{""url"":""https://shop.vodacom.co.za/media/catalog/product/placeholder/stores/8/No_image.png"",""label"":""HONOR 400 Pro 512GB 5G""},{""url"":""https://shop.vodacom.co.za/media/catalog/product/placeholder/stores/8/No_image_1.png"",""label"":""HONOR 400 Pro 512GB 5G""}],""storage_options"":[""512GB""]}"
vodacom:DV6HD20031,vodacom,Vodacom,#E60000,DV6HD20031,2x Samsung Galaxy A27 128GB 5G   (Top Up),dv6hd20031,Vodacom,smartphone,device_contract,749,,,,,,,,,,in_stock,https://www.vodacom.co.za/shopping/deals,"Vodacom catalogue snapshot fetched on 2026-08-06; confirm partner pricing, stock, and terms before fulfilment.",2026-08-06T00:00:00Z,https://www.vodacom.co.za/shopping/deals,true,false,https://shop.vodacom.co.za/media/catalog/product/placeholder/stores/8/No_image.png,RED Core 3GB 100min Top up ,both,"{""package"":""RED Core 3GB 100min Top up "",""tariff"":443,""device_installment"":306,""source_sku"":""100024159"",""gallery"":[{""url"":""https://shop.vodacom.co.za/media/catalog/product/placeholder/stores/8/No_image.png"",""label"":""2x Samsung Galaxy A27 128GB 5G   (Top Up)""},{""url"":""https://shop.vodacom.co.za/media/catalog/product/placeholder/stores/8/No_image_1.png"",""label"":""2x Samsung Galaxy A27 128GB 5G   (Top Up)""}],""storage_options"":[""128GB""]}"
vodacom:DV6HD03629,vodacom,Vodacom,#E60000,DV6HD03629,Samsung Galaxy S26 Ultra 1TB 5G + Galaxy Watch8 LTE 44mm,dv6hd03629,Samsung,smartphone,device_contract,2368,,,,,,,,,,in_stock,https://www.vodacom.co.za/shopping/deals,"Vodacom catalogue snapshot fetched on 2026-08-06; confirm partner pricing, stock, and terms before fulfilment.",2026-08-06T00:00:00Z,https://www.vodacom.co.za/shopping/deals,true,false,https://shop.vodacom.co.za/media/catalog/product/placeholder/stores/8/No_image.png,Red Flexi 545,both,"{""package"":""Red Flexi 545"",""tariff"":545,""device_installment"":1823,""source_sku"":""100023968"",""gallery"":[{""url"":""https://shop.vodacom.co.za/media/catalog/product/placeholder/stores/8/No_image.png"",""label"":""Samsung Galaxy S26 Ultra 1TB 5G + Galaxy Watch8 LTE 44mm""},{""url"":""https://shop.vodacom.co.za/media/catalog/product/placeholder/stores/8/No_image_1.png"",""label"":""Samsung Galaxy S26 Ultra 1TB 5G + Galaxy Watch8 LTE 44mm""}],""storage_options"":[]}"
vodacom:DV6HD18787,vodacom,Vodacom,#E60000,DV6HD18787,2x HONOR 600 Pro 512GB 5G + 2x CHOICE Earbuds Clip,dv6hd18787,Vodacom,smartphone,device_contract,2649,,,,,,,,,,in_stock,https://www.vodacom.co.za/shopping/deals,"Vodacom catalogue snapshot fetched on 2026-08-06; confirm partner pricing, stock, and terms before fulfilment.",2026-08-06T00:00:00Z,https://www.vodacom.co.za/shopping/deals,true,false,https://shop.vodacom.co.za/media/catalog/product/placeholder/stores/8/No_image.png,RED VIP 50GB,both,"{""package"":""RED VIP 50GB"",""tariff"":2435,""device_installment"":214,""source_sku"":""100024019"",""gallery"":[{""url"":""https://shop.vodacom.co.za/media/catalog/product/placeholder/stores/8/No_image.png"",""label"":""2x HONOR 600 Pro 512GB 5G + 2x CHOICE Earbuds Clip""},{""url"":""https://shop.vodacom.co.za/media/catalog/product/placeholder/stores/8/No_image_1.png"",""label"":""2x HONOR 600 Pro 512GB 5G + 2x CHOICE Earbuds Clip""}],""storage_options"":[""512GB""]}"
vodacom:DV6HD05958,vodacom,Vodacom,#E60000,DV6HD05958,OPPO A6 Pro 256GB 5G,dv6hd05958,Oppo,smartphone,device_contract,869,,,,,,,,,,in_stock,https://www.vodacom.co.za/shopping/deals,"Vodacom catalogue snapshot fetched on 2026-08-06; confirm partner pricing, stock, and terms before fulfilment.",2026-08-06T00:00:00Z,https://www.vodacom.co.za/shopping/deals,true,false,https://shop.vodacom.co.za/media/catalog/product/placeholder/stores/8/No_image.png,RED Flexi 425,both,"{""package"":""RED Flexi 425"",""tariff"":425,""device_installment"":444,""source_sku"":""100023429"",""gallery"":[{""url"":""https://shop.vodacom.co.za/media/catalog/product/placeholder/stores/8/No_image.png"",""label"":""OPPO A6 Pro 256GB 5G""},{""url"":""https://shop.vodacom.co.za/media/catalog/product/placeholder/stores/8/No_image_1.png"",""label"":""OPPO A6 Pro 256GB 5G""}],""storage_options"":[""256GB""]}"
vodacom:DV6HD07287,vodacom,Vodacom,#E60000,DV6HD07287,Apple iPhone 17e 256GB,dv6hd07287,Apple,smartphone,device_contract,799,,,,,,,,,,in_stock,https://www.vodacom.co.za/shopping/deals,"Vodacom catalogue snapshot fetched on 2026-08-06; confirm partner pricing, stock, and terms before fulfilment.",2026-08-06T00:00:00Z,https://www.vodacom.co.za/shopping/deals,true,false,https://shop.vodacom.co.za/media/catalog/product/placeholder/stores/8/No_image.png,RED Core 1GB 50min ,both,"{""package"":""RED Core 1GB 50min "",""tariff"":276,""device_installment"":523,""source_sku"":""100024340"",""gallery"":[{""url"":""https://shop.vodacom.co.za/media/catalog/product/placeholder/stores/8/No_image.png"",""label"":""Apple iPhone 17e 256GB""},{""url"":""https://shop.vodacom.co.za/media/catalog/product/placeholder/stores/8/No_image_1.png"",""label"":""Apple iPhone 17e 256GB""}],""storage_options"":[""256GB""]}"
vodacom:DV6HD11278,vodacom,Vodacom,#E60000,DV6HD11278,Samsung Galaxy S26 Ultra 512GB 5G + Galaxy Watch8 LTE 44mm,dv6hd11278,Samsung,smartphone,device_contract,2028,,,,,,,,,,in_stock,https://www.vodacom.co.za/shopping/deals,"Vodacom catalogue snapshot fetched on 2026-08-06; confirm partner pricing, stock, and terms before fulfilment.",2026-08-06T00:00:00Z,https://www.vodacom.co.za/shopping/deals,true,false,https://shop.vodacom.co.za/media/catalog/product/placeholder/stores/8/No_image.png,Red Flexi 1110,both,"{""package"":""Red Flexi 1110"",""tariff"":1110,""device_installment"":918,""source_sku"":""100023966"",""gallery"":[{""url"":""https://shop.vodacom.co.za/media/catalog/product/placeholder/stores/8/No_image.png"",""label"":""Samsung Galaxy S26 Ultra 512GB 5G + Galaxy Watch8 LTE 44mm""},{""url"":""https://shop.vodacom.co.za/media/catalog/product/placeholder/stores/8/No_image_1.png"",""label"":""Samsung Galaxy S26 Ultra 512GB 5G + Galaxy Watch8 LTE 44mm""}],""storage_options"":[""512GB""]}"
vodacom:DV6HD16461,vodacom,Vodacom,#E60000,DV6HD16461,HONOR Magic8 Pro 512GB 5G  (Top Up),dv6hd16461,Honor,smartphone,device_contract,1029,,,,,,,,,,in_stock,https://www.vodacom.co.za/shopping/deals,"Vodacom catalogue snapshot fetched on 2026-08-06; confirm partner pricing, stock, and terms before fulfilment.",2026-08-06T00:00:00Z,https://www.vodacom.co.za/shopping/deals,true,false,https://shop.vodacom.co.za/media/catalog/product/placeholder/stores/8/No_image.png,RED Core 3GB 100min Top up ,both,"{""package"":""RED Core 3GB 100min Top up "",""tariff"":443,""device_installment"":586,""source_sku"":""100024002"",""gallery"":[{""url"":""https://shop.vodacom.co.za/media/catalog/product/placeholder/stores/8/No_image.png"",""label"":""HONOR Magic8 Pro 512GB 5G  (Top Up)""},{""url"":""https://shop.vodacom.co.za/media/catalog/product/placeholder/stores/8/No_image_1.png"",""label"":""HONOR Magic8 Pro 512GB 5G  (Top Up)""}],""storage_options"":[""512GB""]}"
vodacom:DV6HD13671,vodacom,Vodacom,#E60000,DV6HD13671,Samsung Galaxy A07 64GB,dv6hd13671,Samsung,smartphone,device_contract,549,,,,,,,,,,in_stock,https://www.vodacom.co.za/shopping/deals,"Vodacom catalogue snapshot fetched on 2026-08-06; confirm partner pricing, stock, and terms before fulfilment.",2026-08-06T00:00:00Z,https://www.vodacom.co.za/shopping/deals,true,false,https://shop.vodacom.co.za/media/catalog/product/placeholder/stores/8/No_image.png,Red Flexi 545,both,"{""package"":""Red Flexi 545"",""tariff"":545,""device_installment"":4,""source_sku"":""100023713"",""gallery"":[{""url"":""https://shop.vodacom.co.za/media/catalog/product/placeholder/stores/8/No_image.png"",""label"":""Samsung Galaxy A07 64GB""},{""url"":""https://shop.vodacom.co.za/media/catalog/product/placeholder/stores/8/No_image_1.png"",""label"":""Samsung Galaxy A07 64GB""}],""storage_options"":[""64GB""]}"
vodacom:DV6HD21350,vodacom,Vodacom,#E60000,DV6HD21350,2x HUAWEI nova Y74S 8/128GB,dv6hd21350,Vodacom,smartphone,device_contract,619,,,,,,,,,,in_stock,https://www.vodacom.co.za/shopping/deals,"Vodacom catalogue snapshot fetched on 2026-08-06; confirm partner pricing, stock, and terms before fulfilment.",2026-08-06T00:00:00Z,https://www.vodacom.co.za/shopping/deals,true,false,https://shop.vodacom.co.za/media/catalog/product/placeholder/stores/8/No_image.png,RED Core 3GB 100min ,both,"{""package"":""RED Core 3GB 100min "",""tariff"":406,""device_installment"":213,""source_sku"":""100024397"",""gallery"":[{""url"":""https://shop.vodacom.co.za/media/catalog/product/placeholder/stores/8/No_image.png"",""label"":""2x HUAWEI nova Y74S 8/128GB""},{""url"":""https://shop.vodacom.co.za/media/catalog/product/placeholder/stores/8/No_image_1.png"",""label"":""2x HUAWEI nova Y74S 8/128GB""}],""storage_options"":[""128GB""]}"
vodacom:DV6HD22635,vodacom,Vodacom,#E60000,DV6HD22635,vivo V70 512GB 5G,dv6hd22635,Vivo,smartphone,device_contract,1109,,,,,,,,,,in_stock,https://www.vodacom.co.za/shopping/deals,"Vodacom catalogue snapshot fetched on 2026-08-06; confirm partner pricing, stock, and terms before fulfilment.",2026-08-06T00:00:00Z,https://www.vodacom.co.za/shopping/deals,true,false,https://shop.vodacom.co.za/media/catalog/product/placeholder/stores/8/No_image.png,Red Flexi 735,both,"{""package"":""Red Flexi 735"",""tariff"":735,""device_installment"":374,""source_sku"":""100024295"",""gallery"":[{""url"":""https://shop.vodacom.co.za/media/catalog/product/placeholder/stores/8/No_image.png"",""label"":""vivo V70 512GB 5G""},{""url"":""https://shop.vodacom.co.za/media/catalog/product/placeholder/stores/8/No_image_1.png"",""label"":""vivo V70 512GB 5G""}],""storage_options"":[""512GB""]}"
vodacom:DV6HD03346,vodacom,Vodacom,#E60000,DV6HD03346,Redmi Note 15 Pro+ 256GB 5G,dv6hd03346,Redmi,smartphone,device_contract,779,,,,,,,,,,in_stock,https://www.vodacom.co.za/shopping/deals,"Vodacom catalogue snapshot fetched on 2026-08-06; confirm partner pricing, stock, and terms before fulfilment.",2026-08-06T00:00:00Z,https://www.vodacom.co.za/shopping/deals,true,false,https://shop.vodacom.co.za/media/catalog/product/placeholder/stores/8/No_image.png,Red Flexi 320,both,"{""package"":""Red Flexi 320"",""tariff"":320,""device_installment"":459,""source_sku"":""100024103"",""gallery"":[{""url"":""https://shop.vodacom.co.za/media/catalog/product/placeholder/stores/8/No_image.png"",""label"":""Redmi Note 15 Pro+ 256GB 5G""},{""url"":""https://shop.vodacom.co.za/media/catalog/product/placeholder/stores/8/No_image_1.png"",""label"":""Redmi Note 15 Pro+ 256GB 5G""}],""storage_options"":[""256GB""]}"
vodacom:DV6GD25252,vodacom,Vodacom,#E60000,DV6GD25252,Samsung Galaxy Z Fold8 256GB 5G,dv6gd25252,Samsung,smartphone,device_contract,2699,,,,,,,,,,in_stock,https://www.vodacom.co.za/shopping/deals,"Vodacom catalogue snapshot fetched on 2026-08-06; confirm partner pricing, stock, and terms before fulfilment.",2026-08-06T00:00:00Z,https://www.vodacom.co.za/shopping/deals,true,false,https://shop.vodacom.co.za/media/catalog/product/s/a/samsung_galaxy_z_fold8_256gb_5g_-_main_1__1.jpg?store=shop&image-type=image,RED VIP 100GB,both,"{""package"":""RED VIP 100GB"",""tariff"":2699,""device_installment"":null,""source_sku"":""100024509"",""gallery"":[{""url"":""https://shop.vodacom.co.za/media/catalog/product/s/a/samsung_galaxy_z_fold8_256gb_5g_-_main_1__1.jpg?store=shop&image-type=image"",""label"":""Samsung Galaxy Z Fold8 256GB 5G ""},{""url"":""https://shop.vodacom.co.za/media/catalog/product/s/a/samsung_galaxy_z_fold8_256gb_5g_-_main_1__1.jpg?store=shop&image-type=small_image"",""label"":""Samsung Galaxy Z Fold8 256GB 5G""}],""storage_options"":[""256GB""]}"
vodacom:DV6HD21552,vodacom,Vodacom,#E60000,DV6HD21552,vivo V60 Lite 256GB 5G,dv6hd21552,Vivo,smartphone,device_contract,479,,,,,,,,,,in_stock,https://www.vodacom.co.za/shopping/deals,"Vodacom catalogue snapshot fetched on 2026-08-06; confirm partner pricing, stock, and terms before fulfilment.",2026-08-06T00:00:00Z,https://www.vodacom.co.za/shopping/deals,true,false,https://shop.vodacom.co.za/media/catalog/product/placeholder/stores/8/No_image.png,Red Flexi 245,both,"{""package"":""Red Flexi 245"",""tariff"":245,""device_installment"":234,""source_sku"":""100023309"",""gallery"":[{""url"":""https://shop.vodacom.co.za/media/catalog/product/placeholder/stores/8/No_image.png"",""label"":""vivo V60 Lite 256GB 5G""},{""url"":""https://shop.vodacom.co.za/media/catalog/product/placeholder/stores/8/No_image_1.png"",""label"":""vivo V60 Lite 256GB 5G""}],""storage_options"":[""256GB""]}"
vodacom:DV6GD24675,vodacom,Vodacom,#E60000,DV6GD24675,Samsung Galaxy Z Fold8 256GB 5G,dv6gd24675,Samsung,smartphone,device_contract,1669,,,,,,,,,,in_stock,https://www.vodacom.co.za/shopping/deals,"Vodacom catalogue snapshot fetched on 2026-08-06; confirm partner pricing, stock, and terms before fulfilment.",2026-08-06T00:00:00Z,https://www.vodacom.co.za/shopping/deals,true,false,https://shop.vodacom.co.za/media/catalog/product/s/a/samsung_galaxy_z_fold8_256gb_5g_-_main_1__1.jpg?store=shop&image-type=image,Red Flexi 545,both,"{""package"":""Red Flexi 545"",""tariff"":545,""device_installment"":1124,""source_sku"":""100024509"",""gallery"":[{""url"":""https://shop.vodacom.co.za/media/catalog/product/s/a/samsung_galaxy_z_fold8_256gb_5g_-_main_1__1.jpg?store=shop&image-type=image"",""label"":""Samsung Galaxy Z Fold8 256GB 5G ""},{""url"":""https://shop.vodacom.co.za/media/catalog/product/s/a/samsung_galaxy_z_fold8_256gb_5g_-_main_1__1.jpg?store=shop&image-type=small_image"",""label"":""Samsung Galaxy Z Fold8 256GB 5G""}],""storage_options"":[""256GB""]}"
vodacom:DV6HD08358,vodacom,Vodacom,#E60000,DV6HD08358,HUAWEI nova 14 256GB  (Top Up),dv6hd08358,Huawei,smartphone,device_contract,509,,,,,,,,,,in_stock,https://www.vodacom.co.za/shopping/deals,"Vodacom catalogue snapshot fetched on 2026-08-06; confirm partner pricing, stock, and terms before fulfilment.",2026-08-06T00:00:00Z,https://www.vodacom.co.za/shopping/deals,true,false,https://shop.vodacom.co.za/media/catalog/product/placeholder/stores/8/No_image.png,RED Core 1GB 50min Top up,both,"{""package"":""RED Core 1GB 50min Top up"",""tariff"":292,""device_installment"":217,""source_sku"":""100023651"",""gallery"":[{""url"":""https://shop.vodacom.co.za/media/catalog/product/placeholder/stores/8/No_image.png"",""label"":""HUAWEI nova 14 256GB  (Top Up)""},{""url"":""https://shop.vodacom.co.za/media/catalog/product/placeholder/stores/8/No_image_1.png"",""label"":""HUAWEI nova 14 256GB  (Top Up)""}],""storage_options"":[""256GB""]}"
vodacom:DV6HD04679,vodacom,Vodacom,#E60000,DV6HD04679,vivo Y31 256GB 5G  (Top Up),dv6hd04679,Vivo,smartphone,device_contract,839,,,,,,,,,,in_stock,https://www.vodacom.co.za/shopping/deals,"Vodacom catalogue snapshot fetched on 2026-08-06; confirm partner pricing, stock, and terms before fulfilment.",2026-08-06T00:00:00Z,https://www.vodacom.co.za/shopping/deals,true,false,https://shop.vodacom.co.za/media/catalog/product/placeholder/stores/8/No_image.png,RED Core 6GB 250min Top up ,both,"{""package"":""RED Core 6GB 250min Top up "",""tariff"":794,""device_installment"":45,""source_sku"":""100024097"",""gallery"":[{""url"":""https://shop.vodacom.co.za/media/catalog/product/placeholder/stores/8/No_image.png"",""label"":""vivo Y31 256GB 5G  (Top Up)""},{""url"":""https://shop.vodacom.co.za/media/catalog/product/placeholder/stores/8/No_image_1.png"",""label"":""vivo Y31 256GB 5G  (Top Up)""}],""storage_options"":[""256GB""]}"
vodacom:DV6HD17383,vodacom,Vodacom,#E60000,DV6HD17383,Samsung Galaxy S25FE 256GB 5G  (Top Up),dv6hd17383,Samsung,smartphone,device_contract,1129,,,,,,,,,,in_stock,https://www.vodacom.co.za/shopping/deals,"Vodacom catalogue snapshot fetched on 2026-08-06; confirm partner pricing, stock, and terms before fulfilment.",2026-08-06T00:00:00Z,https://www.vodacom.co.za/shopping/deals,true,false,https://shop.vodacom.co.za/media/catalog/product/placeholder/stores/8/No_image.png,RED Core 12GB 750min Top up ,both,"{""package"":""RED Core 12GB 750min Top up "",""tariff"":1129,""device_installment"":null,""source_sku"":""100023373"",""gallery"":[{""url"":""https://shop.vodacom.co.za/media/catalog/product/placeholder/stores/8/No_image.png"",""label"":""Samsung Galaxy S25FE 256GB 5G  (Top Up)""},{""url"":""https://shop.vodacom.co.za/media/catalog/product/placeholder/stores/8/No_image_1.png"",""label"":""Samsung Galaxy S25FE 256GB 5G  (Top Up)""}],""storage_options"":[""256GB""]}"
vodacom:DV6GD24926,vodacom,Vodacom,#E60000,DV6GD24926,Samsung Galaxy Z Fold8 Ultra 1TB 5G  + Samsung 45w Charger  + Galaxy Buds 4 + Galaxy Watch 9 44mm LTE + FREE Carbon Magnet Case (Top Up),dv6gd24926,Samsung,smartphone,device_contract,2518,,,,,,,,,,in_stock,https://www.vodacom.co.za/shopping/deals,"Vodacom catalogue snapshot fetched on 2026-08-06; confirm partner pricing, stock, and terms before fulfilment.",2026-08-06T00:00:00Z,https://www.vodacom.co.za/shopping/deals,true,false,https://shop.vodacom.co.za/media/catalog/product/placeholder/stores/8/No_image.png,RED Core 18GB 250min Top up ,both,"{""package"":""RED Core 18GB 250min Top up "",""tariff"":1226,""device_installment"":1292,""source_sku"":""100024508"",""gallery"":[{""url"":""https://shop.vodacom.co.za/media/catalog/product/placeholder/stores/8/No_image.png"",""label"":""Samsung Galaxy Z Fold8 Ultra 1TB 5G  + Samsung 45w Charger  + Galaxy Buds 4 + Galaxy Watch 9 44mm LTE + FREE Carbon Magnet Case (Top Up)""},{""url"":""https://shop.vodacom.co.za/media/catalog/product/placeholder/stores/8/No_image_1.png"",""label"":""Samsung Galaxy Z Fold8 Ultra 1TB 5G  + Samsung 45w Charger  + Galaxy Buds 4 + Galaxy Watch 9 44mm LTE + FREE Carbon Magnet Case (Top Up)""}],""storage_options"":[]}"
vodacom:DV6GD24505,vodacom,Vodacom,#E60000,DV6GD24505,Samsung Galaxy Z Fold8 256GB 5G  + Galaxy Watch 9 44mm LTE + Galaxy Buds 4 (Top Up),dv6gd24505,Samsung,smartphone,device_contract,1818,,,,,,,,,,in_stock,https://www.vodacom.co.za/shopping/deals,"Vodacom catalogue snapshot fetched on 2026-08-06; confirm partner pricing, stock, and terms before fulfilment.",2026-08-06T00:00:00Z,https://www.vodacom.co.za/shopping/deals,true,false,https://shop.vodacom.co.za/media/catalog/product/1/0/104081473_front_back_2.png?store=shop&image-type=image,RED 4GB 250min Top up,both,"{""package"":""RED 4GB 250min Top up"",""tariff"":659,""device_installment"":1159,""source_sku"":""100024509"",""gallery"":[{""url"":""https://shop.vodacom.co.za/media/catalog/product/1/0/104081473_front_back_2.png?store=shop&image-type=image"",""label"":""Samsung Galaxy Z Fold8 256GB 5G  + Galaxy Watch 9 44mm LTE + Galaxy Buds 4 (Top Up)""},{""url"":""https://shop.vodacom.co.za/media/catalog/product/1/0/104081473_front_back_2.png?store=shop&image-type=small_image"",""label"":""Samsung Galaxy Z Fold8 256GB 5G  + Galaxy Watch 9 44mm LTE + Galaxy Buds 4 (Top Up)""}],""storage_options"":[""256GB""]}"
vodacom:DV6HD14884,vodacom,Vodacom,#E60000,DV6HD14884,Apple iPhone 13 128GB 5G (Pre-Owned)  (Top Up),dv6hd14884,Apple,smartphone,device_contract,729,,,,,,,,,,in_stock,https://www.vodacom.co.za/shopping/deals,"Vodacom catalogue snapshot fetched on 2026-08-06; confirm partner pricing, stock, and terms before fulfilment.",2026-08-06T00:00:00Z,https://www.vodacom.co.za/shopping/deals,true,false,https://shop.vodacom.co.za/media/catalog/product/placeholder/stores/8/No_image.png,RED Core 6GB 250min Top up ,both,"{""package"":""RED Core 6GB 250min Top up "",""tariff"":729,""device_installment"":null,""source_sku"":""100022408"",""gallery"":[{""url"":""https://shop.vodacom.co.za/media/catalog/product/placeholder/stores/8/No_image.png"",""label"":""Apple iPhone 13 128GB 5G (Pre-Owned)  (Top Up)""},{""url"":""https://shop.vodacom.co.za/media/catalog/product/placeholder/stores/8/No_image_1.png"",""label"":""Apple iPhone 13 128GB 5G (Pre-Owned)  (Top Up)""}],""storage_options"":[""128GB""]}"
vodacom:DV6HD00972,vodacom,Vodacom,#E60000,DV6HD00972,Samsung Galaxy S26 Ultra 512GB 5G + Galaxy Buds 4 Pro,dv6hd00972,Samsung,smartphone,device_contract,2528,,,,,,,,,,in_stock,https://www.vodacom.co.za/shopping/deals,"Vodacom catalogue snapshot fetched on 2026-08-06; confirm partner pricing, stock, and terms before fulfilment.",2026-08-06T00:00:00Z,https://www.vodacom.co.za/shopping/deals,true,false,https://shop.vodacom.co.za/media/catalog/product/placeholder/stores/8/No_image.png,Red Flexi 1110,both,"{""package"":""Red Flexi 1110"",""tariff"":1110,""device_installment"":1418,""source_sku"":""100023966"",""gallery"":[{""url"":""https://shop.vodacom.co.za/media/catalog/product/placeholder/stores/8/No_image.png"",""label"":""Samsung Galaxy S26 Ultra 512GB 5G + Galaxy Buds 4 Pro""},{""url"":""https://shop.vodacom.co.za/media/catalog/product/placeholder/stores/8/No_image_1.png"",""label"":""Samsung Galaxy S26 Ultra 512GB 5G + Galaxy Buds 4 Pro""}],""storage_options"":[""512GB""]}"
vodacom:DV6HD04373,vodacom,Vodacom,#E60000,DV6HD04373,Apple iPhone 16 128GB 5G,dv6hd04373,Apple,smartphone,device_contract,1409,,,,,,,,,,in_stock,https://www.vodacom.co.za/shopping/deals,"Vodacom catalogue snapshot fetched on 2026-08-06; confirm partner pricing, stock, and terms before fulfilment.",2026-08-06T00:00:00Z,https://www.vodacom.co.za/shopping/deals,true,false,https://shop.vodacom.co.za/media/catalog/product/placeholder/stores/8/No_image.png,Red Flexi 735,both,"{""package"":""Red Flexi 735"",""tariff"":735,""device_installment"":674,""source_sku"":""100022538"",""gallery"":[{""url"":""https://shop.vodacom.co.za/media/catalog/product/placeholder/stores/8/No_image.png"",""label"":""Apple iPhone 16 128GB 5G""},{""url"":""https://shop.vodacom.co.za/media/catalog/product/placeholder/stores/8/No_image_1.png"",""label"":""Apple iPhone 16 128GB 5G""}],""storage_options"":[""128GB""]}"
vodacom:DV6GD23555,vodacom,Vodacom,#E60000,DV6GD23555,Samsung Galaxy Z Fold8 512GB 5G + FREE Wide Carbon Magnet Case + Galaxy Watch 9 44mm BT + Samsung 45w Charger  (Top Up),dv6gd23555,Samsung,smartphone,device_contract,2698,,,,,,,,,,in_stock,https://www.vodacom.co.za/shopping/deals,"Vodacom catalogue snapshot fetched on 2026-08-06; confirm partner pricing, stock, and terms before fulfilment.",2026-08-06T00:00:00Z,https://www.vodacom.co.za/shopping/deals,true,false,https://shop.vodacom.co.za/media/catalog/product/s/a/samsung_galaxy_z_fold8_512gb_5g_-_main_1__1.jpg?store=shop&image-type=image,RED Core 12GB 750min Top up ,both,"{""package"":""RED Core 12GB 750min Top up "",""tariff"":1226,""device_installment"":1472,""source_sku"":""100024510"",""gallery"":[{""url"":""https://shop.vodacom.co.za/media/catalog/product/s/a/samsung_galaxy_z_fold8_512gb_5g_-_main_1__1.jpg?store=shop&image-type=image"",""label"":""Samsung Galaxy Z Fold8 512GB 5G + FREE Wide Carbon Magnet Case + Galaxy Watch 9 44mm BT + Samsung 45w Charger  (Top Up)""},{""url"":""https://shop.vodacom.co.za/media/catalog/product/s/a/samsung_galaxy_z_fold8_512gb_5g_-_main_1__1.jpg?store=shop&image-type=small_image"",""label"":""Samsung Galaxy Z Fold8 512GB 5G + FREE Wide Carbon Magnet Case + Galaxy Watch 9 44mm BT + Samsung 45w Charger  (Top Up)""}],""storage_options"":[""512GB""]}"
